match_weight,match_probability,source_dataset_l,source_dataset_r,record_id_l,record_id_r,dob_l,dob_r,gamma_dob,first_name_l,first_name_r,gamma_first_name,surname_l,surname_r,gamma_surname,postcode_l,postcode_r,gamma_postcode,match_key
-20.018270801566477,9.416719160683692e-07,hospital_a,hospital_b,A0001,B0522,1989-06-01,1948-05-03,0,Ruth,Julie,0,Griffiths,Griffiths,3,L21 9SB,NN61 0PY,0,0
-20.018270801566477,9.416719160683692e-07,hospital_a,hospital_b,A0002,B0741,1995-10-31,1945-10-14,0,Jason,Damian,0,Fisher,Fisher,3,N9D 0JN,N53 5XN,0,0
-20.018270801566477,9.416719160683692e-07,hospital_a,hospital_b,A0003,B0675,2003-08-29,1980-04-12,0,Vanessa,Gerard,0,Phillips,Phillips,3,BS9X 8JG,S4 0ER,0,0
-20.018270801566477,9.416719160683692e-07,hospital_a,hospital_b,A0004,B0742,1946-10-30,2004-01-16,0,Ntahan,Lisa,0,Harris,Harris,3,M8 8EN,N4W 9UZ,0,0
-20.018270801566477,9.416719160683692e-07,hospital_a,hospital_b,A0005,B0522,1961-10-12,1948-05-03,0,Jack,Julie,0,Griffiths,Griffiths,3,EC0 9DD,NN61 0PY,0,0
-20.018270801566477,9.416719160683692e-07,hospital_a,hospital_b,A0006,B0758,2003-02-04,1981-01-15,0,Mary,Graeme,0,Arnold,Arnold,3,SM3Y6QT,E1 7YU,0,0
-20.018270801566477,9.416719160683692e-07,hospital_a,hospital_b,A0007,B0159,1939-07-31,1977-01-15,0,Steven,Carole,0,Walters,Walters,3,B5 8JL,N38 5WN,0,0
-20.018270801566477,9.416719160683692e-07,hospital_a,hospital_b,A0009,B0397,1982-11-21,1939-12-02,0,Georgina,Malcolm,0,Gibson,Gibson,3,B1U 2SU,G6W 6XX,0,0
22.986540461169,0.9999998796733648,hospital_a,hospital_b,A0010,B0012,2007-12-13,2007-12-13,1,Bethan,Bethan,3,Adnrews,Adnrews,3,W2D 3BY,W2D 3BY,1,0
22.986540461169,0.9999998796733648,hospital_a,hospital_b,A0012,B0013,1990-03-03,1990-03-03,1,Clare,Clare,3,Saunders,Saunders,3,B7 1XH,B7 1XH,1,0
-20.018270801566477,9.416719160683692e-07,hospital_a,hospital_b,A0013,B0832,1994-03-15,2005-09-01,0,Molly,Ryhs,0,Robinson,Robinson,3,B8E2LE,CV2E 1ZN,0,0
-20.018270801566477,9.416719160683692e-07,hospital_a,hospital_b,A0014,B0797,2001-07-31,1991-01-19,0,Wedny,Jennifer,0,Smith,Smith,3,E6 0AP,N26 6LX,0,0
-20.018270801566477,9.416719160683692e-07,hospital_a,hospital_b,A0017,B0676,1983-06-20,1953-07-13,0,Julian,Simon,0,Wilson,Wilson,3,HP41 5WR,E6 3LE,0,0
-20.018270801566477,9.416719160683692e-07,hospital_a,hospital_b,A0018,B0547,1959-02-04,1991-06-28,0,Dylan,Hilary,0,King,King,3,GY8E 6RG,N9C 2HN,0,0
-20.018270801566477,9.416719160683692e-07,hospital_a,hospital_b,A0019,B0842,1984-08-08,1943-04-22,0,Natalie,iGllian,0,Williams,Williams,3,W2S 4WZ,OL5E 3PH,0,0
-20.018270801566477,9.416719160683692e-07,hospital_a,hospital_b,A0020,B0732,1999-12-21,1980-03-25,0,Liam,Edwadr,0,Murphy,Murphy,3,L6H 3FA,W8 9FU,0,0
-20.018270801566477,9.416719160683692e-07,hospital_a,hospital_b,A0021,B0799,2000-06-22,1941-02-15,0,Abdul,Jasmine,0,Goodwin,Goodwin,3,G2 6FH,CW39 0ZB,0,0
-20.018270801566477,9.416719160683692e-07,hospital_a,hospital_b,A0022,B0847,2004-02-08,1978-01-12,0,Jessica,Tom,0,Jones,Jones,3,SY6 8XZ,B30 4LY,0,0
-20.018270801566477,9.416719160683692e-07,hospital_a,hospital_b,A0023,B0832,1974-04-10,2005-09-01,0,Scott,Ryhs,0,Robinson,Robinson,3,PE90 6FT,CV2E 1ZN,0,0
-20.018270801566477,9.416719160683692e-07,hospital_a,hospital_b,A0024,B0553,1960-08-17,1959-06-28,0,Anna,Matthew,0,Gill,Gill,3,SE51 0SU,BD26 8RZ,0,0
-20.018270801566477,9.416719160683692e-07,hospital_a,hospital_b,A0025,B0843,1995-07-25,1984-07-07,0,Pamela,Shaun,0,Hall,Hall,3,M5W 1LT,GU31 9NW,0,0
-20.018270801566477,9.416719160683692e-07,hospital_a,hospital_b,A0026,B0286,1999-07-19,1943-06-25,0,Garry,Angela,0,Cook,Cook,3,WS4V 8HD,ZE02 4AR,0,0
-20.018270801566477,9.416719160683692e-07,hospital_a,hospital_b,A0027,B0742,1964-10-20,2004-01-16,0,Colin,Lisa,0,Harris,Harris,3,M95 8WQ,N4W 9UZ,0,0
-20.018270801566477,9.416719160683692e-07,hospital_a,hospital_b,A0028,B0816,1974-05-27,1992-08-07,0,uGy,Charlie,0,Baldwin,Baldwin,3,DE3H 4YW,EH8 1ZR,0,0
-20.018270801566477,9.416719160683692e-07,hospital_a,hospital_b,A0029,B0482,1975-09-05,2000-10-17,0,Jordan,Albert,0,Simpson,Simpson,3,CO7B 9NU,LN4 2QB,0,0
17.53402081439428,0.9999947309599222,hospital_a,hospital_b,A0030,B0029,1985-05-24,1985-05-24,1,Laim,Liam,2,Mellor,Mellor,3,G94 3EX,G94 3EX,1,0
-20.018270801566477,9.416719160683692e-07,hospital_a,hospital_b,A0032,B0569,1967-05-05,1942-11-06,0,Shirley,Aaron,0,Woodward,Woodward,3,SM46 8XU,TW4W 5JT,0,0
-20.018270801566477,9.416719160683692e-07,hospital_a,hospital_b,A0033,B0620,2008-04-02,1970-12-12,0,Ktae,Yvonne,0,Watson,Watson,3,UB4W 2UW,B45 9QT,0,0
-14.44359436615754,4.487715947894868e-05,hospital_a,hospital_b,A0034,B0764,1997-11-24,1978-05-21,0,Danny,Dawn,1,Davies,Davies,3,KA7 6XB,S88 7RY,0,0
22.986540461169,0.9999998796733648,hospital_a,hospital_b,A0035,B0035,1961-09-10,1961-09-10,1,Alexander,Alexander,3,Kay,Kay,3,RG70 4XF,RG70 4XF,1,0
-20.018270801566477,9.416719160683692e-07,hospital_a,hospital_b,A0036,B0746,1965-01-24,1946-03-05,0,Lynn,Colin,0,Brown,Brown,3,E71 7NW,G9T0DN,0,0
-20.018270801566477,9.416719160683692e-07,hospital_a,hospital_b,A0037,B0409,1955-06-13,2007-11-12,0,Barry,Geoffrey,0,Taylro,Taylro,3,HR84 4NY,S37 8ZG,0,0
-20.018270801566477,9.416719160683692e-07,hospital_a,hospital_b,A0038,B0797,1963-03-29,1991-01-19,0,Amelia,Jennifer,0,Smith,Smith,3,BH57 6FU,N26 6LX,0,0
-20.018270801566477,9.416719160683692e-07,hospital_a,hospital_b,A0039,B0592,1940-09-29,2004-05-21,0,Abbie,Michael,0,Morgan,Morgan,3,HR9 1PX,N5B 1GF,0,0
-20.018270801566477,9.416719160683692e-07,hospital_a,hospital_b,A0041,B0055,1979-10-11,1963-01-14,0,Rnoald,Sharon,0,Jarvis,Jarvis,3,PR37 3TL,DY8V 1RB,0,0
-20.018270801566477,9.416719160683692e-07,hospital_a,hospital_b,A0042,B0695,1992-02-06,1938-05-16,0,Anna,Gregory,0,Taylor,Taylor,3,W4 9QJ,TN35 8GN,0,0
17.53402081439428,0.9999947309599222,hospital_a,hospital_b,A0043,B0043,1988-09-29,1988-09-29,1,Jsohua,Joshua,2,Jackson,Jackson,3,M5 2HF,M5 2HF,1,0
-20.018270801566477,9.416719160683692e-07,hospital_a,hospital_b,A0044,B0795,2005-11-02,1976-09-16,0,Keith,Leha,0,Dale,Dale,3,SR6V 1RA,KA98 6QF,0,0
-20.018270801566477,9.416719160683692e-07,hospital_a,hospital_b,A0045,B0809,2004-08-03,1973-04-16,0,Sandra,Clare,0,Middleton,Middleton,3,NP6W 6EU,M7 0ZF,0,0
2.9866198006579197,0.8879695849880381,hospital_a,hospital_b,A0046,B0047,2001-02-08,2001-02-08,1,Jocye,Joyce,2,Owen,Owen,3,HU0P 3ET,HU0P3ET,0,0
-20.018270801566477,9.416719160683692e-07,hospital_a,hospital_b,A0047,B0623,1951-01-18,1995-09-14,0,Andrea,Trevor,0,Martin,Martin,3,N29 4FF,BS1M 1SQ,0,0
-20.018270801566477,9.416719160683692e-07,hospital_a,hospital_b,A0049,B0326,1966-05-27,1966-10-21,0,Catherine,Harriet,0,Baker,Baker,3,W7 1PZ,WD79 0UR,0,0
-20.018270801566477,9.416719160683692e-07,hospital_a,hospital_b,A0050,B0446,1979-06-25,1979-03-10,0,Billy,Harry,0,Price,Price,3,E8 6TJ,S3K 4AY,0,0
22.986540461169,0.9999998796733648,hospital_a,hospital_b,A0051,B0051,1969-11-26,1969-11-26,1,Carl,Carl,3,Holmes,Holmes,3,E1 1QF,E1 1QF,1,0
-20.018270801566477,9.416719160683692e-07,hospital_a,hospital_b,A0052,B0636,1942-11-05,2001-05-29,0,Grace,Jluian,0,Webster,Webster,3,L2S3EQ,L54 5WS,0,0
22.986540461169,0.9999998796733648,hospital_a,hospital_b,A0053,B0052,1954-10-22,1954-10-22,1,Sylvia,Sylvia,3,Burke,Burke,3,M45 0GF,M45 0GF,1,0
-20.018270801566477,9.416719160683692e-07,hospital_a,hospital_b,A0054,B0636,1958-12-18,2001-05-29,0,Lauren,Jluian,0,Webster,Webster,3,E0C 9BD,L54 5WS,0,0
22.986540461169,0.9999998796733648,hospital_a,hospital_b,A0055,B0055,1963-01-14,1963-01-14,1,Sharon,Sharon,3,Jarvis,Jarvis,3,DY8V 1RB,DY8V 1RB,1,0
-20.018270801566477,9.416719160683692e-07,hospital_a,hospital_b,A0056,B0746,1958-12-28,1946-03-05,0,Carol,Colin,0,Brown,Brown,3,W5B 1JS,G9T0DN,0,0
-20.018270801566477,9.416719160683692e-07,hospital_a,hospital_b,A0057,B0562,1991-12-13,1996-03-10,0,Denise,Maire,0,O'Connor,O'Connor,3,SS2 1FL,L4 6EY,0,0
-20.018270801566477,9.416719160683692e-07,hospital_a,hospital_b,A0058,B0764,1999-09-03,1978-05-21,0,uLcy,Dawn,0,Davies,Davies,3,RH9N 2TD,S88 7RY,0,0
22.986540461169,0.9999998796733648,hospital_a,hospital_b,A0060,B0059,1947-11-18,1947-11-18,1,Graham,Graham,3,Pollard,Pollard,3,W78 5QN,W78 5QN,1,0
-20.018270801566477,9.416719160683692e-07,hospital_a,hospital_b,A0061,B0803,1953-09-05,1937-09-16,0,Josephine,Linda,0,Cooper,Cooper,3,PL2N 9FQ,LU99 0RY,0,0
-20.018270801566477,9.416719160683692e-07,hospital_a,hospital_b,A0062,B0764,1995-10-19,1978-05-21,0,Scott,Dawn,0,Davies,Davies,3,SL8B8QA,S88 7RY,0,0
-20.018270801566477,9.416719160683692e-07,hospital_a,hospital_b,A0063,B0278,1992-10-25,1982-07-24,0,Martin,Sarah,0,Doyle,Doyle,3,B5U 9RF,B7 2TY,0,0
8.439139447432636,0.9971271270496563,hospital_a,hospital_b,A0064,B0063,1992-07-02,1992-07-02,1,Glen,Glen,3,Mitchell,Mitchell,3,L475YT,L47 5YT,0,0
2.9866198006579197,0.8879695849880381,hospital_a,hospital_b,A0065,B0064,1942-10-09,1942-10-09,1,Christine,Christnie,2,Naylor,Naylor,3,E4B4TW,E4B 4TW,0,0
-20.018270801566477,9.416719160683692e-07,hospital_a,hospital_b,A0066,B0761,1946-03-13,1956-03-17,0,oDuglas,Kieran,0,Stevens,Stevens,3,PL8P4JN,W7 3JG,0,0
-14.44359436615754,4.487715947894868e-05,hospital_a,hospital_b,A0067,B0800,1956-07-18,1962-05-12,0,Cameron,Carol,1,Edwards,Edwards,3,N3 2DW,N41 0DF,0,0
-20.018270801566477,9.416719160683692e-07,hospital_a,hospital_b,A0068,B0742,1938-06-25,2004-01-16,0,Alan,Lisa,0,Harris,Harris,3,B54 8UL,N4W 9UZ,0,0
-20.018270801566477,9.416719160683692e-07,hospital_a,hospital_b,A0069,B0459,1963-07-05,2002-06-17,0,Chloe,iNgel,0,Lawrence,Lawrence,3,W75 1SD,M2K 5YF,0,0
-20.018270801566477,9.416719160683692e-07,hospital_a,hospital_b,A0070,B0800,1947-06-13,1962-05-12,0,Mandy,Carol,0,Edwards,Edwards,3,HS70 9SL,N41 0DF,0,0
-20.018270801566477,9.416719160683692e-07,hospital_a,hospital_b,A0072,B0270,1948-11-11,2008-01-08,0,Geoffrey,lAex,0,Payne,Payne,3,S8B 4TH,W61 7XT,0,0
-20.018270801566477,9.416719160683692e-07,hospital_a,hospital_b,A0073,B0592,2007-04-22,2004-05-21,0,Jill,Michael,0,Morgan,Morgan,3,HS1V 4GG,N5B 1GF,0,0
-20.018270801566477,9.416719160683692e-07,hospital_a,hospital_b,A0074,B0845,1969-05-27,1954-12-19,0,Anrdea,Eirc,0,Allen,Allen,3,G9B4RU,EX08 2JB,0,0
-20.018270801566477,9.416719160683692e-07,hospital_a,hospital_b,A0075,B0813,1995-10-21,2002-12-05,0,eLigh,Paula,0,Clarke,Clarke,3,G2G 1WF,G20 1LL,0,0
-20.018270801566477,9.416719160683692e-07,hospital_a,hospital_b,A0076,B0266,1955-04-26,1954-08-09,0,Heather,Garry,0,Andrews,Andrews,3,GU9V 8GY,BR73 2UE,0,0
-20.018270801566477,9.416719160683692e-07,hospital_a,hospital_b,A0077,B0242,1981-12-06,1948-04-17,0,Alexandra,Raymond,0,Fletcher,Fletcher,3,WV84 7JR,GL9X 7YQ,0,0
-20.018270801566477,9.416719160683692e-07,hospital_a,hospital_b,A0078,B0636,1987-09-22,2001-05-29,0,Gareth,Jluian,0,Webster,Webster,3,WN5P 5WX,L54 5WS,0,0
-20.018270801566477,9.416719160683692e-07,hospital_a,hospital_b,A0080,B0785,1972-02-04,2001-05-07,0,Gerard,Colni,0,Ford,Ford,3,M9S 2ER,IG41 3NA,0,0
-20.018270801566477,9.416719160683692e-07,hospital_a,hospital_b,A0081,B0823,1959-08-06,1962-02-21,0,Ian,Marytn,0,Khan,Khan,3,NE72 5ZP,PE1M 6EN,0,0
-20.018270801566477,9.416719160683692e-07,hospital_a,hospital_b,A0083,B0797,1977-01-30,1991-01-19,0,Gail,Jennifer,0,Smith,Smith,3,CH3A 5SF,N26 6LX,0,0
-20.018270801566477,9.416719160683692e-07,hospital_a,hospital_b,A0085,B0738,1985-09-02,1983-11-03,0,Gerard,Maureen,0,Cole,Cole,3,HD75 4EY,G57 5LQ,0,0
-20.018270801566477,9.416719160683692e-07,hospital_a,hospital_b,A0086,B0797,1970-04-04,1991-01-19,0,Abbie,Jennifer,0,Smith,Smith,3,M84 1ZY,N26 6LX,0,0
-20.018270801566477,9.416719160683692e-07,hospital_a,hospital_b,A0087,B0506,1935-08-30,1960-07-16,0,Gail,Natalie,0,Welch,Welch,3,G6S 7HN,DN98 6QG,0,0
-20.018270801566477,9.416719160683692e-07,hospital_a,hospital_b,A0088,B0678,1937-12-07,1943-04-20,0,Edward,Jemma,0,McDonald,McDonald,3,TN720AN,IG8M 4WN,0,0
22.986540461169,0.9999998796733648,hospital_a,hospital_b,A0089,B0088,1968-10-13,1968-10-13,1,Mohamed,Mohamed,3,Marsden,Marsden,3,SP2 5NY,SP2 5NY,1,0
-20.018270801566477,9.416719160683692e-07,hospital_a,hospital_b,A0090,B0534,2003-08-07,1963-01-05,0,Brdaley,Clive,0,oJnes,oJnes,3,M6 7LP,BR5H 3JF,0,0
-20.018270801566477,9.416719160683692e-07,hospital_a,hospital_b,A0091,B0658,1985-05-14,1959-03-01,0,Mohammad,Tom,0,Walsh,Walsh,3,TD4Y 4QZ,WF11 1AF,0,0
-20.018270801566477,9.416719160683692e-07,hospital_a,hospital_b,A0094,B0123,1938-08-03,1976-08-11,0,Charlie,Lorraine,0,Whitehead,Whitehead,3,SN1 1UB,TN50 1TA,0,0
-20.018270801566477,9.416719160683692e-07,hospital_a,hospital_b,A0095,B0353,1985-02-14,2000-04-05,0,Gemma,Joshua,0,Patel,Patel,3,WR8E 1GX,BR2A 0NZ,0,0
-20.018270801566477,9.416719160683692e-07,hospital_a,hospital_b,A0096,B0791,1953-05-08,1960-08-02,0,Jessica,Stuart,0,West,West,3,CV41BS,IG7 5SW,0,0
-20.018270801566477,9.416719160683692e-07,hospital_a,hospital_b,A0097,B0842,1974-09-08,1943-04-22,0,Joanne,iGllian,0,Williams,Williams,3,G8 3YP,OL5E 3PH,0,0
-20.018270801566477,9.416719160683692e-07,hospital_a,hospital_b,A0098,B0768,2001-10-30,1945-04-26,0,Marei,Luke,0,Shaw,Shaw,3,SK6V 0QR,IV7 8TZ,0,0
22.986540461169,0.9999998796733648,hospital_a,hospital_b,A0099,B0098,1986-12-08,1986-12-08,1,Eric,Eric,3,Hodgson,Hodgson,3,BN86 8WF,BN86 8WF,1,0
-20.018270801566477,9.416719160683692e-07,hospital_a,hospital_b,A0100,B0353,1979-06-12,2000-04-05,0,Max,Joshua,0,Patel,Patel,3,E3 7HP,BR2A 0NZ,0,0
-20.018270801566477,9.416719160683692e-07,hospital_a,hospital_b,A0101,B0741,1991-11-24,1945-10-14,0,Shnae,Damian,0,Fisher,Fisher,3,LL85 4QW,N53 5XN,0,0
-20.018270801566477,9.416719160683692e-07,hospital_a,hospital_b,A0102,B0797,2003-07-10,1991-01-19,0,Anrdew,Jennifer,0,Smith,Smith,3,S4C 5JR,N26 6LX,0,0
-20.018270801566477,9.416719160683692e-07,hospital_a,hospital_b,A0103,B0847,2002-03-21,1978-01-12,0,Janice,Tom,0,Jones,Jones,3,B8A0AS,B30 4LY,0,0
-20.018270801566477,9.416719160683692e-07,hospital_a,hospital_b,A0104,B0786,1983-12-16,1962-02-04,0,Darren,Zoe,0,Richards,Richards,3,W7A 8XS,L6G 4XF,0,0
-20.018270801566477,9.416719160683692e-07,hospital_a,hospital_b,A0105,B0749,1973-09-18,1963-01-16,0,Cameron,Alexandra,0,Lucas,Lucas,3,FK6 5RT,B27 8EF,0,0
-20.018270801566477,9.416719160683692e-07,hospital_a,hospital_b,A0106,B0058,1935-12-21,1995-12-31,0,Alice,Ian,0,George,George,3,E76 9EW,E9 7YX,0,0
-20.018270801566477,9.416719160683692e-07,hospital_a,hospital_b,A0107,B0763,1958-03-29,1972-05-20,0,Atnony,rGegory,0,Murray,Murray,3,G61 2YJ,S4 8FG,0,0
-20.018270801566477,9.416719160683692e-07,hospital_a,hospital_b,A0108,B0067,1941-04-09,1956-07-18,0,Louis,Cameron,0,Edwadrs,Edwadrs,3,S26 5ED,N3 2DW,0,0
-20.018270801566477,9.416719160683692e-07,hospital_a,hospital_b,A0110,B0675,1945-12-08,1980-04-12,0,Josh,Gerard,0,Phillips,Phillips,3,S46 7DQ,S4 0ER,0,0
-20.018270801566477,9.416719160683692e-07,hospital_a,hospital_b,A0111,B0679,1959-05-04,1973-12-19,0,Jessica,Beverley,0,Roberts,Roberts,3,KY9 4PZ,W80 0PX,0,0
-20.018270801566477,9.416719160683692e-07,hospital_a,hospital_b,A0112,B0353,1994-11-21,2000-04-05,0,Vicotr,Joshua,0,Patel,Patel,3,HX19 9XG,BR2A 0NZ,0,0
-20.018270801566477,9.416719160683692e-07,hospital_a,hospital_b,A0113,B0533,1953-09-23,1977-12-07,0,Aslheigh,Carole,0,Stokes,Stokes,3,S61 9UY,HX8 7ZG,0,0
-20.018270801566477,9.416719160683692e-07,hospital_a,hospital_b,A0116,B0662,1968-04-24,1965-10-15,0,Jennifer,Reece,0,Atkinson,Atkinson,3,M0 0PE,N5 5AE,0,0
-20.018270801566477,9.416719160683692e-07,hospital_a,hospital_b,A0119,B0764,1958-02-22,1978-05-21,0,Graham,Dawn,0,Davies,Davies,3,M12 2WR,S88 7RY,0,0
22.986540461169,0.9999998796733648,hospital_a,hospital_b,A0120,B0117,1948-12-09,1948-12-09,1,Wendy,Wendy,3,Barber,Barber,3,PR05 7FH,PR05 7FH,1,0
22.986540461169,0.9999998796733648,hospital_a,hospital_b,A0121,B0118,1993-05-20,1993-05-20,1,Jake,Jake,3,Armstrong,Armstrong,3,M04 8NG,M04 8NG,1,0
22.986540461169,0.9999998796733648,hospital_a,hospital_b,A0122,B0120,1994-09-02,1994-09-02,1,Bradley,Bradley,3,McKenzie,McKenzie,3,N8 9XG,N8 9XG,1,0
-20.018270801566477,9.416719160683692e-07,hospital_a,hospital_b,A0123,B0243,1999-04-30,1955-04-26,0,Rikcy,Adrian,0,Garner,Garner,3,LU59 1TQ,S8D 9BE,0,0
22.986540461169,0.9999998796733648,hospital_a,hospital_b,A0124,B0123,1976-08-11,1976-08-11,1,Lorraine,Lorraine,3,Whitehead,Whitehead,3,TN50 1TA,TN50 1TA,1,0
-20.018270801566477,9.416719160683692e-07,hospital_a,hospital_b,A0125,B0343,1961-08-05,2006-10-23,0,Henry,Douglas,0,Green,Green,3,N26NJ,G4C 4DF,0,0
-20.018270801566477,9.416719160683692e-07,hospital_a,hospital_b,A0126,B0833,1960-05-13,1984-02-14,0,John,Damian,0,Bailey,Bailey,3,S2 1JR,M18 2AD,0,0
-20.018270801566477,9.416719160683692e-07,hospital_a,hospital_b,A0127,B0767,1979-11-02,1942-09-29,0,Melanie,Carl,0,Moore,Moore,3,W53 6ZT,G59 6LX,0,0
-20.018270801566477,9.416719160683692e-07,hospital_a,hospital_b,A0128,B0788,1973-11-06,1944-07-08,0,Kim,Hazel,0,Wright,Wright,3,N5 6YS,G6 7WY,0,0
-20.018270801566477,9.416719160683692e-07,hospital_a,hospital_b,A0129,B0761,2002-08-19,1956-03-17,0,Marucs,Kieran,0,Stevens,Stevens,3,MK48 6RD,W7 3JG,0,0
-14.44359436615754,4.487715947894868e-05,hospital_a,hospital_b,A0130,B0317,2005-05-22,1947-09-07,0,Kieran,Kimberley,1,Gardner,Gardner,3,S3 3SP,HR72 5WS,0,0
-20.018270801566477,9.416719160683692e-07,hospital_a,hospital_b,A0131,B0564,1998-07-03,1985-10-04,0,Brian,Leslie,0,Hawkins,Hawkins,3,HG1 0QH,TA43 1ZZ,0,0
-20.018270801566477,9.416719160683692e-07,hospital_a,hospital_b,A0132,B0833,1965-03-20,1984-02-14,0,Derek,Damian,0,Bailey,Bailey,3,N05 6NE,M18 2AD,0,0
22.986540461169,0.9999998796733648,hospital_a,hospital_b,A0134,B0136,2002-11-19,2002-11-19,1,Elliot,Elliot,3,Barton,Barton,3,SN55 4JD,SN55 4JD,1,0
-20.018270801566477,9.416719160683692e-07,hospital_a,hospital_b,A0135,B0591,1991-07-09,2001-08-29,0,Paula,aGry,0,Evans,Evans,3,HA741GN,W7F 4NE,0,0
8.439139447432636,0.9971271270496563,hospital_a,hospital_b,A0136,B0138,1964-10-20,1964-10-20,1,Clive,Clive,3,Holland,Holland,3,NW83 7EF,NW837EF,0,0
-20.018270801566477,9.416719160683692e-07,hospital_a,hospital_b,A0137,B0761,1948-12-11,1956-03-17,0,Owen,Kieran,0,Stevens,Stevens,3,LD2 9ZZ,W7 3JG,0,0
-20.018270801566477,9.416719160683692e-07,hospital_a,hospital_b,A0138,B0413,1982-03-13,2003-04-10,0,Ahsley,Pamela,0,Burton,Burton,3,L8U 6QU,B2K 2NB,0,0
8.439139447432636,0.9971271270496563,hospital_a,hospital_b,A0139,B0142,2007-09-01,2007-09-01,1,Leonard,Leonard,3,Howard,Howard,3,N9D1JJ,N9D 1JJ,0,0
22.986540461169,0.9999998796733648,hospital_a,hospital_b,A0140,B0143,1989-03-01,1989-03-01,1,Jenna,Jenna,3,Stephens,Stephens,3,PE0 9YF,PE0 9YF,1,0
-20.018270801566477,9.416719160683692e-07,hospital_a,hospital_b,A0146,B0166,1966-10-08,1950-04-14,0,Pamela,Elanie,0,Campbell,Campbell,3,DA9P0EP,RG0M 1WL,0,0
22.986540461169,0.9999998796733648,hospital_a,hospital_b,A0147,B0150,1946-06-30,1946-06-30,1,Georgina,Georgina,3,Gray,Gray,3,AB6 4ZU,AB6 4ZU,1,0
-20.018270801566477,9.416719160683692e-07,hospital_a,hospital_b,A0148,B0847,1983-07-16,1978-01-12,0,Megan,Tom,0,Jones,Jones,3,S2 6QG,B30 4LY,0,0
-20.018270801566477,9.416719160683692e-07,hospital_a,hospital_b,A0150,B0764,1980-07-24,1978-05-21,0,Alexadnra,Dawn,0,Davies,Davies,3,W2 3HF,S88 7RY,0,0
-20.018270801566477,9.416719160683692e-07,hospital_a,hospital_b,A0151,B0808,1975-08-01,2006-12-21,0,Charlotte,Lynne,0,Humphreys,Humphreys,3,NE7 9YW,HG92 2YY,0,0
-20.018270801566477,9.416719160683692e-07,hospital_a,hospital_b,A0152,B0768,1999-05-16,1945-04-26,0,Paula,Luke,0,Shaw,Shaw,3,IP7 0GL,IV7 8TZ,0,0
-20.018270801566477,9.416719160683692e-07,hospital_a,hospital_b,A0153,B0695,1995-03-21,1938-05-16,0,Georgia,Gregory,0,Taylor,Taylor,3,G1E 2WY,TN35 8GN,0,0
22.986540461169,0.9999998796733648,hospital_a,hospital_b,A0154,B0156,1981-09-01,1981-09-01,1,Gillian,Gillian,3,Lowe,Lowe,3,B3 7ZT,B3 7ZT,1,0
22.986540461169,0.9999998796733648,hospital_a,hospital_b,A0156,B0158,2004-10-17,2004-10-17,1,Elliot,Elliot,3,Lynch,Lynch,3,GU3E 0ZR,GU3E 0ZR,1,0
22.986540461169,0.9999998796733648,hospital_a,hospital_b,A0157,B0160,1983-01-21,1983-01-21,1,Gail,Gail,3,Lyons,Lyons,3,N34 5QL,N34 5QL,1,0
-20.018270801566477,9.416719160683692e-07,hospital_a,hospital_b,A0158,B0426,1998-08-11,1987-01-25,0,Gordno,Aelxandra,0,Knight,Knight,3,NG46 2FH,CW41 2HR,0,0
-20.018270801566477,9.416719160683692e-07,hospital_a,hospital_b,A0159,B0822,1958-02-28,1955-01-21,0,uJlia,Megan,0,Scott,Scott,3,B7 3GY,SS98 1SH,0,0
-20.018270801566477,9.416719160683692e-07,hospital_a,hospital_b,A0160,B0059,1944-04-09,1947-11-18,0,Jona,Graham,0,Pollard,Pollard,3,SA0P 8ZB,W78 5QN,0,0
-20.018270801566477,9.416719160683692e-07,hospital_a,hospital_b,A0162,B0839,1942-09-04,1977-06-29,0,Keith,Ellie,0,Wood,Wood,3,RM3 4LT,DE3 2BG,0,0
-20.018270801566477,9.416719160683692e-07,hospital_a,hospital_b,A0163,B0583,1947-09-24,1951-07-24,0,Ashley,Scott,0,Adams,Adams,3,YO7 1QP,CH1E1GX,0,0
-20.018270801566477,9.416719160683692e-07,hospital_a,hospital_b,A0165,B0842,1977-02-11,1943-04-22,0,Kelly,iGllian,0,Williams,Williams,3,W71UA,OL5E 3PH,0,0
-20.018270801566477,9.416719160683692e-07,hospital_a,hospital_b,A0166,B0758,1956-08-06,1981-01-15,0,Ashleigh,Graeme,0,Arnold,Arnold,3,N1A 7FS,E1 7YU,0,0
22.986540461169,0.9999998796733648,hospital_a,hospital_b,A0167,B0174,1938-09-04,1938-09-04,1,Raymond,Raymond,3,Peacock,Peacock,3,WC9B 7YW,WC9B 7YW,1,0
-20.018270801566477,9.416719160683692e-07,hospital_a,hospital_b,A0168,B0776,1944-08-27,2002-05-30,0,Kyle,Sean,0,Elliott,Elliott,3,SE99 8RS,L8 3UP,0,0
-20.018270801566477,9.416719160683692e-07,hospital_a,hospital_b,A0169,B0043,2004-02-06,1988-09-29,0,Catherine,Joshua,0,Jackson,Jackson,3,KT8M 0WE,M5 2HF,0,0
-20.018270801566477,9.416719160683692e-07,hospital_a,hospital_b,A0170,B0816,1938-04-01,1992-08-07,0,Katherine,Charlie,0,Baldwin,Baldwin,3,NW4 2YL,EH8 1ZR,0,0
-20.018270801566477,9.416719160683692e-07,hospital_a,hospital_b,A0171,B0811,1940-08-08,1941-03-27,0,Marion,Brett,0,Walton,Walton,3,HD8H 8DW,N9T 7GE,0,0
-20.018270801566477,9.416719160683692e-07,hospital_a,hospital_b,A0172,B0654,1990-03-24,2002-02-02,0,Billy,aGry,0,Lloyd,Lloyd,3,W8W 1QT,W11 5ZQ,0,0
-20.018270801566477,9.416719160683692e-07,hospital_a,hospital_b,A0173,B0839,1937-01-31,1977-06-29,0,Sheila,Ellie,0,Wood,Wood,3,N8U 7BN,DE3 2BG,0,0
-20.018270801566477,9.416719160683692e-07,hospital_a,hospital_b,A0174,B0806,1950-11-05,1983-07-29,0,Vanessa,Benjamin,0,Johnson,Johnson,3,KW1H 1FA,G3U 4PE,0,0
-20.018270801566477,9.416719160683692e-07,hospital_a,hospital_b,A0175,B0702,1968-03-19,1989-10-28,0,aGrry,Paula,0,Miles,Miles,3,KY50 1XA,RG0 3UR,0,0
-20.018270801566477,9.416719160683692e-07,hospital_a,hospital_b,A0176,B0807,1967-03-27,1974-10-11,0,Lawrence,Kim,0,Miller,Miller,3,UB07 8JF,ML43 2ED,0,0
-20.018270801566477,9.416719160683692e-07,hospital_a,hospital_b,A0177,B0764,1976-09-11,1978-05-21,0,Jeremy,Dawn,0,Davies,Davies,3,W8 4DL,S88 7RY,0,0
-20.018270801566477,9.416719160683692e-07,hospital_a,hospital_b,A0178,B0847,1959-04-03,1978-01-12,0,Elloitt,Tom,0,Jones,Jones,3,HA9E 5SG,B30 4LY,0,0
-20.018270801566477,9.416719160683692e-07,hospital_a,hospital_b,A0181,B0583,1997-03-09,1951-07-24,0,Mark,Scott,0,Adams,Adams,3,G8C 2GY,CH1E1GX,0,0
-20.018270801566477,9.416719160683692e-07,hospital_a,hospital_b,A0182,B0547,1973-02-01,1991-06-28,0,Luke,Hilary,0,King,King,3,IP7 0BP,N9C 2HN,0,0
22.986540461169,0.9999998796733648,hospital_a,hospital_b,A0183,B0190,1940-12-18,1940-12-18,1,Hilary,Hilary,3,Suttno,Suttno,3,IM3 5QU,IM3 5QU,1,0
-20.018270801566477,9.416719160683692e-07,hospital_a,hospital_b,A0184,B0366,1979-03-26,1943-05-14,0,Christian,Deborha,0,Fraser,Fraser,3,L6 1UU,S7T 6HF,0,0
-20.018270801566477,9.416719160683692e-07,hospital_a,hospital_b,A0185,B0555,2000-04-24,1994-01-30,0,Harriet,eGrald,0,Lewis,Lewis,3,B24 8RZ,L11 4ZE,0,0
-20.018270801566477,9.416719160683692e-07,hospital_a,hospital_b,A0186,B0481,1993-04-16,1960-10-24,0,Victoria,Samuel,0,Foster,Foster,3,M25 9YD,W13HP,0,0
-20.018270801566477,9.416719160683692e-07,hospital_a,hospital_b,A0187,B0558,1970-01-08,1997-10-15,0,Lynda,Cherly,0,Glover,Glover,3,B8J1UF,M1U 6AX,0,0
-20.018270801566477,9.416719160683692e-07,hospital_a,hospital_b,A0188,B0510,1994-01-08,1960-03-17,0,Margaret,Chelsea,0,Dodd,Dodd,3,OX1P 4UJ,E9H 1DG,0,0
-20.018270801566477,9.416719160683692e-07,hospital_a,hospital_b,A0189,B0703,1962-08-29,1950-02-11,0,Terence,William,0,Reynolds,Reynolds,3,N65 2SY,IV91 6FT,0,0
22.986540461169,0.9999998796733648,hospital_a,hospital_b,A0190,B0196,1970-07-03,1970-07-03,1,Lynn,Lynn,3,Leonard,Leonard,3,NW8 4NY,NW8 4NY,1,0
8.439139447432636,0.9971271270496563,hospital_a,hospital_b,A0191,B0197,1959-12-28,1959-12-28,1,Natasha,Natasha,3,Matthews,Matthews,3,B2G 1FU,B2G1FU,0,0
-20.018270801566477,9.416719160683692e-07,hospital_a,hospital_b,A0192,B0703,1987-03-26,1950-02-11,0,Abbie,William,0,Reynolds,Reynolds,3,B2S 7AH,IV91 6FT,0,0
-20.018270801566477,9.416719160683692e-07,hospital_a,hospital_b,A0193,B0594,1992-03-14,1959-12-03,0,Nicholas,Lucy,0,Turner,Turner,3,SG6 9HW,SW7 5XB,0,0
-20.018270801566477,9.416719160683692e-07,hospital_a,hospital_b,A0194,B0466,1968-06-24,1969-06-10,0,Lynda,Owen,0,Robson,Robson,3,OX04 6WE,LE4A 5WW,0,0
-20.018270801566477,9.416719160683692e-07,hospital_a,hospital_b,A0195,B0767,1991-06-29,1942-09-29,0,Gmema,Carl,0,Moore,Moore,3,TF7 9AU,G59 6LX,0,0
-20.018270801566477,9.416719160683692e-07,hospital_a,hospital_b,A0196,B0627,1954-07-04,1971-02-18,0,John,Terence,0,Harrison,Harrison,3,CA6 1XG,GY209PS,0,0
-20.018270801566477,9.416719160683692e-07,hospital_a,hospital_b,A0197,B0676,1996-03-26,1953-07-13,0,Russell,Simon,0,Wilson,Wilson,3,N2U 1DU,E6 3LE,0,0
-20.018270801566477,9.416719160683692e-07,hospital_a,hospital_b,A0198,B0833,1984-06-29,1984-02-14,0,Charlene,Damian,0,Bailey,Bailey,3,PA159LG,M18 2AD,0,0
-20.018270801566477,9.416719160683692e-07,hospital_a,hospital_b,A0199,B0627,1962-06-18,1971-02-18,0,aSmantha,Terence,0,Harrison,Harrison,3,FY729JE,GY209PS,0,0
-20.018270801566477,9.416719160683692e-07,hospital_a,hospital_b,A0200,B0734,1945-02-05,1961-10-31,0,Edward,Joan,0,Oliver,Oliver,3,NE8Y 7NL,TN9 2WF,0,0
-20.018270801566477,9.416719160683692e-07,hospital_a,hospital_b,A0201,B0367,1969-02-19,1994-05-31,0,Margaret,Deborah,0,Osborne,Osborne,3,G56 1DG,S32 7RG,0,0
-20.018270801566477,9.416719160683692e-07,hospital_a,hospital_b,A0202,B0325,1973-04-24,1979-05-19,0,Linda,Jason,0,Morris,Morris,3,KA22 2JL,CF6V 0RE,0,0
-20.018270801566477,9.416719160683692e-07,hospital_a,hospital_b,A0203,B0563,1980-05-28,1981-03-02,0,Jake,Judith,0,Webb,Webb,3,S4 3NT,DY74 8ZT,0,0
-20.018270801566477,9.416719160683692e-07,hospital_a,hospital_b,A0204,B0673,1975-04-30,1998-10-25,0,Sheila,Georgina,0,Hudson,Hudson,3,G99 9SW,M8S 1RB,0,0
-20.018270801566477,9.416719160683692e-07,hospital_a,hospital_b,A0207,B0446,1986-06-02,1979-03-10,0,Marian,Harry,0,Price,Price,3,DG50 0XA,S3K 4AY,0,0
-20.018270801566477,9.416719160683692e-07,hospital_a,hospital_b,A0208,B0286,1958-01-10,1943-06-25,0,Charlie,Angela,0,Cook,Cook,3,IG70 1FB,ZE02 4AR,0,0
-20.018270801566477,9.416719160683692e-07,hospital_a,hospital_b,A0209,B0478,1967-08-15,1956-11-16,0,Emma,Frederick,0,Vaughan,Vaughan,3,BD3R 8HU,S0K 5LL,0,0
-20.018270801566477,9.416719160683692e-07,hospital_a,hospital_b,A0210,B0591,1939-01-31,2001-08-29,0,Joe,aGry,0,Evans,Evans,3,DN1H 5AG,W7F 4NE,0,0
-20.018270801566477,9.416719160683692e-07,hospital_a,hospital_b,A0211,B0797,1938-03-01,1991-01-19,0,Aaron,Jennifer,0,Smith,Smith,3,LA8M 3YG,N26 6LX,0,0
-20.018270801566477,9.416719160683692e-07,hospital_a,hospital_b,A0212,B0642,1968-06-06,1955-02-13,0,Marcus,aDniel,0,Henderson,Henderson,3,MK6Y 0ZQ,LU6V 5AU,0,0
-14.44359436615754,4.487715947894868e-05,hospital_a,hospital_b,A0213,B0532,1982-01-26,1956-09-02,0,Lawrence,Marc,1,Stanley,Stanley,3,E8 0FG,L9 7JZ,0,0
-20.018270801566477,9.416719160683692e-07,hospital_a,hospital_b,A0214,B0784,1996-03-13,2007-11-21,0,Simon,Joe,0,Hunter,Hunter,3,L8 1JX,WA62 5LP,0,0
-20.018270801566477,9.416719160683692e-07,hospital_a,hospital_b,A0215,B0845,1984-07-09,1954-12-19,0,Kmi,Eirc,0,Allen,Allen,3,SG6B 2XR,EX08 2JB,0,0
-20.018270801566477,9.416719160683692e-07,hospital_a,hospital_b,A0216,B0474,1976-05-23,1962-12-24,0,Brandon,Eleanor,0,Jenkins,Jenkins,3,S84 7TR,ST0V 0RR,0,0
-20.018270801566477,9.416719160683692e-07,hospital_a,hospital_b,A0217,B0478,2004-02-24,1956-11-16,0,Daniel,Frederick,0,Vaughan,Vaughan,3,NR8 1BT,S0K 5LL,0,0
-20.018270801566477,9.416719160683692e-07,hospital_a,hospital_b,A0218,B0325,1997-04-18,1979-05-19,0,Julian,Jason,0,Morris,Morris,3,S0 8BP,CF6V 0RE,0,0
-20.018270801566477,9.416719160683692e-07,hospital_a,hospital_b,A0219,B0343,1966-10-25,2006-10-23,0,Leanne,Douglas,0,Green,Green,3,CT25 7YB,G4C 4DF,0,0
22.986540461169,0.9999998796733648,hospital_a,hospital_b,A0220,B0226,1949-08-06,1949-08-06,1,Hannah,Hannah,3,Riley,Riley,3,L3B 6PY,L3B 6PY,1,0
-20.018270801566477,9.416719160683692e-07,hospital_a,hospital_b,A0221,B0822,1980-04-07,1955-01-21,0,Leslie,Megan,0,Scott,Scott,3,PR27 3HQ,SS98 1SH,0,0
-20.018270801566477,9.416719160683692e-07,hospital_a,hospital_b,A0222,B0679,1957-07-22,1973-12-19,0,Annette,Beverley,0,Roberts,Roberts,3,BA53 3XW,W80 0PX,0,0
-20.018270801566477,9.416719160683692e-07,hospital_a,hospital_b,A0224,B0797,1946-06-07,1991-01-19,0,Helen,Jennifer,0,Smith,Smith,3,PL5 8FH,N26 6LX,0,0
-20.018270801566477,9.416719160683692e-07,hospital_a,hospital_b,A0225,B0771,2002-03-26,1963-02-09,0,Abbie,Graeme,0,Begum,Begum,3,BR8 2PF,SM1 5YL,0,0
-20.018270801566477,9.416719160683692e-07,hospital_a,hospital_b,A0226,B0813,1937-03-12,2002-12-05,0,Kenneth,Paula,0,Clarke,Clarke,3,M9K 9JJ,G20 1LL,0,0
-20.018270801566477,9.416719160683692e-07,hospital_a,hospital_b,A0227,B0534,1947-03-29,1963-01-05,0,Abigail,Clive,0,oJnes,oJnes,3,B60 6JH,BR5H 3JF,0,0
17.53402081439428,0.9999947309599222,hospital_a,hospital_b,A0228,B0236,1979-08-30,1979-08-30,1,Carlo,Carol,2,Russell,Russell,3,SR56 8ET,SR56 8ET,1,0
2.9866198006579197,0.8879695849880381,hospital_a,hospital_b,A0230,B0238,1986-02-06,1986-02-06,1,Fiona,Foina,2,Cross,Cross,3,S65 0GT,S650GT,0,0
22.986540461169,0.9999998796733648,hospital_a,hospital_b,A0231,B0240,2005-05-25,2005-05-25,1,Terence,Terence,3,Sutton,Sutton,3,M0 7UX,M0 7UX,1,0
-20.018270801566477,9.416719160683692e-07,hospital_a,hospital_b,A0232,B0805,1999-09-07,1947-01-05,0,Grace,Toby,0,Baiely,Baiely,3,PR8 0GF,WA0 7HR,0,0
22.986540461169,0.9999998796733648,hospital_a,hospital_b,A0234,B0243,1955-04-26,1955-04-26,1,Adrian,Adrian,3,Garner,Garner,3,S8D 9BE,S8D 9BE,1,0
17.53402081439428,0.9999947309599222,hospital_a,hospital_b,A0235,B0244,1971-07-09,1971-07-09,1,Callum,Callmu,2,Flynn,Flynn,3,RG7R 9JN,RG7R 9JN,1,0
-20.018270801566477,9.416719160683692e-07,hospital_a,hospital_b,A0236,B0766,1960-10-22,1979-06-06,0,Amy,Ruth,0,Thomas,Thomas,3,DN0X 4LD,SN49 6XJ,0,0
-20.018270801566477,9.416719160683692e-07,hospital_a,hospital_b,A0237,B0562,1996-02-26,1996-03-10,0,Clive,Maire,0,O'Connor,O'Connor,3,LS7A 7FT,L4 6EY,0,0
-20.018270801566477,9.416719160683692e-07,hospital_a,hospital_b,A0241,B0767,1942-10-03,1942-09-29,0,Brenda,Carl,0,Moore,Moore,3,N8F 2NY,G59 6LX,0,0
22.986540461169,0.9999998796733648,hospital_a,hospital_b,A0242,B0251,1963-04-15,1963-04-15,1,Frances,Frances,3,Bentley,Bentley,3,S6 9YT,S6 9YT,1,0
22.986540461169,0.9999998796733648,hospital_a,hospital_b,A0243,B0252,2002-06-03,2002-06-03,1,Colin,Colin,3,Cartwright,Cartwright,3,CB74 7JJ,CB74 7JJ,1,0
-20.018270801566477,9.416719160683692e-07,hospital_a,hospital_b,A0244,B0138,1969-12-25,1964-10-20,0,Hloly,Clive,0,Holland,Holland,3,LS7 4QZ,NW837EF,0,0
-20.018270801566477,9.416719160683692e-07,hospital_a,hospital_b,A0245,B0843,1978-05-24,1984-07-07,0,Stcaey,Shaun,0,Hall,Hall,3,L826DP,GU31 9NW,0,0
22.986540461169,0.9999998796733648,hospital_a,hospital_b,A0246,B0256,1964-10-15,1964-10-15,1,Molly,Molly,3,Fleming,Fleming,3,M05 0XQ,M05 0XQ,1,0
-20.018270801566477,9.416719160683692e-07,hospital_a,hospital_b,A0247,B0842,1950-09-13,1943-04-22,0,Margaret,iGllian,0,Williams,Williams,3,W23 5SF,OL5E 3PH,0,0
-20.018270801566477,9.416719160683692e-07,hospital_a,hospital_b,A0248,B0823,1994-02-12,1962-02-21,0,Graham,Marytn,0,Khan,Khan,3,YO96 7WS,PE1M 6EN,0,0
-20.018270801566477,9.416719160683692e-07,hospital_a,hospital_b,A0249,B0740,1977-05-10,1983-02-16,0,Victoria,Charlie,0,Bennett,Bennett,3,B9 5EY,B52 2YY,0,0
-20.018270801566477,9.416719160683692e-07,hospital_a,hospital_b,A0252,B0797,1980-03-27,1991-01-19,0,Ricky,Jennifer,0,Smith,Smith,3,WF4 1ZG,N26 6LX,0,0
8.439139447432636,0.9971271270496563,hospital_a,hospital_b,A0254,B0263,1993-11-07,1993-11-07,1,Albert,Albert,3,Dixon,Dixon,3,SA9 7JY,SA97JY,0,0
22.986540461169,0.9999998796733648,hospital_a,hospital_b,A0255,B0266,1954-08-09,1954-08-09,1,Garry,Garry,3,Andrews,Andrews,3,BR73 2UE,BR73 2UE,1,0
17.53402081439428,0.9999947309599222,hospital_a,hospital_b,A0256,B0267,1988-05-24,1988-05-24,1,Liam,Laim,2,Bruce,Bruce,3,BA72 0RL,BA72 0RL,1,0
8.439139447432636,0.9971271270496563,hospital_a,hospital_b,A0257,B0268,1992-04-16,1992-04-16,1,Sophie,Sophie,3,Watts,Watts,3,L0 7EY,L07EY,0,0
17.53402081439428,0.9999947309599222,hospital_a,hospital_b,A0258,B0269,1956-06-13,1956-06-13,1,Kelly,Klely,2,Carter,Carter,3,G80 3NR,G80 3NR,1,0
17.53402081439428,0.9999947309599222,hospital_a,hospital_b,A0259,B0270,2008-01-08,2008-01-08,1,Alex,lAex,2,Payne,Payne,3,W61 7XT,W61 7XT,1,0
-20.018270801566477,9.416719160683692e-07,hospital_a,hospital_b,A0260,B0777,1952-04-16,1998-10-14,0,Kieran,Declan,0,Cox,Cox,3,B2 0UZ,E2 2TN,0,0
-20.018270801566477,9.416719160683692e-07,hospital_a,hospital_b,A0261,B0611,1939-12-14,1962-08-29,0,Rnoald,uGy,0,Lee,Lee,3,E71HS,S5 2PZ,0,0
-20.018270801566477,9.416719160683692e-07,hospital_a,hospital_b,A0262,B0799,1944-02-05,1941-02-15,0,Kyle,Jasmine,0,Goodwin,Goodwin,3,S25 7JY,CW39 0ZB,0,0
-14.44359436615754,4.487715947894868e-05,hospital_a,hospital_b,A0263,B0226,2000-01-11,1949-08-06,0,Diana,Hannah,1,Riley,Riley,3,SM72 2LW,L3B 6PY,0,0
8.439139447432636,0.9971271270496563,hospital_a,hospital_b,A0264,B0273,1949-04-16,1949-04-16,1,Christopher,Christopher,3,Bevan,Bevan,3,E9F 7HL,E9F7HL,0,0
-20.018270801566477,9.416719160683692e-07,hospital_a,hospital_b,A0265,B0842,1959-09-08,1943-04-22,0,Ryhs,iGllian,0,Williams,Williams,3,BH10 2AU,OL5E 3PH,0,0
-20.018270801566477,9.416719160683692e-07,hospital_a,hospital_b,A0266,B0797,1965-05-27,1991-01-19,0,Nigel,Jennifer,0,Smith,Smith,3,S319UB,N26 6LX,0,0
-20.018270801566477,9.416719160683692e-07,hospital_a,hospital_b,A0269,B0832,1938-03-17,2005-09-01,0,Helen,Ryhs,0,Robinson,Robinson,3,SS80 8RU,CV2E 1ZN,0,0
2.9866198006579197,0.8879695849880381,hospital_a,hospital_b,A0270,B0279,1937-09-02,1937-09-02,1,Hollei,Hollie,2,Ross,Ross,3,SY491ZP,SY49 1ZP,0,0
22.986540461169,0.9999998796733648,hospital_a,hospital_b,A0271,B0280,1986-09-27,1986-09-27,1,Clive,Clive,3,Miah,Miah,3,L2F 8EU,L2F 8EU,1,0
-20.018270801566477,9.416719160683692e-07,hospital_a,hospital_b,A0273,B0627,1971-07-08,1971-02-18,0,Nathan,Terence,0,Harrison,Harrison,3,B46 7QS,GY209PS,0,0
-20.018270801566477,9.416719160683692e-07,hospital_a,hospital_b,A0274,B0828,1982-06-12,1987-01-20,0,Rosemary,Brenda,0,Ward,Ward,3,LU97NY,S2T 9GY,0,0
-20.018270801566477,9.416719160683692e-07,hospital_a,hospital_b,A0276,B0820,1943-06-25,1952-10-04,0,Angela,Yvonne,0,Coko,Coko,3,ZE02 4AR,M72 0QX,0,0
-20.018270801566477,9.416719160683692e-07,hospital_a,hospital_b,A0279,B0792,2005-05-15,1964-06-06,0,Albert,Adam,0,Collins,Collins,3,CA066GX,ZE5P 0TG,0,0
-20.018270801566477,9.416719160683692e-07,hospital_a,hospital_b,A0281,B0594,1940-02-26,1959-12-03,0,Valerie,Lucy,0,Turner,Turner,3,HX9R 4UE,SW7 5XB,0,0
2.9866198006579197,0.8879695849880381,hospital_a,hospital_b,A0282,B0289,1947-03-16,1947-03-16,1,Hazel,Hzael,2,Kirk,Kirk,3,HX6 0NN,HX60NN,0,0
-20.018270801566477,9.416719160683692e-07,hospital_a,hospital_b,A0284,B0325,1943-12-10,1979-05-19,0,Matthew,Jason,0,Morris,Morris,3,G34 3FD,CF6V 0RE,0,0
-20.018270801566477,9.416719160683692e-07,hospital_a,hospital_b,A0285,B0669,1997-09-16,1960-02-12,0,Damien,uJlia,0,Parsons,Parsons,3,PO3V 1YA,TQ613GH,0,0
-20.018270801566477,9.416719160683692e-07,hospital_a,hospital_b,A0286,B0627,1948-10-18,1971-02-18,0,Claire,Terence,0,Harrison,Harrison,3,CF2N 6HW,GY209PS,0,0
-20.018270801566477,9.416719160683692e-07,hospital_a,hospital_b,A0287,B0839,1941-04-15,1977-06-29,0,Nicole,Ellie,0,Wood,Wood,3,CH64 9NT,DE3 2BG,0,0
-20.018270801566477,9.416719160683692e-07,hospital_a,hospital_b,A0288,B0644,1942-12-17,1988-02-24,0,Fracnes,Michael,0,Hughes,Hughes,3,NE11 6RY,CA64 3LQ,0,0
-20.018270801566477,9.416719160683692e-07,hospital_a,hospital_b,A0289,B0839,1955-08-13,1977-06-29,0,Diane,Ellie,0,Wood,Wood,3,TD9W 6QU,DE3 2BG,0,0
-20.018270801566477,9.416719160683692e-07,hospital_a,hospital_b,A0290,B0583,1971-01-27,1951-07-24,0,Billy,Scott,0,Adams,Adams,3,NP5 0SE,CH1E1GX,0,0
-20.018270801566477,9.416719160683692e-07,hospital_a,hospital_b,A0291,B0700,1987-07-14,1939-07-07,0,Sharno,Denis,0,Macdonald,Macdonald,3,TA19 8XY,PL1 8YN,0,0
8.439139447432636,0.9971271270496563,hospital_a,hospital_b,A0292,B0301,1978-05-22,1978-05-22,1,Danny,Danny,3,Long,Long,3,N59 5RE,N595RE,0,0
-20.018270801566477,9.416719160683692e-07,hospital_a,hospital_b,A0293,B0686,1940-01-24,1977-09-02,0,Graham,Hannah,0,Walker,Walker,3,CH5 0XP,TW2A 8JF,0,0
17.53402081439428,0.9999947309599222,hospital_a,hospital_b,A0294,B0303,1977-01-29,1977-01-29,1,Alexandra,Alxeandra,2,Black,Black,3,CB35 8PG,CB35 8PG,1,0
-20.018270801566477,9.416719160683692e-07,hospital_a,hospital_b,A0295,B0801,2008-01-04,1961-02-11,0,Arthur,Geogrina,0,Parker,Parker,3,TR39 9EY,PE5X 3DB,0,0
-20.018270801566477,9.416719160683692e-07,hospital_a,hospital_b,A0296,B0481,1964-11-29,1960-10-24,0,Jyoce,Samuel,0,Foster,Foster,3,G3 3NT,W13HP,0,0
-20.018270801566477,9.416719160683692e-07,hospital_a,hospital_b,A0299,B0761,1955-04-29,1956-03-17,0,Cilve,Kieran,0,Stevens,Stevens,3,EN90 8QE,W7 3JG,0,0
-20.018270801566477,9.416719160683692e-07,hospital_a,hospital_b,A0300,B0685,2000-04-09,1946-07-04,0,Joel,Charles,0,Kelly,Kelly,3,RG56 4DU,S3 4WX,0,0
-20.018270801566477,9.416719160683692e-07,hospital_a,hospital_b,A0301,B0413,1988-07-08,2003-04-10,0,Jay,Pamela,0,Burton,Burton,3,N7T 0GT,B2K 2NB,0,0
-20.018270801566477,9.416719160683692e-07,hospital_a,hospital_b,A0302,B0800,1991-04-27,1962-05-12,0,Georgia,Carol,0,Edwards,Edwards,3,TA2W 5TU,N41 0DF,0,0
-20.018270801566477,9.416719160683692e-07,hospital_a,hospital_b,A0304,B0797,1942-03-28,1991-01-19,0,Jodie,Jennifer,0,Smith,Smith,3,B5 7QZ,N26 6LX,0,0
22.986540461169,0.9999998796733648,hospital_a,hospital_b,A0305,B0317,1947-09-07,1947-09-07,1,Kimberley,Kimberley,3,Gardner,Gardner,3,HR72 5WS,HR72 5WS,1,0
-20.018270801566477,9.416719160683692e-07,hospital_a,hospital_b,A0307,B0663,1978-01-14,2007-10-27,0,Lynne,Deborah,0,Ball,Ball,3,B8U 6DJ,L6U 7YX,0,0
-20.018270801566477,9.416719160683692e-07,hospital_a,hospital_b,A0309,B0727,1979-04-02,2001-02-04,0,Steven,Gordon,0,Kaur,Kaur,3,S4 3RD,E5G 4DP,0,0
-20.018270801566477,9.416719160683692e-07,hospital_a,hospital_b,A0310,B0679,1989-01-01,1973-12-19,0,Abigail,Beverley,0,Roberts,Roberts,3,ZE9 5EQ,W80 0PX,0,0
-20.018270801566477,9.416719160683692e-07,hospital_a,hospital_b,A0311,B0630,1981-04-28,1949-08-17,0,Janye,Alexandra,0,Birch,Birch,3,B8 7JF,NP5V 7DG,0,0
22.986540461169,0.9999998796733648,hospital_a,hospital_b,A0312,B0323,1957-03-19,1957-03-19,1,Scott,Scott,3,Richardson,Richardson,3,S49 8DB,S49 8DB,1,0
-20.018270801566477,9.416719160683692e-07,hospital_a,hospital_b,A0313,B0746,1989-05-05,1946-03-05,0,Setphanie,Colin,0,Brown,Brown,3,DD26 1SN,G9T0DN,0,0
8.439139447432636,0.9971271270496563,hospital_a,hospital_b,A0314,B0325,1979-05-19,1979-05-19,1,Jason,Jason,3,Morris,Morris,3,CF6V0RE,CF6V 0RE,0,0
-20.018270801566477,9.416719160683692e-07,hospital_a,hospital_b,A0315,B0591,1984-06-21,2001-08-29,0,Amber,aGry,0,Evans,Evans,3,SK6M 2FA,W7F 4NE,0,0
-20.018270801566477,9.416719160683692e-07,hospital_a,hospital_b,A0318,B0459,1965-09-25,2002-06-17,0,Mxa,iNgel,0,Lawrence,Lawrence,3,CH79 7SA,M2K 5YF,0,0
-20.018270801566477,9.416719160683692e-07,hospital_a,hospital_b,A0319,B0847,1999-10-03,1978-01-12,0,Sylvia,Tom,0,Jones,Jones,3,SP6P 7GZ,B30 4LY,0,0
22.986540461169,0.9999998796733648,hospital_a,hospital_b,A0321,B0330,1951-08-23,1951-08-23,1,Julian,Julian,3,O'Neill,O'Neill,3,HR5 8LF,HR5 8LF,1,0
-20.018270801566477,9.416719160683692e-07,hospital_a,hospital_b,A0322,B0467,1942-12-23,1997-06-25,0,Chelsea,Jospeh,0,hTomas,hTomas,3,CM3N 4TW,L11 7PJ,0,0
-20.018270801566477,9.416719160683692e-07,hospital_a,hospital_b,A0323,B0797,1994-05-09,1991-01-19,0,Thomas,Jennifer,0,Smith,Smith,3,GL81LQ,N26 6LX,0,0
-20.018270801566477,9.416719160683692e-07,hospital_a,hospital_b,A0324,B0620,1972-12-17,1970-12-12,0,Clare,Yvonne,0,Watson,Watson,3,HX0R 0WD,B45 9QT,0,0
-20.018270801566477,9.416719160683692e-07,hospital_a,hospital_b,A0325,B0832,1993-08-13,2005-09-01,0,Julai,Ryhs,0,Robinson,Robinson,3,M6G5QA,CV2E 1ZN,0,0
22.986540461169,0.9999998796733648,hospital_a,hospital_b,A0326,B0334,1949-09-07,1949-09-07,1,Francesca,Francesca,3,Gibbons,Gibbons,3,BT0 6FW,BT0 6FW,1,0
-20.018270801566477,9.416719160683692e-07,hospital_a,hospital_b,A0327,B0611,1957-06-21,1962-08-29,0,Cameron,uGy,0,Lee,Lee,3,MK10 4WQ,S5 2PZ,0,0
-20.018270801566477,9.416719160683692e-07,hospital_a,hospital_b,A0328,B0067,2003-09-22,1956-07-18,0,Anna,Cameron,0,Edwadrs,Edwadrs,3,NN9H 4NY,N3 2DW,0,0
-20.018270801566477,9.416719160683692e-07,hospital_a,hospital_b,A0329,B0781,1995-10-05,1948-01-22,0,Sena,Mragaret,0,Ellis,Ellis,3,E0 2UH,L832WJ,0,0
-20.018270801566477,9.416719160683692e-07,hospital_a,hospital_b,A0331,B0481,1965-02-10,1960-10-24,0,Terence,Samuel,0,Foster,Foster,3,N9 0WF,W13HP,0,0
22.986540461169,0.9999998796733648,hospital_a,hospital_b,A0332,B0339,1951-01-08,1951-01-08,1,Stewart,Stewart,3,Gregory,Gregory,3,LU0B 1BS,LU0B 1BS,1,0
22.986540461169,0.9999998796733648,hospital_a,hospital_b,A0334,B0343,2006-10-23,2006-10-23,1,Douglas,Douglas,3,Green,Green,3,G4C 4DF,G4C 4DF,1,0
-20.018270801566477,9.416719160683692e-07,hospital_a,hospital_b,A0336,B0847,1965-01-11,1978-01-12,0,Gary,Tom,0,Jones,Jones,3,B483XF,B30 4LY,0,0
-20.018270801566477,9.416719160683692e-07,hospital_a,hospital_b,A0337,B0827,1947-01-25,1939-10-21,0,Denise,Nathan,0,White,White,3,E4B 1FX,N2 8DA,0,0
-20.018270801566477,9.416719160683692e-07,hospital_a,hospital_b,A0338,B0685,2005-04-16,1946-07-04,0,Maurice,Charles,0,Kelly,Kelly,3,BA2 9UA,S3 4WX,0,0
-20.018270801566477,9.416719160683692e-07,hospital_a,hospital_b,A0339,B0842,1944-04-16,1943-04-22,0,Vansesa,iGllian,0,Williams,Williams,3,UB952AE,OL5E 3PH,0,0
22.986540461169,0.9999998796733648,hospital_a,hospital_b,A0341,B0349,1976-07-31,1976-07-31,1,Gordon,Gordon,3,Knowles,Knowles,3,PL9E 9FD,PL9E 9FD,1,0
17.53402081439428,0.9999947309599222,hospital_a,hospital_b,A0342,B0350,1999-10-02,1999-10-02,1,oHward,Howard,2,Daveis,Daveis,3,S0 6SL,S0 6SL,1,0
-20.018270801566477,9.416719160683692e-07,hospital_a,hospital_b,A0344,B0673,1996-08-22,1998-10-25,0,Kayleigh,Georgina,0,Hudson,Hudson,3,E73 0PW,M8S 1RB,0,0
22.986540461169,0.9999998796733648,hospital_a,hospital_b,A0345,B0353,2000-04-05,2000-04-05,1,Joshua,Joshua,3,Patel,Patel,3,BR2A 0NZ,BR2A 0NZ,1,0
-20.018270801566477,9.416719160683692e-07,hospital_a,hospital_b,A0348,B0847,1979-04-30,1978-01-12,0,Sean,Tom,0,Jones,Jones,3,IG0 0JW,B30 4LY,0,0
-20.018270801566477,9.416719160683692e-07,hospital_a,hospital_b,A0349,B0797,1988-11-28,1991-01-19,0,Allan,Jennifer,0,Smith,Smith,3,TS6 6GA,N26 6LX,0,0
-20.018270801566477,9.416719160683692e-07,hospital_a,hospital_b,A0350,B0766,1937-06-13,1979-06-06,0,Rebecca,Ruth,0,Thomas,Thomas,3,M23 2PX,SN49 6XJ,0,0
17.53402081439428,0.9999947309599222,hospital_a,hospital_b,A0353,B0361,1969-03-05,1969-03-05,1,Kaern,Karen,2,Morley,Morley,3,SP5 7UL,SP5 7UL,1,0
-20.018270801566477,9.416719160683692e-07,hospital_a,hospital_b,A0355,B0047,1971-08-09,2001-02-08,0,Michelle,Joyce,0,Owen,Owen,3,IM0 7JL,HU0P3ET,0,0
-20.018270801566477,9.416719160683692e-07,hospital_a,hospital_b,A0356,B0695,1951-11-24,1938-05-16,0,Kieran,Gregory,0,Taylor,Taylor,3,SW3R8YX,TN35 8GN,0,0
-20.018270801566477,9.416719160683692e-07,hospital_a,hospital_b,A0357,B0635,1937-06-24,1969-08-02,0,Barbara,Mohammad,0,Davis,Davis,3,G40 5PJ,IP98 7PD,0,0
22.986540461169,0.9999998796733648,hospital_a,hospital_b,A0358,B0365,1993-08-15,1993-08-15,1,Mohamed,Mohamed,3,Pearce,Pearce,3,S6D 1XR,S6D 1XR,1,0
-20.018270801566477,9.416719160683692e-07,hospital_a,hospital_b,A0359,B0719,1979-05-01,1942-10-02,0,Ryan,Paula,0,Mason,Mason,3,G3 6NH,M86 9XP,0,0
22.986540461169,0.9999998796733648,hospital_a,hospital_b,A0361,B0370,1956-10-03,1956-10-03,1,Lynda,Lynda,3,Spencer,Spencer,3,S2B 4FT,S2B 4FT,1,0
-20.018270801566477,9.416719160683692e-07,hospital_a,hospital_b,A0362,B0841,1967-09-11,1937-09-30,0,Janet,Rachel,0,Marshall,Marshall,3,B0U 3JQ,BD0 3QP,0,0
-20.018270801566477,9.416719160683692e-07,hospital_a,hospital_b,A0363,B0679,1995-11-28,1973-12-19,0,Lewis,Beverley,0,Roberts,Roberts,3,G06 5PX,W80 0PX,0,0
-20.018270801566477,9.416719160683692e-07,hospital_a,hospital_b,A0364,B0746,1983-01-10,1946-03-05,0,Kyle,Colin,0,Brown,Brown,3,S33DL,G9T0DN,0,0
-20.018270801566477,9.416719160683692e-07,hospital_a,hospital_b,A0365,B0797,1942-03-14,1991-01-19,0,Ronald,Jennifer,0,Smith,Smith,3,RG6 5GP,N26 6LX,0,0
-20.018270801566477,9.416719160683692e-07,hospital_a,hospital_b,A0367,B0777,1959-04-12,1998-10-14,0,Louise,Declan,0,Cox,Cox,3,HD0 4AJ,E2 2TN,0,0
-20.018270801566477,9.416719160683692e-07,hospital_a,hospital_b,A0368,B0561,1967-07-30,1987-12-16,0,Maria,Jade,0,Storey,Storey,3,E7 3BF,AB1 8NH,0,0
-20.018270801566477,9.416719160683692e-07,hospital_a,hospital_b,A0369,B0605,1987-12-19,1980-06-07,0,Jdae,Harrite,0,Kemp,Kemp,3,S29 4NY,E9C 5QF,0,0
-20.018270801566477,9.416719160683692e-07,hospital_a,hospital_b,A0370,B0156,1988-12-07,1981-09-01,0,Mary,Gillian,0,Lowe,Lowe,3,W06 1NZ,B3 7ZT,0,0
-20.018270801566477,9.416719160683692e-07,hospital_a,hospital_b,A0372,B0569,1961-08-31,1942-11-06,0,Joshua,Aaron,0,Woodward,Woodward,3,SK0Y 4ZT,TW4W 5JT,0,0
2.9866198006579197,0.8879695849880381,hospital_a,hospital_b,A0373,B0382,1949-01-24,1949-01-24,1,Jonahtan,Jonathan,2,Joyce,Joyce,3,DA648XR,DA64 8XR,0,0
-20.018270801566477,9.416719160683692e-07,hospital_a,hospital_b,A0374,B0613,1948-10-31,1968-01-09,0,Kirsty,Craig,0,Bradley,Bradley,3,G3 6TZ,M3 0XA,0,0
22.986540461169,0.9999998796733648,hospital_a,hospital_b,A0375,B0385,1970-09-14,1970-09-14,1,Fiona,Fiona,3,Henry,Henry,3,B0 0YB,B0 0YB,1,0
22.986540461169,0.9999998796733648,hospital_a,hospital_b,A0376,B0386,1985-01-22,1985-01-22,1,Anne,Anne,3,Holt,Holt,3,HD3 6RZ,HD3 6RZ,1,0
-20.018270801566477,9.416719160683692e-07,hospital_a,hospital_b,A0377,B0695,1955-09-07,1938-05-16,0,Adrain,Gregory,0,Taylor,Taylor,3,SY3N9UW,TN35 8GN,0,0
-20.018270801566477,9.416719160683692e-07,hospital_a,hospital_b,A0378,B0197,1980-01-02,1959-12-28,0,Danielle,Natasha,0,Matthews,Matthews,3,N6 1RN,B2G1FU,0,0
17.53402081439428,0.9999947309599222,hospital_a,hospital_b,A0379,B0389,1970-06-25,1970-06-25,1,Katei,Katie,2,Nolan,Nolan,3,L3D 1ES,L3D 1ES,1,0
-20.018270801566477,9.416719160683692e-07,hospital_a,hospital_b,A0380,B0047,1997-07-30,2001-02-08,0,Marion,Joyce,0,Owen,Owen,3,OX04 9XH,HU0P3ET,0,0
-20.018270801566477,9.416719160683692e-07,hospital_a,hospital_b,A0381,B0833,1997-07-04,1984-02-14,0,Hannah,Damian,0,Bailey,Bailey,3,CT4 7TF,M18 2AD,0,0
-20.018270801566477,9.416719160683692e-07,hospital_a,hospital_b,A0382,B0742,2005-11-02,2004-01-16,0,Oilvia,Lisa,0,Harris,Harris,3,N2 3BG,N4W 9UZ,0,0
-20.018270801566477,9.416719160683692e-07,hospital_a,hospital_b,A0383,B0806,1964-10-10,1983-07-29,0,Kieran,Benjamin,0,Johnson,Johnson,3,E3 7NZ,G3U 4PE,0,0
-20.018270801566477,9.416719160683692e-07,hospital_a,hospital_b,A0384,B0619,1944-03-11,1988-03-12,0,Trevor,Stephen,0,Clakr,Clakr,3,SG8H 9YY,WR98 4AY,0,0
22.986540461169,0.9999998796733648,hospital_a,hospital_b,A0386,B0398,1993-09-20,1993-09-20,1,Christopher,Christopher,3,Duffy,Duffy,3,B2 2DX,B2 2DX,1,0
-20.018270801566477,9.416719160683692e-07,hospital_a,hospital_b,A0387,B0801,2004-04-29,1961-02-11,0,Clifford,Geogrina,0,Parker,Parker,3,SE8 2YU,PE5X 3DB,0,0
-20.018270801566477,9.416719160683692e-07,hospital_a,hospital_b,A0388,B0635,1950-12-29,1969-08-02,0,Clifford,Mohammad,0,Davis,Davis,3,L95 2ZS,IP98 7PD,0,0
-20.018270801566477,9.416719160683692e-07,hospital_a,hospital_b,A0390,B0522,1975-04-25,1948-05-03,0,Stacey,Julie,0,Griffiths,Griffiths,3,N1 5LF,NN61 0PY,0,0
-20.018270801566477,9.416719160683692e-07,hospital_a,hospital_b,A0391,B0514,1994-03-07,1937-10-02,0,Stewart,Katy,0,Fox,Fox,3,N9 8LZ,CF5A 6UP,0,0
-20.018270801566477,9.416719160683692e-07,hospital_a,hospital_b,A0392,B0847,1944-08-05,1978-01-12,0,Sophie,Tom,0,Jones,Jones,3,G26YL,B30 4LY,0,0
-20.018270801566477,9.416719160683692e-07,hospital_a,hospital_b,A0395,B0485,1947-08-02,1965-11-10,0,Lnyda,Bernard,0,Patterson,Patterson,3,L2B2WQ,G8D 9FZ,0,0
17.53402081439428,0.9999947309599222,hospital_a,hospital_b,A0397,B0405,1988-01-08,1988-01-08,1,Chrisotpher,Christohper,2,Stone,Stone,3,HU01 7HD,HU01 7HD,1,0
-20.018270801566477,9.416719160683692e-07,hospital_a,hospital_b,A0398,B0705,1966-07-21,1970-02-04,0,Karen,Glenn,0,Burns,Burns,3,M172FQ,NR8E0HJ,0,0
-20.018270801566477,9.416719160683692e-07,hospital_a,hospital_b,A0399,B0547,2004-07-07,1991-06-28,0,Sahun,Hilary,0,King,King,3,FK1P 8UF,N9C 2HN,0,0
-20.018270801566477,9.416719160683692e-07,hospital_a,hospital_b,A0400,B0530,1952-07-19,2007-02-22,0,aJmes,Sam,0,Perkins,Perkins,3,WA5P 6UN,NR65 6ZL,0,0
-20.018270801566477,9.416719160683692e-07,hospital_a,hospital_b,A0401,B0797,2000-08-17,1991-01-19,0,Samantha,Jennifer,0,Smith,Smith,3,B00 3NU,N26 6LX,0,0
-20.018270801566477,9.416719160683692e-07,hospital_a,hospital_b,A0402,B0842,1942-06-26,1943-04-22,0,Geraldine,iGllian,0,Williams,Williams,3,N4T 3XF,OL5E 3PH,0,0
-20.018270801566477,9.416719160683692e-07,hospital_a,hospital_b,A0404,B0767,1963-10-09,1942-09-29,0,Jacqueline,Carl,0,Moore,Moore,3,M3C 2YH,G59 6LX,0,0
-20.018270801566477,9.416719160683692e-07,hospital_a,hospital_b,A0405,B0766,1952-09-02,1979-06-06,0,Francis,Ruth,0,Thomas,Thomas,3,G4 4BJ,SN49 6XJ,0,0
-20.018270801566477,9.416719160683692e-07,hospital_a,hospital_b,A0406,B0662,1965-02-03,1965-10-15,0,Arthur,Reece,0,Atkinson,Atkinson,3,M5A 5JL,N5 5AE,0,0
-20.018270801566477,9.416719160683692e-07,hospital_a,hospital_b,A0407,B0849,1948-06-14,1954-05-05,0,Abigail,Chalrie,0,Curtis,Curtis,3,BA4 2RZ,NR4 4PR,0,0
-20.018270801566477,9.416719160683692e-07,hospital_a,hospital_b,A0408,B0847,1976-05-15,1978-01-12,0,Bradley,Tom,0,Jones,Jones,3,TW24 7FJ,B30 4LY,0,0
22.986540461169,0.9999998796733648,hospital_a,hospital_b,A0409,B0420,2001-11-15,2001-11-15,1,Elizabeth,Elizabeth,3,Sanders,Sanders,3,L6 2QN,L6 2QN,1,0
22.986540461169,0.9999998796733648,hospital_a,hospital_b,A0410,B0421,1961-08-07,1961-08-07,1,Amber,Amber,3,Shepherd,Shepherd,3,B9 2SW,B9 2SW,1,0
-20.018270801566477,9.416719160683692e-07,hospital_a,hospital_b,A0411,B0263,1971-09-24,1993-11-07,0,Stuart,Albert,0,Dixon,Dixon,3,EX1 2FP,SA97JY,0,0
-20.018270801566477,9.416719160683692e-07,hospital_a,hospital_b,A0412,B0594,1948-07-23,1959-12-03,0,Brandon,Lucy,0,Turner,Turner,3,HU57 7SZ,SW7 5XB,0,0
-20.018270801566477,9.416719160683692e-07,hospital_a,hospital_b,A0413,B0803,1977-09-10,1937-09-16,0,eBrnard,Linda,0,Cooper,Cooper,3,NG933QA,LU99 0RY,0,0
17.53402081439428,0.9999947309599222,hospital_a,hospital_b,A0415,B0426,1987-01-25,1987-01-25,1,Aleaxndra,Aelxandra,2,Knight,Knight,3,CW41 2HR,CW41 2HR,1,0
-20.018270801566477,9.416719160683692e-07,hospital_a,hospital_b,A0417,B0697,1937-08-24,2007-10-13,0,Recee,Joyce,0,Dawson,Dawson,3,BT9 9UB,EC33QH,0,0
-20.018270801566477,9.416719160683692e-07,hospital_a,hospital_b,A0419,B0520,1991-05-29,1966-05-12,0,aGil,Jacqueline,0,Lambert,Lambert,3,N72 4QZ,HA6 0LS,0,0
-20.018270801566477,9.416719160683692e-07,hospital_a,hospital_b,A0420,B0796,1945-09-10,1994-06-25,0,eLwis,Recee,0,Nelson,Nelson,3,NR1 1TP,L1 4PB,0,0
-20.018270801566477,9.416719160683692e-07,hospital_a,hospital_b,A0421,B0256,2006-09-18,1964-10-15,0,Garry,Molly,0,Fleming,Fleming,3,SA21 0QN,M05 0XQ,0,0
-20.018270801566477,9.416719160683692e-07,hospital_a,hospital_b,A0422,B0797,1999-03-14,1991-01-19,0,Barbara,Jennifer,0,Smith,Smith,3,BH9X 3XA,N26 6LX,0,0
-20.018270801566477,9.416719160683692e-07,hospital_a,hospital_b,A0423,B0547,1960-10-03,1991-06-28,0,Bethany,Hilary,0,King,King,3,RM87 1GE,N9C 2HN,0,0
-20.018270801566477,9.416719160683692e-07,hospital_a,hospital_b,A0424,B0827,1938-01-28,1939-10-21,0,Geoffrey,Nathan,0,White,White,3,W23 9BZ,N2 8DA,0,0
2.9866198006579197,0.8879695849880381,hospital_a,hospital_b,A0425,B0433,1941-05-20,1941-05-20,1,Howard,oHward,2,Woods,Woods,3,M6 4TS,M64TS,0,0
-20.018270801566477,9.416719160683692e-07,hospital_a,hospital_b,A0426,B0678,1971-09-29,1943-04-20,0,lCare,Jemma,0,McDonald,McDonald,3,CH6 8AT,IG8M 4WN,0,0
-20.018270801566477,9.416719160683692e-07,hospital_a,hospital_b,A0428,B0565,1954-10-26,1965-12-01,0,Francis,Ruth,0,Buckley,Buckley,3,EX4P 0SB,HU1 1UJ,0,0
-20.018270801566477,9.416719160683692e-07,hospital_a,hospital_b,A0430,B0658,1958-10-26,1959-03-01,0,Andrea,Tom,0,Walsh,Walsh,3,E0 0YF,WF11 1AF,0,0
-20.018270801566477,9.416719160683692e-07,hospital_a,hospital_b,A0431,B0797,2000-10-30,1991-01-19,0,Christian,Jennifer,0,Smith,Smith,3,DG8 6LB,N26 6LX,0,0
-20.018270801566477,9.416719160683692e-07,hospital_a,hospital_b,A0432,B0420,1954-05-29,2001-11-15,0,eKnneth,Elizabeth,0,Sanders,Sanders,3,E173RE,L6 2QN,0,0
-20.018270801566477,9.416719160683692e-07,hospital_a,hospital_b,A0434,B0586,1990-11-01,1936-07-22,0,Dnaiel,Michelel,0,Weston,Weston,3,N13 5FJ,DA5N2EJ,0,0
-20.018270801566477,9.416719160683692e-07,hospital_a,hospital_b,A0436,B0474,1966-08-16,1962-12-24,0,Raymond,Eleanor,0,Jenkins,Jenkins,3,N5S 7GB,ST0V 0RR,0,0
22.986540461169,0.9999998796733648,hospital_a,hospital_b,A0437,B0444,1961-05-25,1961-05-25,1,Anne,Anne,3,James,James,3,L5 2PE,L5 2PE,1,0
-20.018270801566477,9.416719160683692e-07,hospital_a,hospital_b,A0439,B0343,1993-11-13,2006-10-23,0,Pauline,Douglas,0,Green,Green,3,GU4N 6DX,G4C 4DF,0,0
-20.018270801566477,9.416719160683692e-07,hospital_a,hospital_b,A0440,B0821,1938-10-10,2006-11-01,0,Timothy,Carol,0,Day,Day,3,G1 6JG,IG7 9LU,0,0
-20.018270801566477,9.416719160683692e-07,hospital_a,hospital_b,A0441,B0583,2006-07-23,1951-07-24,0,Lesley,Scott,0,Adams,Adams,3,TD71LN,CH1E1GX,0,0
-20.018270801566477,9.416719160683692e-07,hospital_a,hospital_b,A0443,B0842,1946-04-12,1943-04-22,0,Owen,iGllian,0,Williams,Williams,3,S8F 7LQ,OL5E 3PH,0,0
-20.018270801566477,9.416719160683692e-07,hospital_a,hospital_b,A0444,B0644,1966-12-07,1988-02-24,0,Tina,Michael,0,Hughes,Hughes,3,BL3B 1BB,CA64 3LQ,0,0
-20.018270801566477,9.416719160683692e-07,hospital_a,hospital_b,A0445,B0654,1995-06-10,2002-02-02,0,Oilver,aGry,0,Lloyd,Lloyd,3,FK7H 3QN,W11 5ZQ,0,0
-20.018270801566477,9.416719160683692e-07,hospital_a,hospital_b,A0446,B0764,1947-06-13,1978-05-21,0,Guy,Dawn,0,Davies,Davies,3,ZE7 0US,S88 7RY,0,0
-20.018270801566477,9.416719160683692e-07,hospital_a,hospital_b,A0448,B0847,1961-11-16,1978-01-12,0,Cheyrl,Tom,0,Jones,Jones,3,N48ZU,B30 4LY,0,0
-20.018270801566477,9.416719160683692e-07,hospital_a,hospital_b,A0449,B0797,1989-05-18,1991-01-19,0,Robert,Jennifer,0,Smith,Smith,3,HX31 6EL,N26 6LX,0,0
22.986540461169,0.9999998796733648,hospital_a,hospital_b,A0450,B0456,1955-06-13,1955-06-13,1,Helen,Helen,3,Harding,Harding,3,B98 9ES,B98 9ES,1,0
-20.018270801566477,9.416719160683692e-07,hospital_a,hospital_b,A0451,B0806,1983-10-12,1983-07-29,0,Gregory,Benjamin,0,Johnson,Johnson,3,LU4 4AT,G3U 4PE,0,0
-20.018270801566477,9.416719160683692e-07,hospital_a,hospital_b,A0457,B0842,1983-05-01,1943-04-22,0,Gail,iGllian,0,Williams,Williams,3,S2 2FJ,OL5E 3PH,0,0
-20.018270801566477,9.416719160683692e-07,hospital_a,hospital_b,A0458,B0547,1963-11-03,1991-06-28,0,Laura,Hilary,0,King,King,3,TR1R 6FA,N9C 2HN,0,0
22.986540461169,0.9999998796733648,hospital_a,hospital_b,A0459,B0466,1969-06-10,1969-06-10,1,Owen,Owen,3,Robson,Robson,3,LE4A 5WW,LE4A 5WW,1,0
-20.018270801566477,9.416719160683692e-07,hospital_a,hospital_b,A0460,B0800,1992-09-17,1962-05-12,0,Kelly,Carol,0,Edwards,Edwards,3,TN4 1UR,N41 0DF,0,0
-20.018270801566477,9.416719160683692e-07,hospital_a,hospital_b,A0461,B0766,1997-06-25,1979-06-06,0,Joseph,Ruth,0,Thomas,Thomas,3,L11 7PJ,SN49 6XJ,0,0
-20.018270801566477,9.416719160683692e-07,hospital_a,hospital_b,A0462,B0326,1940-08-08,1966-10-21,0,Ian,Harriet,0,Baker,Baker,3,PL0 5ET,WD79 0UR,0,0
-20.018270801566477,9.416719160683692e-07,hospital_a,hospital_b,A0463,B0782,1973-11-12,1943-08-26,0,Shaun,Bethany,0,Willimas,Willimas,3,E90 3BF,W6 0XD,0,0
-20.018270801566477,9.416719160683692e-07,hospital_a,hospital_b,A0465,B0481,1959-06-10,1960-10-24,0,Lee,Samuel,0,Foster,Foster,3,M46 1GN,W13HP,0,0
-20.018270801566477,9.416719160683692e-07,hospital_a,hospital_b,A0468,B0281,2002-04-21,1970-10-11,0,Gordon,Christine,0,Wadr,Wadr,3,L19 3SX,E7T7ZQ,0,0
-20.018270801566477,9.416719160683692e-07,hospital_a,hospital_b,A0469,B0481,2000-04-14,1960-10-24,0,Bruce,Samuel,0,Foster,Foster,3,CO9 7ED,W13HP,0,0
-20.018270801566477,9.416719160683692e-07,hospital_a,hospital_b,A0470,B0695,1953-02-09,1938-05-16,0,Iain,Gregory,0,Taylor,Taylor,3,HD8 0QS,TN35 8GN,0,0
-20.018270801566477,9.416719160683692e-07,hospital_a,hospital_b,A0471,B0595,1952-06-11,1984-05-01,0,Patrick,Chalrotte,0,Fowler,Fowler,3,SA71 7BL,IM5N 6PF,0,0
-20.018270801566477,9.416719160683692e-07,hospital_a,hospital_b,A0472,B0842,1951-09-01,1943-04-22,0,Jacqueline,iGllian,0,Williams,Williams,3,DE68 4BX,OL5E 3PH,0,0
22.986540461169,0.9999998796733648,hospital_a,hospital_b,A0474,B0478,1956-11-16,1956-11-16,1,Frederick,Frederick,3,Vaughan,Vaughan,3,S0K 5LL,S0K 5LL,1,0
-20.018270801566477,9.416719160683692e-07,hospital_a,hospital_b,A0475,B0592,1970-05-04,2004-05-21,0,Alan,Michael,0,Morgan,Morgan,3,L6A 4ZX,N5B 1GF,0,0
2.9866198006579197,0.8879695849880381,hospital_a,hospital_b,A0476,B0480,1998-11-19,1998-11-19,1,Harrite,Harriet,2,Coleman,Coleman,3,BL3B 2WT,BL3B2WT,0,0
22.986540461169,0.9999998796733648,hospital_a,hospital_b,A0477,B0481,1960-10-24,1960-10-24,1,Samuel,Samuel,3,Foster,Foster,3,W13HP,W13HP,1,0
22.986540461169,0.9999998796733648,hospital_a,hospital_b,A0478,B0482,2000-10-17,2000-10-17,1,Albert,Albert,3,Simpson,Simpson,3,LN4 2QB,LN4 2QB,1,0
22.986540461169,0.9999998796733648,hospital_a,hospital_b,A0479,B0483,1977-10-26,1977-10-26,1,Robin,Robin,3,Lamb,Lamb,3,SR2P 1JY,SR2P 1JY,1,0
-20.018270801566477,9.416719160683692e-07,hospital_a,hospital_b,A0480,B0611,1956-09-04,1962-08-29,0,Gordon,uGy,0,Lee,Lee,3,N35 7PE,S5 2PZ,0,0
22.986540461169,0.9999998796733648,hospital_a,hospital_b,A0481,B0485,1965-11-10,1965-11-10,1,Bernard,Bernard,3,Patterson,Patterson,3,G8D 9FZ,G8D 9FZ,1,0
17.53402081439428,0.9999947309599222,hospital_a,hospital_b,A0482,B0486,1949-09-29,1949-09-29,1,Julia,Jluia,2,Wallace,Wallace,3,W02 6LX,W02 6LX,1,0
22.986540461169,0.9999998796733648,hospital_a,hospital_b,A0485,B0488,1967-04-29,1967-04-29,1,Gerard,Gerard,3,Robertson,Robertson,3,M49 3LF,M49 3LF,1,0
-20.018270801566477,9.416719160683692e-07,hospital_a,hospital_b,A0486,B0611,1937-03-01,1962-08-29,0,Wendy,uGy,0,Lee,Lee,3,M96 8FT,S5 2PZ,0,0
-20.018270801566477,9.416719160683692e-07,hospital_a,hospital_b,A0488,B0644,1979-11-26,1988-02-24,0,Joseph,Michael,0,Hughes,Hughes,3,DD0P 9RY,CA64 3LQ,0,0
-20.018270801566477,9.416719160683692e-07,hospital_a,hospital_b,A0489,B0679,1963-11-30,1973-12-19,0,eWndy,Beverley,0,Roberts,Roberts,3,NP7 1JE,W80 0PX,0,0
-20.018270801566477,9.416719160683692e-07,hospital_a,hospital_b,A0493,B0575,1951-01-09,1942-02-26,0,Karen,Trevor,0,Fry,Fry,3,EH0A 8EW,OX66 7FP,0,0
-20.018270801566477,9.416719160683692e-07,hospital_a,hospital_b,A0494,B0613,1962-11-13,1968-01-09,0,aHrry,Craig,0,Bradley,Bradley,3,CO411WS,M3 0XA,0,0
-20.018270801566477,9.416719160683692e-07,hospital_a,hospital_b,A0495,B0555,1936-12-28,1994-01-30,0,Diane,eGrald,0,Lewis,Lewis,3,LE3 4YU,L11 4ZE,0,0
-20.018270801566477,9.416719160683692e-07,hospital_a,hospital_b,A0496,B0767,1950-06-11,1942-09-29,0,Neli,Carl,0,Moore,Moore,3,PE31 6ZU,G59 6LX,0,0
22.986540461169,0.9999998796733648,hospital_a,hospital_b,A0497,B0499,1954-11-09,1954-11-09,1,Jane,Jane,3,Carr,Carr,3,W87 3PT,W87 3PT,1,0
-20.018270801566477,9.416719160683692e-07,hospital_a,hospital_b,A0500,B0746,1949-05-06,1946-03-05,0,Teresa,Colin,0,Brown,Brown,3,UB6 5ZR,G9T0DN,0,0
-20.018270801566477,9.416719160683692e-07,hospital_a,hospital_b,A0501,B0767,1944-07-13,1942-09-29,0,Marcus,Carl,0,Moore,Moore,3,S5K 9UH,G59 6LX,0,0
-20.018270801566477,9.416719160683692e-07,hospital_a,hospital_b,A0503,B0013,1940-12-28,1990-03-03,0,oZe,Clare,0,Saunders,Saunders,3,L2S 2SX,B7 1XH,0,0
-20.018270801566477,9.416719160683692e-07,hospital_a,hospital_b,A0505,B0821,2000-07-25,2006-11-01,0,Lauren,Carol,0,Day,Day,3,G21 1BT,IG7 9LU,0,0
-20.018270801566477,9.416719160683692e-07,hospital_a,hospital_b,A0506,B0555,2003-12-11,1994-01-30,0,Claire,eGrald,0,Lewis,Lewis,3,KT01 8FL,L11 4ZE,0,0
22.986540461169,0.9999998796733648,hospital_a,hospital_b,A0507,B0510,1960-03-17,1960-03-17,1,Chelsea,Chelsea,3,Dodd,Dodd,3,E9H 1DG,E9H 1DG,1,0
-20.018270801566477,9.416719160683692e-07,hospital_a,hospital_b,A0508,B0844,1984-12-27,1954-01-27,0,Louis,Ross,0,Brookes,Brookes,3,G40 4GL,M9 6YZ,0,0
-20.018270801566477,9.416719160683692e-07,hospital_a,hospital_b,A0509,B0627,1954-08-05,1971-02-18,0,Grary,Terence,0,Harrison,Harrison,3,HU95 8TG,GY209PS,0,0
-20.018270801566477,9.416719160683692e-07,hospital_a,hospital_b,A0510,B0627,1972-01-22,1971-02-18,0,Glnen,Terence,0,Harrison,Harrison,3,TQ4B 4HT,GY209PS,0,0
22.986540461169,0.9999998796733648,hospital_a,hospital_b,A0511,B0514,1937-10-02,1937-10-02,1,Katy,Katy,3,Fox,Fox,3,CF5A 6UP,CF5A 6UP,1,0
-20.018270801566477,9.416719160683692e-07,hospital_a,hospital_b,A0512,B0685,1969-10-05,1946-07-04,0,Amelia,Charles,0,Kelly,Kelly,3,WA73 6FP,S3 4WX,0,0
-20.018270801566477,9.416719160683692e-07,hospital_a,hospital_b,A0513,B0777,1978-02-03,1998-10-14,0,Aimee,Declan,0,Cox,Cox,3,G35 5WA,E2 2TN,0,0
22.986540461169,0.9999998796733648,hospital_a,hospital_b,A0514,B0520,1966-05-12,1966-05-12,1,Jacqueline,Jacqueline,3,Lambert,Lambert,3,HA6 0LS,HA6 0LS,1,0
-20.018270801566477,9.416719160683692e-07,hospital_a,hospital_b,A0515,B0537,1977-03-27,1981-07-23,0,Sahun,Lee,0,Newton,Newton,3,SL70 6SB,W177HE,0,0
-20.018270801566477,9.416719160683692e-07,hospital_a,hospital_b,A0516,B0801,1979-01-13,1961-02-11,0,Claier,Geogrina,0,Parker,Parker,3,EN6 4AX,PE5X 3DB,0,0
-20.018270801566477,9.416719160683692e-07,hospital_a,hospital_b,A0517,B0786,1974-08-23,1962-02-04,0,Leon,Zoe,0,Richards,Richards,3,B59 3SL,L6G 4XF,0,0
-20.018270801566477,9.416719160683692e-07,hospital_a,hospital_b,A0520,B0635,2005-12-05,1969-08-02,0,Irene,Mohammad,0,Davis,Davis,3,LU8N 3WQ,IP98 7PD,0,0
-14.44359436615754,4.487715947894868e-05,hospital_a,hospital_b,A0521,B0118,1965-08-10,1993-05-20,0,Jay,Jake,1,Armstrong,Armstrong,3,M8 3RX,M04 8NG,0,0
22.986540461169,0.9999998796733648,hospital_a,hospital_b,A0525,B0532,1956-09-02,1956-09-02,1,Marc,Marc,3,Stanley,Stanley,3,L9 7JZ,L9 7JZ,1,0
-20.018270801566477,9.416719160683692e-07,hospital_a,hospital_b,A0526,B0662,1940-05-19,1965-10-15,0,Bethany,Reece,0,Atkinson,Atkinson,3,BD6V 6DS,N5 5AE,0,0
-20.018270801566477,9.416719160683692e-07,hospital_a,hospital_b,A0527,B0800,1972-08-17,1962-05-12,0,Tracey,Carol,0,Edwards,Edwards,3,LA6B 2LY,N41 0DF,0,0
-20.018270801566477,9.416719160683692e-07,hospital_a,hospital_b,A0529,B0767,1987-05-23,1942-09-29,0,Lauren,Carl,0,Moore,Moore,3,SP2 7TN,G59 6LX,0,0
22.986540461169,0.9999998796733648,hospital_a,hospital_b,A0530,B0533,1977-12-07,1977-12-07,1,Carole,Carole,3,Stokes,Stokes,3,HX8 7ZG,HX8 7ZG,1,0
-20.018270801566477,9.416719160683692e-07,hospital_a,hospital_b,A0531,B0766,1979-10-02,1979-06-06,0,Edwrad,Ruth,0,Thomas,Thomas,3,M1T 1FW,SN49 6XJ,0,0
8.439139447432636,0.9971271270496563,hospital_a,hospital_b,A0532,B0537,1981-07-23,1981-07-23,1,Lee,Lee,3,Newton,Newton,3,W17 7HE,W177HE,0,0
-20.018270801566477,9.416719160683692e-07,hospital_a,hospital_b,A0533,B0796,1980-02-19,1994-06-25,0,Joan,Recee,0,Nelson,Nelson,3,AB46 7GP,L1 4PB,0,0
-20.018270801566477,9.416719160683692e-07,hospital_a,hospital_b,A0534,B0842,2006-08-15,1943-04-22,0,Kayleigh,iGllian,0,Williams,Williams,3,W05 7GG,OL5E 3PH,0,0
-20.018270801566477,9.416719160683692e-07,hospital_a,hospital_b,A0535,B0807,1950-11-06,1974-10-11,0,Ryamond,Kim,0,Miller,Miller,3,M5U 1NZ,ML43 2ED,0,0
-20.018270801566477,9.416719160683692e-07,hospital_a,hospital_b,A0536,B0366,2005-02-14,1943-05-14,0,Cheyrl,Deborha,0,Fraser,Fraser,3,SA96 3LU,S7T 6HF,0,0
8.439139447432636,0.9971271270496563,hospital_a,hospital_b,A0538,B0542,1939-08-12,1939-08-12,1,Lynda,Lynda,3,Grant,Grant,3,N47NE,N4 7NE,0,0
-20.018270801566477,9.416719160683692e-07,hospital_a,hospital_b,A0539,B0842,1959-03-20,1943-04-22,0,Cragi,iGllian,0,Williams,Williams,3,M8J 0FD,OL5E 3PH,0,0
14.220175065804778,0.999947606428155,hospital_a,hospital_b,A0540,B0544,1954-03-11,1954-03-11,1,Sina,Sain,1,Page,Page,3,B2B 6RU,B2B 6RU,1,0
-20.018270801566477,9.416719160683692e-07,hospital_a,hospital_b,A0541,B0845,1981-08-04,1954-12-19,0,Lawrence,Eirc,0,Allen,Allen,3,BS9B 8GW,EX08 2JB,0,0
-20.018270801566477,9.416719160683692e-07,hospital_a,hospital_b,A0542,B0628,1977-04-10,1960-02-09,0,Liam,Josh,0,Clayton,Clayton,3,NG60 9NA,PA7H 1EG,0,0
22.986540461169,0.9999998796733648,hospital_a,hospital_b,A0543,B0547,1991-06-28,1991-06-28,1,Hilary,Hilary,3,King,King,3,N9C 2HN,N9C 2HN,1,0
-20.018270801566477,9.416719160683692e-07,hospital_a,hospital_b,A0544,B0623,1957-05-25,1995-09-14,0,Sylvia,Trevor,0,Martin,Martin,3,FK33 0FT,BS1M 1SQ,0,0
-20.018270801566477,9.416719160683692e-07,hospital_a,hospital_b,A0545,B0614,2004-04-05,1995-10-21,0,Conor,Laura,0,Bond,Bond,3,B6 6EQ,DN28 9NL,0,0
-20.018270801566477,9.416719160683692e-07,hospital_a,hospital_b,A0546,B0620,1955-05-04,1970-12-12,0,Andrew,Yvonne,0,Watson,Watson,3,YO5A 3GY,B45 9QT,0,0
-20.018270801566477,9.416719160683692e-07,hospital_a,hospital_b,A0547,B0786,1995-05-20,1962-02-04,0,Christine,Zoe,0,Richards,Richards,3,DD28 2QE,L6G 4XF,0,0
22.986540461169,0.9999998796733648,hospital_a,hospital_b,A0548,B0553,1959-06-28,1959-06-28,1,Matthew,Matthew,3,Gill,Gill,3,BD26 8RZ,BD26 8RZ,1,0
-20.018270801566477,9.416719160683692e-07,hospital_a,hospital_b,A0549,B0832,1997-10-13,2005-09-01,0,Gillian,Ryhs,0,Robinson,Robinson,3,W2W 4UU,CV2E 1ZN,0,0
-20.018270801566477,9.416719160683692e-07,hospital_a,hospital_b,A0550,B0822,1954-10-02,1955-01-21,0,Melissa,Megan,0,Scott,Scott,3,N65 9BR,SS98 1SH,0,0
-20.018270801566477,9.416719160683692e-07,hospital_a,hospital_b,A0551,B0847,1997-11-23,1978-01-12,0,Alexandra,Tom,0,Jones,Jones,3,S73 9LX,B30 4LY,0,0
14.220175065804778,0.999947606428155,hospital_a,hospital_b,A0552,B0558,1997-10-15,1997-10-15,1,Cehryl,Cherly,1,Glover,Glover,3,M1U 6AX,M1U 6AX,1,0
-20.018270801566477,9.416719160683692e-07,hospital_a,hospital_b,A0553,B0446,1975-09-04,1979-03-10,0,Mohammad,Harry,0,Price,Price,3,G62JA,S3K 4AY,0,0
22.986540461169,0.9999998796733648,hospital_a,hospital_b,A0555,B0561,1987-12-16,1987-12-16,1,Jade,Jade,3,Storey,Storey,3,AB1 8NH,AB1 8NH,1,0
8.439139447432636,0.9971271270496563,hospital_a,hospital_b,A0556,B0563,1981-03-02,1981-03-02,1,Judith,Judith,3,Webb,Webb,3,DY748ZT,DY74 8ZT,0,0
22.986540461169,0.9999998796733648,hospital_a,hospital_b,A0557,B0564,1985-10-04,1985-10-04,1,Leslie,Leslie,3,Hawkins,Hawkins,3,TA43 1ZZ,TA43 1ZZ,1,0
8.439139447432636,0.9971271270496563,hospital_a,hospital_b,A0558,B0565,1965-12-01,1965-12-01,1,Ruth,Ruth,3,Buckley,Buckley,3,HU11UJ,HU1 1UJ,0,0
-20.018270801566477,9.416719160683692e-07,hospital_a,hospital_b,A0559,B0695,1938-01-01,1938-05-16,0,Marion,Gregory,0,Taylor,Taylor,3,TW60 9GA,TN35 8GN,0,0
-20.018270801566477,9.416719160683692e-07,hospital_a,hospital_b,A0560,B0482,1953-06-09,2000-10-17,0,Jay,Albert,0,Simpson,Simpson,3,TN05 4GH,LN4 2QB,0,0
-20.018270801566477,9.416719160683692e-07,hospital_a,hospital_b,A0561,B0850,1942-09-05,1946-10-14,0,Elliott,Karl,0,Norton,Norton,3,CA6N 2RH,ST2A 3NT,0,0
22.986540461169,0.9999998796733648,hospital_a,hospital_b,A0563,B0569,1942-11-06,1942-11-06,1,Aaron,Aaron,3,Woodward,Woodward,3,TW4W 5JT,TW4W 5JT,1,0
22.986540461169,0.9999998796733648,hospital_a,hospital_b,A0564,B0571,2002-11-05,2002-11-05,1,Lauren,Lauren,3,Hargreaves,Hargreaves,3,N85 2PJ,N85 2PJ,1,0
22.986540461169,0.9999998796733648,hospital_a,hospital_b,A0566,B0573,1988-05-30,1988-05-30,1,Howard,Howard,3,May,May,3,PH7P 6HT,PH7P 6HT,1,0
22.986540461169,0.9999998796733648,hospital_a,hospital_b,A0568,B0575,1942-02-26,1942-02-26,1,Trevor,Trevor,3,Fry,Fry,3,OX66 7FP,OX66 7FP,1,0
-20.018270801566477,9.416719160683692e-07,hospital_a,hospital_b,A0569,B0676,2007-03-27,1953-07-13,0,Marc,Simon,0,Wilson,Wilson,3,BT5R 8LA,E6 3LE,0,0
-20.018270801566477,9.416719160683692e-07,hospital_a,hospital_b,A0570,B0679,1976-10-02,1973-12-19,0,Matthew,Beverley,0,Roberts,Roberts,3,WF1 3ZU,W80 0PX,0,0
-20.018270801566477,9.416719160683692e-07,hospital_a,hospital_b,A0572,B0812,1963-09-02,1962-09-09,0,Katy,Joseph,0,French,French,3,CH81 3QF,W28 5NB,0,0
-20.018270801566477,9.416719160683692e-07,hospital_a,hospital_b,A0573,B0035,2005-09-02,1961-09-10,0,Emma,Alexander,0,Kay,Kay,3,S8 8QB,RG70 4XF,0,0
-20.018270801566477,9.416719160683692e-07,hospital_a,hospital_b,A0574,B0778,1936-06-02,1989-06-20,0,Alexandra,Laeh,0,Hart,Hart,3,DL14 3PG,DA03 2DU,0,0
22.986540461169,0.9999998796733648,hospital_a,hospital_b,A0575,B0582,1998-05-03,1998-05-03,1,Gail,Gail,3,Tyler,Tyler,3,HA3X 6AS,HA3X 6AS,1,0
-20.018270801566477,9.416719160683692e-07,hospital_a,hospital_b,A0578,B0809,1989-03-08,1973-04-16,0,Amber,Clare,0,Middleton,Middleton,3,PH08 3PB,M7 0ZF,0,0
-20.018270801566477,9.416719160683692e-07,hospital_a,hospital_b,A0579,B0156,1951-09-22,1981-09-01,0,Iain,Gillian,0,Lowe,Lowe,3,DG5X 0TD,B3 7ZT,0,0
2.9866198006579197,0.8879695849880381,hospital_a,hospital_b,A0580,B0586,1936-07-22,1936-07-22,1,Michelle,Michelel,2,Weston,Weston,3,DA5N 2EJ,DA5N2EJ,0,0
-20.018270801566477,9.416719160683692e-07,hospital_a,hospital_b,A0581,B0785,1982-08-26,2001-05-07,0,Janice,Colni,0,Ford,Ford,3,OX64 7JU,IG41 3NA,0,0
-20.018270801566477,9.416719160683692e-07,hospital_a,hospital_b,A0583,B0843,1968-04-20,1984-07-07,0,Helen,Shaun,0,Hall,Hall,3,LL55 6FW,GU31 9NW,0,0
-20.018270801566477,9.416719160683692e-07,hospital_a,hospital_b,A0584,B0566,1993-02-07,1984-01-06,0,Lorraine,Maureen,0,Tayolr,Tayolr,3,RM46FU,E9 9EE,0,0
-20.018270801566477,9.416719160683692e-07,hospital_a,hospital_b,A0585,B0803,1973-01-22,1937-09-16,0,Katy,Linda,0,Cooper,Cooper,3,W03 9GL,LU99 0RY,0,0
-20.018270801566477,9.416719160683692e-07,hospital_a,hospital_b,A0586,B0771,1979-12-26,1963-02-09,0,Kathryn,Graeme,0,Begum,Begum,3,RG0X 1DA,SM1 5YL,0,0
17.53402081439428,0.9999947309599222,hospital_a,hospital_b,A0587,B0591,2001-08-29,2001-08-29,1,Gary,aGry,2,Evans,Evans,3,W7F 4NE,W7F 4NE,1,0
17.53402081439428,0.9999947309599222,hospital_a,hospital_b,A0589,B0592,2004-05-21,2004-05-21,1,iMchael,Michael,2,Morgan,Morgan,3,N5B 1GF,N5B 1GF,1,0
22.986540461169,0.9999998796733648,hospital_a,hospital_b,A0590,B0593,1993-08-20,1993-08-20,1,Owen,Owen,3,Gibbs,Gibbs,3,S2 4HW,S2 4HW,1,0
-20.018270801566477,9.416719160683692e-07,hospital_a,hospital_b,A0591,B0288,1959-12-03,1940-02-26,0,Lucy,Valerie,0,Turenr,Turenr,3,SW7 5XB,HX9R 4UE,0,0
22.986540461169,0.9999998796733648,hospital_a,hospital_b,A0592,B0595,1984-05-01,1984-05-01,1,Chalrotte,Chalrotte,3,Fowler,Fowler,3,IM5N 6PF,IM5N 6PF,1,0
-20.018270801566477,9.416719160683692e-07,hospital_a,hospital_b,A0594,B0806,1949-05-06,1983-07-29,0,Danny,Benjamin,0,Johnson,Johnson,3,W92 4YB,G3U 4PE,0,0
-20.018270801566477,9.416719160683692e-07,hospital_a,hospital_b,A0597,B0627,1979-06-27,1971-02-18,0,Linda,Terence,0,Harrison,Harrison,3,M5 5UQ,GY209PS,0,0
-20.018270801566477,9.416719160683692e-07,hospital_a,hospital_b,A0598,B0768,1958-12-17,1945-04-26,0,Natalie,Luke,0,Shaw,Shaw,3,LL77 2RS,IV7 8TZ,0,0
-20.018270801566477,9.416719160683692e-07,hospital_a,hospital_b,A0600,B0839,1966-11-18,1977-06-29,0,Lynda,Ellie,0,Wood,Wood,3,W05 1PU,DE3 2BG,0,0
17.53402081439428,0.9999947309599222,hospital_a,hospital_b,A0602,B0606,2001-02-12,2001-02-12,1,Trery,Terry,2,Thomson,Thomson,3,TN48 9PH,TN48 9PH,1,0
22.986540461169,0.9999998796733648,hospital_a,hospital_b,A0603,B0608,1981-07-01,1981-07-01,1,Elaine,Elaine,3,Simth,Simth,3,HU9 8FL,HU9 8FL,1,0
22.986540461169,0.9999998796733648,hospital_a,hospital_b,A0604,B0609,1972-02-01,1972-02-01,1,Gordon,Gordon,3,Norris,Norris,3,S60 4HF,S60 4HF,1,0
-20.018270801566477,9.416719160683692e-07,hospital_a,hospital_b,A0605,B0842,1958-03-18,1943-04-22,0,Marilyn,iGllian,0,Williams,Williams,3,LE4 9TN,OL5E 3PH,0,0
8.645498630395842,0.9975090647658219,hospital_a,hospital_b,A0606,B0611,1962-08-29,1962-08-29,1,Guy,uGy,0,Lee,Lee,3,S5 2PZ,S5 2PZ,1,0
17.53402081439428,0.9999947309599222,hospital_a,hospital_b,A0608,B0613,1968-01-09,1968-01-09,1,Cragi,Craig,2,Bradley,Bradley,3,M3 0XA,M3 0XA,1,0
-20.018270801566477,9.416719160683692e-07,hospital_a,hospital_b,A0609,B0803,1981-08-03,1937-09-16,0,Brandon,Linda,0,Cooper,Cooper,3,BA84 0SX,LU99 0RY,0,0
22.986540461169,0.9999998796733648,hospital_a,hospital_b,A0610,B0614,1995-10-21,1995-10-21,1,Laura,Laura,3,Bond,Bond,3,DN28 9NL,DN28 9NL,1,0
-20.018270801566477,9.416719160683692e-07,hospital_a,hospital_b,A0611,B0816,1956-02-12,1992-08-07,0,Lias,Charlie,0,Baldwin,Baldwin,3,W9 3GE,EH8 1ZR,0,0
-20.018270801566477,9.416719160683692e-07,hospital_a,hospital_b,A0612,B0843,1982-07-29,1984-07-07,0,Rebecca,Shaun,0,Hall,Hall,3,M38 4AH,GU31 9NW,0,0
-20.018270801566477,9.416719160683692e-07,hospital_a,hospital_b,A0613,B0063,2002-07-03,1992-07-02,0,Mandy,Glen,0,Mitchell,Mitchell,3,NW94 1ZE,L47 5YT,0,0
22.986540461169,0.9999998796733648,hospital_a,hospital_b,A0614,B0618,1950-12-31,1950-12-31,1,Lewis,Lewis,3,Collier,Collier,3,S51 6AN,S51 6AN,1,0
-20.018270801566477,9.416719160683692e-07,hospital_a,hospital_b,A0615,B0713,1988-03-12,2006-10-19,0,Stephen,William,0,Clark,Clark,3,WR98 4AY,MK31 3ZP,0,0
-14.44359436615754,4.487715947894868e-05,hospital_a,hospital_b,A0616,B0368,2006-04-22,1990-11-25,0,Natalie,Valerie,1,Ali,Ali,3,B1U 4UH,N1 8PS,0,0
22.986540461169,0.9999998796733648,hospital_a,hospital_b,A0617,B0620,1970-12-12,1970-12-12,1,Yvonne,Yvonne,3,Watson,Watson,3,B45 9QT,B45 9QT,1,0
-20.018270801566477,9.416719160683692e-07,hospital_a,hospital_b,A0618,B0828,2002-04-27,1987-01-20,0,Luke,Brenda,0,Ward,Ward,3,CT9N9FH,S2T 9GY,0,0
-20.018270801566477,9.416719160683692e-07,hospital_a,hospital_b,A0620,B0611,2000-08-20,1962-08-29,0,Dean,uGy,0,Lee,Lee,3,B81 2DN,S5 2PZ,0,0
17.53402081439428,0.9999947309599222,hospital_a,hospital_b,A0621,B0623,1995-09-14,1995-09-14,1,Treovr,Trevor,2,Martin,Martin,3,BS1M 1SQ,BS1M 1SQ,1,0
-20.018270801566477,9.416719160683692e-07,hospital_a,hospital_b,A0623,B0696,1990-09-11,1973-12-31,0,Ian,Beevrley,0,Hunt,Hunt,3,W4 1JE,L1 3XW,0,0
8.439139447432636,0.9971271270496563,hospital_a,hospital_b,A0625,B0627,1971-02-18,1971-02-18,1,Terence,Terence,3,Harrison,Harrison,3,GY20 9PS,GY209PS,0,0
8.439139447432636,0.9971271270496563,hospital_a,hospital_b,A0626,B0628,1960-02-09,1960-02-09,1,Josh,Josh,3,Clayton,Clayton,3,PA7H1EG,PA7H 1EG,0,0
-20.018270801566477,9.416719160683692e-07,hospital_a,hospital_b,A0628,B0766,1958-09-05,1979-06-06,0,Ann,Ruth,0,Thomas,Thomas,3,BB357ZJ,SN49 6XJ,0,0
14.220175065804778,0.999947606428155,hospital_a,hospital_b,A0630,B0636,2001-05-29,2001-05-29,1,Julina,Jluian,1,Webster,Webster,3,L54 5WS,L54 5WS,1,0
-20.018270801566477,9.416719160683692e-07,hospital_a,hospital_b,A0631,B0741,1950-03-17,1945-10-14,0,Joanna,Damian,0,Fisher,Fisher,3,PA82 4JH,N53 5XN,0,0
-20.018270801566477,9.416719160683692e-07,hospital_a,hospital_b,A0633,B0001,1967-03-13,1989-06-01,0,Marilyn,Ruth,0,Grifftihs,Grifftihs,3,CM2 1QB,L21 9SB,0,0
-20.018270801566477,9.416719160683692e-07,hospital_a,hospital_b,A0634,B0663,1976-08-22,2007-10-27,0,Simon,Deborah,0,Ball,Ball,3,E54SJ,L6U 7YX,0,0
17.53402081439428,0.9999947309599222,hospital_a,hospital_b,A0636,B0642,1955-02-13,1955-02-13,1,Daniel,aDniel,2,Henderson,Henderson,3,LU6V 5AU,LU6V 5AU,1,0
22.986540461169,0.9999998796733648,hospital_a,hospital_b,A0638,B0644,1988-02-24,1988-02-24,1,Michael,Michael,3,Hughes,Hughes,3,CA64 3LQ,CA64 3LQ,1,0
-20.018270801566477,9.416719160683692e-07,hospital_a,hospital_b,A0639,B0832,1961-11-23,2005-09-01,0,Alan,Ryhs,0,Robinson,Robinson,3,E21 4DW,CV2E 1ZN,0,0
22.986540461169,0.9999998796733648,hospital_a,hospital_b,A0640,B0646,1998-12-04,1998-12-04,1,Maria,Maria,3,Rice,Rice,3,B9S 4XU,B9S 4XU,1,0
-20.018270801566477,9.416719160683692e-07,hospital_a,hospital_b,A0641,B0739,1948-04-30,1997-09-09,0,Max,Denise,0,Warren,Warren,3,W8 2FX,LE6X 1RB,0,0
17.53402081439428,0.9999947309599222,hospital_a,hospital_b,A0642,B0648,1969-07-11,1969-07-11,1,Barry,aBrry,2,Thompson,Thompson,3,L95 7JT,L95 7JT,1,0
-20.018270801566477,9.416719160683692e-07,hospital_a,hospital_b,A0643,B0623,1979-01-26,1995-09-14,0,lAan,Trevor,0,Martin,Martin,3,WC49SR,BS1M 1SQ,0,0
-14.44359436615754,4.487715947894868e-05,hospital_a,hospital_b,A0644,B0783,1957-04-29,1982-02-01,0,Bradley,Stanley,1,Brooks,Brooks,3,G03 4UR,B7 6XF,0,0
-20.018270801566477,9.416719160683692e-07,hospital_a,hospital_b,A0645,B0794,1969-03-27,1976-11-09,0,Karen,Chloe,0,Manning,Manning,3,WV61 5WX,B076YP,0,0
22.986540461169,0.9999998796733648,hospital_a,hospital_b,A0647,B0653,1938-06-30,1938-06-30,1,Lsia,Lsia,3,Quinn,Quinn,3,G3 9HS,G3 9HS,1,0
17.53402081439428,0.9999947309599222,hospital_a,hospital_b,A0648,B0654,2002-02-02,2002-02-02,1,Gary,aGry,2,Lloyd,Lloyd,3,W11 5ZQ,W11 5ZQ,1,0
22.986540461169,0.9999998796733648,hospital_a,hospital_b,A0649,B0655,1953-03-10,1953-03-10,1,Marilyn,Marilyn,3,Marsh,Marsh,3,S7 5WN,S7 5WN,1,0
22.986540461169,0.9999998796733648,hospital_a,hospital_b,A0650,B0658,1959-03-01,1959-03-01,1,Tom,Tom,3,Walsh,Walsh,3,WF11 1AF,WF11 1AF,1,0
-20.018270801566477,9.416719160683692e-07,hospital_a,hospital_b,A0652,B0848,1978-08-07,1992-02-19,0,Abgiail,Susna,0,Dean,Dean,3,E9E 1TZ,W56 8ZR,0,0
-20.018270801566477,9.416719160683692e-07,hospital_a,hospital_b,A0654,B0747,1969-10-30,1978-08-10,0,Craolyn,Jaek,0,Klely,Klely,3,N2 3QD,E2 0FF,0,0
-20.018270801566477,9.416719160683692e-07,hospital_a,hospital_b,A0655,B0325,1986-12-03,1979-05-19,0,Toby,Jason,0,Morris,Morris,3,HD9Y0GL,CF6V 0RE,0,0
17.53402081439428,0.9999947309599222,hospital_a,hospital_b,A0656,B0662,1965-10-15,1965-10-15,1,Reeec,Reece,2,Atkinson,Atkinson,3,N5 5AE,N5 5AE,1,0
17.53402081439428,0.9999947309599222,hospital_a,hospital_b,A0657,B0663,2007-10-27,2007-10-27,1,eDborah,Deborah,2,Ball,Ball,3,L6U 7YX,L6U 7YX,1,0
17.53402081439428,0.9999947309599222,hospital_a,hospital_b,A0658,B0664,1979-09-21,1979-09-21,1,Gillian,Gillain,2,Johnston,Johnston,3,N93 4NB,N93 4NB,1,0
22.986540461169,0.9999998796733648,hospital_a,hospital_b,A0659,B0665,1966-09-03,1966-09-03,1,Shane,Shane,3,Frost,Frost,3,M8 0WN,M8 0WN,1,0
22.986540461169,0.9999998796733648,hospital_a,hospital_b,A0660,B0666,1985-04-18,1985-04-18,1,Abbie,Abbie,3,Thorpe,Thorpe,3,N3 0EF,N3 0EF,1,0
17.53402081439428,0.9999947309599222,hospital_a,hospital_b,A0661,B0667,1974-11-15,1974-11-15,1,Gerard,Gerrad,2,Gordon,Gordon,3,E1C 0JD,E1C 0JD,1,0
-20.018270801566477,9.416719160683692e-07,hospital_a,hospital_b,A0662,B0244,1992-08-16,1971-07-09,0,Aimee,Callmu,0,Flynn,Flynn,3,TN1 2RH,RG7R 9JN,0,0
2.9866198006579197,0.8879695849880381,hospital_a,hospital_b,A0663,B0669,1960-02-12,1960-02-12,1,Julia,uJlia,2,Parsons,Parsons,3,TQ61 3GH,TQ613GH,0,0
22.986540461169,0.9999998796733648,hospital_a,hospital_b,A0664,B0670,2000-12-24,2000-12-24,1,Jemma,Jemma,3,Connolly,Connolly,3,W3 9QA,W3 9QA,1,0
-20.018270801566477,9.416719160683692e-07,hospital_a,hospital_b,A0665,B0788,1976-04-07,1944-07-08,0,Lewis,Hazel,0,Wright,Wright,3,G7 8XP,G6 7WY,0,0
-20.018270801566477,9.416719160683692e-07,hospital_a,hospital_b,A0666,B0547,2008-03-02,1991-06-28,0,Clifford,Hilary,0,King,King,3,EX6E 5SD,N9C 2HN,0,0
-20.018270801566477,9.416719160683692e-07,hospital_a,hospital_b,A0667,B0766,1994-05-18,1979-06-06,0,Lesley,Ruth,0,Thomas,Thomas,3,NP149XJ,SN49 6XJ,0,0
-20.018270801566477,9.416719160683692e-07,hospital_a,hospital_b,A0668,B0822,1935-09-01,1955-01-21,0,Shane,Megan,0,Scott,Scott,3,M9U7XJ,SS98 1SH,0,0
22.986540461169,0.9999998796733648,hospital_a,hospital_b,A0670,B0676,1953-07-13,1953-07-13,1,Simon,Simon,3,Wilson,Wilson,3,E6 3LE,E6 3LE,1,0
8.439139447432636,0.9971271270496563,hospital_a,hospital_b,A0674,B0678,1943-04-20,1943-04-20,1,Jemma,Jemma,3,McDonald,McDonald,3,IG8M4WN,IG8M 4WN,0,0
-20.018270801566477,9.416719160683692e-07,hospital_a,hospital_b,A0675,B0841,1942-10-25,1937-09-30,0,Andrew,Rachel,0,Marshall,Marshall,3,L60 7SX,BD0 3QP,0,0
-20.018270801566477,9.416719160683692e-07,hospital_a,hospital_b,A0677,B0827,1947-06-23,1939-10-21,0,Chalrene,Nathan,0,White,White,3,SS0R 6PE,N2 8DA,0,0
17.53402081439428,0.9999947309599222,hospital_a,hospital_b,A0679,B0684,1988-04-06,1988-04-06,1,Aaron,aAron,2,Higgins,Higgins,3,DL5X 6FD,DL5X 6FD,1,0
17.53402081439428,0.9999947309599222,hospital_a,hospital_b,A0680,B0685,1946-07-04,1946-07-04,1,Chalres,Charles,2,Kelly,Kelly,3,S3 4WX,S3 4WX,1,0
22.986540461169,0.9999998796733648,hospital_a,hospital_b,A0682,B0686,1977-09-02,1977-09-02,1,Hannah,Hannah,3,Walker,Walker,3,TW2A 8JF,TW2A 8JF,1,0
-20.018270801566477,9.416719160683692e-07,hospital_a,hospital_b,A0683,B0827,1997-02-17,1939-10-21,0,Gail,Nathan,0,White,White,3,B0 0AD,N2 8DA,0,0
-20.018270801566477,9.416719160683692e-07,hospital_a,hospital_b,A0685,B0847,1971-02-19,1978-01-12,0,Sheila,Tom,0,Jones,Jones,3,G2 8ZB,B30 4LY,0,0
-20.018270801566477,9.416719160683692e-07,hospital_a,hospital_b,A0686,B0797,1953-03-19,1991-01-19,0,Irnee,Jennifer,0,Smith,Smith,3,RH5 5WL,N26 6LX,0,0
-20.018270801566477,9.416719160683692e-07,hospital_a,hospital_b,A0687,B0801,1957-12-03,1961-02-11,0,Irene,Geogrina,0,Parker,Parker,3,S087BS,PE5X 3DB,0,0
-20.018270801566477,9.416719160683692e-07,hospital_a,hospital_b,A0688,B0792,1954-10-31,1964-06-06,0,Malcolm,Adam,0,Collins,Collins,3,E6 8EX,ZE5P 0TG,0,0
-20.018270801566477,9.416719160683692e-07,hospital_a,hospital_b,A0689,B0746,1999-06-26,1946-03-05,0,Sam,Colin,0,Brown,Brown,3,CO5Y 3EN,G9T0DN,0,0
22.986540461169,0.9999998796733648,hospital_a,hospital_b,A0690,B0695,1938-05-16,1938-05-16,1,Gregory,Gregory,3,Taylor,Taylor,3,TN35 8GN,TN35 8GN,1,0
8.439139447432636,0.9971271270496563,hospital_a,hospital_b,A0691,B0697,2007-10-13,2007-10-13,1,Joyce,Joyce,3,Dawson,Dawson,3,EC3 3QH,EC33QH,0,0
-20.018270801566477,9.416719160683692e-07,hospital_a,hospital_b,A0692,B0732,1969-05-02,1980-03-25,0,Grace,Edwadr,0,Murphy,Murphy,3,B9 3YD,W8 9FU,0,0
-20.018270801566477,9.416719160683692e-07,hospital_a,hospital_b,A0693,B0487,1979-12-14,2001-04-18,0,Jake,Melanie,0,Blel,Blel,3,W5G 7WS,CO6 4EP,0,0
-20.018270801566477,9.416719160683692e-07,hospital_a,hospital_b,A0694,B0813,1978-11-17,2002-12-05,0,Georgina,Paula,0,Clarke,Clarke,3,L6 7UL,G20 1LL,0,0
22.986540461169,0.9999998796733648,hospital_a,hospital_b,A0695,B0700,1939-07-07,1939-07-07,1,Denis,Denis,3,Macdonald,Macdonald,3,PL1 8YN,PL1 8YN,1,0
22.986540461169,0.9999998796733648,hospital_a,hospital_b,A0697,B0702,1989-10-28,1989-10-28,1,Paula,Paula,3,Miles,Miles,3,RG0 3UR,RG0 3UR,1,0
22.986540461169,0.9999998796733648,hospital_a,hospital_b,A0700,B0705,1970-02-04,1970-02-04,1,Glenn,Glenn,3,Burns,Burns,3,NR8E0HJ,NR8E0HJ,1,0
8.439139447432636,0.9971271270496563,hospital_a,hospital_b,A0701,B0706,1976-06-27,1976-06-27,1,Kathleen,Kathleen,3,Chan,Chan,3,BR4M 0TL,BR4M0TL,0,0
-20.018270801566477,9.416719160683692e-07,hospital_a,hospital_b,A0702,B0325,1984-08-16,1979-05-19,0,Grcae,Jason,0,Morris,Morris,3,CA84 8QY,CF6V 0RE,0,0
17.53402081439428,0.9999947309599222,hospital_a,hospital_b,A0703,B0708,2006-06-13,2006-06-13,1,Shirely,Shirley,2,Hurst,Hurst,3,G31 3NF,G31 3NF,1,0
17.53402081439428,0.9999947309599222,hospital_a,hospital_b,A0704,B0709,1991-01-15,1991-01-15,1,Ruth,Ruht,2,Hardy,Hardy,3,W2 4XJ,W2 4XJ,1,0
22.986540461169,0.9999998796733648,hospital_a,hospital_b,A0706,B0711,1964-12-27,1964-12-27,1,Marion,Marion,3,Owesn,Owesn,3,L0 6EF,L0 6EF,1,0
22.986540461169,0.9999998796733648,hospital_a,hospital_b,A0707,B0713,2006-10-19,2006-10-19,1,William,William,3,Clark,Clark,3,MK31 3ZP,MK31 3ZP,1,0
-20.018270801566477,9.416719160683692e-07,hospital_a,hospital_b,A0708,B0446,1991-10-05,1979-03-10,0,Alexander,Harry,0,Price,Price,3,NE3W 6FB,S3K 4AY,0,0
-20.018270801566477,9.416719160683692e-07,hospital_a,hospital_b,A0709,B0800,1968-01-23,1962-05-12,0,Kevin,Carol,0,Edwards,Edwards,3,S62 5AX,N41 0DF,0,0
17.53402081439428,0.9999947309599222,hospital_a,hospital_b,A0710,B0716,1997-04-20,1997-04-20,1,Gillian,Gillain,2,Boyle,Boyle,3,E19 0RE,E19 0RE,1,0
2.9866198006579197,0.8879695849880381,hospital_a,hospital_b,A0712,B0720,1985-01-13,1985-01-13,1,Ktaherine,Katherine,2,Williamson,Williamson,3,KA0 3YT,KA03YT,0,0
-20.018270801566477,9.416719160683692e-07,hospital_a,hospital_b,A0713,B0822,2003-09-09,1955-01-21,0,Sheila,Megan,0,Scott,Scott,3,EX6W 1WG,SS98 1SH,0,0
-20.018270801566477,9.416719160683692e-07,hospital_a,hospital_b,A0714,B0004,1966-09-02,2003-08-29,0,Jill,Vanesas,0,Pihllips,Pihllips,3,M8W 2FB,BS9X 8JG,0,0
-20.018270801566477,9.416719160683692e-07,hospital_a,hospital_b,A0715,B0813,1999-09-15,2002-12-05,0,Eileen,Paula,0,Clarke,Clarke,3,WD91NQ,G20 1LL,0,0
-20.018270801566477,9.416719160683692e-07,hospital_a,hospital_b,A0716,B0797,1974-12-29,1991-01-19,0,Antony,Jennifer,0,Smith,Smith,3,IP73 0ZT,N26 6LX,0,0
22.986540461169,0.9999998796733648,hospital_a,hospital_b,A0718,B0725,1999-09-29,1999-09-29,1,Lee,Lee,3,Booth,Booth,3,YO5P 9PT,YO5P 9PT,1,0
-20.018270801566477,9.416719160683692e-07,hospital_a,hospital_b,A0719,B0628,1973-07-03,1960-02-09,0,oTny,Josh,0,Clayton,Clayton,3,PE63 5ZN,PA7H 1EG,0,0
22.986540461169,0.9999998796733648,hospital_a,hospital_b,A0720,B0727,2001-02-04,2001-02-04,1,Gordon,Gordon,3,Kaur,Kaur,3,E5G 4DP,E5G 4DP,1,0
22.986540461169,0.9999998796733648,hospital_a,hospital_b,A0722,B0729,1990-06-21,1990-06-21,1,Andrew,Andrew,3,John,John,3,GL4H 3NZ,GL4H 3NZ,1,0
17.53402081439428,0.9999947309599222,hospital_a,hospital_b,A0725,B0732,1980-03-25,1980-03-25,1,Edwrad,Edwadr,2,Murphy,Murphy,3,W8 9FU,W8 9FU,1,0
17.53402081439428,0.9999947309599222,hospital_a,hospital_b,A0727,B0734,1961-10-31,1961-10-31,1,oJan,Joan,2,Oliver,Oliver,3,TN9 2WF,TN9 2WF,1,0
22.986540461169,0.9999998796733648,hospital_a,hospital_b,A0729,B0736,1975-11-03,1975-11-03,1,Ashleigh,Ashleigh,3,Parkinson,Parkinson,3,E44 8WZ,E44 8WZ,1,0
-20.018270801566477,9.416719160683692e-07,hospital_a,hospital_b,A0731,B0833,1957-07-16,1984-02-14,0,Leah,Damian,0,Bailey,Bailey,3,B6 1WJ,M18 2AD,0,0
8.439139447432636,0.9971271270496563,hospital_a,hospital_b,A0732,B0738,1983-11-03,1983-11-03,1,Maureen,Maureen,3,Cole,Cole,3,G575LQ,G57 5LQ,0,0
22.986540461169,0.9999998796733648,hospital_a,hospital_b,A0733,B0739,1997-09-09,1997-09-09,1,Denise,Denise,3,Warren,Warren,3,LE6X 1RB,LE6X 1RB,1,0
17.53402081439428,0.9999947309599222,hospital_a,hospital_b,A0734,B0740,1983-02-16,1983-02-16,1,Chralie,Charlie,2,Bennett,Bennett,3,B52 2YY,B52 2YY,1,0
22.986540461169,0.9999998796733648,hospital_a,hospital_b,A0735,B0741,1945-10-14,1945-10-14,1,Damian,Damian,3,Fisher,Fisher,3,N53 5XN,N53 5XN,1,0
22.986540461169,0.9999998796733648,hospital_a,hospital_b,A0736,B0742,2004-01-16,2004-01-16,1,Lisa,Lisa,3,Harris,Harris,3,N4W 9UZ,N4W 9UZ,1,0
-20.018270801566477,9.416719160683692e-07,hospital_a,hospital_b,A0737,B0776,1988-04-15,2002-05-30,0,Patricia,Sean,0,Elliott,Elliott,3,L20LX,L8 3UP,0,0
-20.018270801566477,9.416719160683692e-07,hospital_a,hospital_b,A0738,B0797,1974-05-03,1991-01-19,0,eJffrey,Jennifer,0,Smith,Smith,3,B3 4NJ,N26 6LX,0,0
2.9866198006579197,0.8879695849880381,hospital_a,hospital_b,A0739,B0746,1946-03-05,1946-03-05,1,oClin,Colin,2,Brown,Brown,3,G9T 0DN,G9T0DN,0,0
-20.018270801566477,9.416719160683692e-07,hospital_a,hospital_b,A0740,B0685,1978-08-10,1946-07-04,0,Jaek,Charles,0,Kelly,Kelly,3,E20FF,S3 4WX,0,0
22.986540461169,0.9999998796733648,hospital_a,hospital_b,A0741,B0748,1943-07-06,1943-07-06,1,Ellie,Ellie,3,Archer,Archer,3,CF22 1ZB,CF22 1ZB,1,0
-20.018270801566477,9.416719160683692e-07,hospital_a,hospital_b,A0742,B0845,1959-02-16,1954-12-19,0,John,Eirc,0,Allen,Allen,3,G94 2AY,EX08 2JB,0,0
-20.018270801566477,9.416719160683692e-07,hospital_a,hospital_b,A0743,B0655,1977-11-16,1953-03-10,0,Sctot,Marilyn,0,Marsh,Marsh,3,E3 1FL,S7 5WN,0,0
-20.018270801566477,9.416719160683692e-07,hospital_a,hospital_b,A0744,B0434,2000-02-12,1970-06-11,0,Garry,Damien,0,Howarth,Howarth,3,B27 6EQ,G6F 0XZ,0,0
-20.018270801566477,9.416719160683692e-07,hospital_a,hospital_b,A0746,B0786,2001-07-26,1962-02-04,0,Andrwe,Zoe,0,Richards,Richards,3,ME97 6NZ,L6G 4XF,0,0
-20.018270801566477,9.416719160683692e-07,hospital_a,hospital_b,A0748,B0555,1975-01-09,1994-01-30,0,Mary,eGrald,0,Lewis,Lewis,3,E5H 2YA,L11 4ZE,0,0
-20.018270801566477,9.416719160683692e-07,hospital_a,hospital_b,A0749,B0843,1952-01-06,1984-07-07,0,lAexander,Shaun,0,Hall,Hall,3,B48LU,GU31 9NW,0,0
8.439139447432636,0.9971271270496563,hospital_a,hospital_b,A0750,B0756,1973-11-01,1973-11-01,1,Damien,Damien,3,Hill,Hill,3,LD69LU,LD6 9LU,0,0
17.53402081439428,0.9999947309599222,hospital_a,hospital_b,A0751,B0757,2000-03-24,2000-03-24,1,Conor,oCnor,2,Bull,Bull,3,UB21 9DW,UB21 9DW,1,0
17.53402081439428,0.9999947309599222,hospital_a,hospital_b,A0753,B0759,1976-05-17,1976-05-17,1,Joseph,Joesph,2,Perry,Perry,3,WF4W 5JD,WF4W 5JD,1,0
-20.018270801566477,9.416719160683692e-07,hospital_a,hospital_b,A0754,B0763,1964-02-13,1972-05-20,0,Jean,rGegory,0,Murray,Murray,3,W3S 3TY,S4 8FG,0,0
-20.018270801566477,9.416719160683692e-07,hospital_a,hospital_b,A0755,B0686,2007-12-20,1977-09-02,0,Shilrey,Hannah,0,Walker,Walker,3,TS01 2SF,TW2A 8JF,0,0
22.986540461169,0.9999998796733648,hospital_a,hospital_b,A0756,B0762,1983-05-30,1983-05-30,1,Sam,Sam,3,Benson,Benson,3,TR4B 3QZ,TR4B 3QZ,1,0
17.53402081439428,0.9999947309599222,hospital_a,hospital_b,A0757,B0763,1972-05-20,1972-05-20,1,Gregory,rGegory,2,Murray,Murray,3,S4 8FG,S4 8FG,1,0
-20.018270801566477,9.416719160683692e-07,hospital_a,hospital_b,A0758,B0301,1937-02-27,1978-05-22,0,Kyel,Danny,0,Long,Long,3,B6H 7DG,N595RE,0,0
22.986540461169,0.9999998796733648,hospital_a,hospital_b,A0760,B0766,1979-06-06,1979-06-06,1,Ruth,Ruth,3,Thomas,Thomas,3,SN49 6XJ,SN49 6XJ,1,0
22.986540461169,0.9999998796733648,hospital_a,hospital_b,A0761,B0767,1942-09-29,1942-09-29,1,Carl,Carl,3,Moore,Moore,3,G59 6LX,G59 6LX,1,0
22.986540461169,0.9999998796733648,hospital_a,hospital_b,A0762,B0768,1945-04-26,1945-04-26,1,Luke,Luke,3,Shaw,Shaw,3,IV7 8TZ,IV7 8TZ,1,0
-20.018270801566477,9.416719160683692e-07,hospital_a,hospital_b,A0764,B0746,1947-05-15,1946-03-05,0,Beth,Colin,0,Brown,Brown,3,SY4 2LE,G9T0DN,0,0
-20.018270801566477,9.416719160683692e-07,hospital_a,hospital_b,A0766,B0368,1997-03-04,1990-11-25,0,aMthew,Valerie,0,Ali,Ali,3,L56RL,N1 8PS,0,0
22.986540461169,0.9999998796733648,hospital_a,hospital_b,A0767,B0771,1963-02-09,1963-02-09,1,Graeme,Graeme,3,Begum,Begum,3,SM1 5YL,SM1 5YL,1,0
-20.018270801566477,9.416719160683692e-07,hospital_a,hospital_b,A0769,B0797,1962-06-20,1991-01-19,0,Rosemary,Jennifer,0,Smith,Smith,3,S70AZ,N26 6LX,0,0
-20.018270801566477,9.416719160683692e-07,hospital_a,hospital_b,A0770,B0464,1965-03-31,1983-05-01,0,Tracy,Gali,0,Willaims,Willaims,3,TQ6 2AN,S2 2FJ,0,0
-20.018270801566477,9.416719160683692e-07,hospital_a,hospital_b,A0771,B0758,1949-04-27,1981-01-15,0,Stnaley,Graeme,0,Arnold,Arnold,3,B6C 5LR,E1 7YU,0,0
-20.018270801566477,9.416719160683692e-07,hospital_a,hospital_b,A0772,B0281,2002-11-01,1970-10-11,0,Tina,Christine,0,Wadr,Wadr,3,S2 1GF,E7T7ZQ,0,0
-20.018270801566477,9.416719160683692e-07,hospital_a,hospital_b,A0773,B0807,1980-01-20,1974-10-11,0,Aaron,Kim,0,Miller,Miller,3,BB11 4ED,ML43 2ED,0,0
-20.018270801566477,9.416719160683692e-07,hospital_a,hospital_b,A0774,B0832,1970-05-30,2005-09-01,0,Goergia,Ryhs,0,Robinson,Robinson,3,NW23 2YZ,CV2E 1ZN,0,0
22.986540461169,0.9999998796733648,hospital_a,hospital_b,A0775,B0776,2002-05-30,2002-05-30,1,Sean,Sean,3,Elliott,Elliott,3,L8 3UP,L8 3UP,1,0
-20.018270801566477,9.416719160683692e-07,hospital_a,hospital_b,A0776,B0832,2004-06-27,2005-09-01,0,Lauar,Ryhs,0,Robinson,Robinson,3,M218PL,CV2E 1ZN,0,0
17.53402081439428,0.9999947309599222,hospital_a,hospital_b,A0777,B0777,1998-10-14,1998-10-14,1,Declna,Declan,2,Cox,Cox,3,E2 2TN,E2 2TN,1,0
17.53402081439428,0.9999947309599222,hospital_a,hospital_b,A0778,B0778,1989-06-20,1989-06-20,1,Leah,Laeh,2,Hart,Hart,3,DA03 2DU,DA03 2DU,1,0
-20.018270801566477,9.416719160683692e-07,hospital_a,hospital_b,A0780,B0800,1964-03-19,1962-05-12,0,Brian,Carol,0,Edwards,Edwards,3,MK48 6QG,N41 0DF,0,0
-20.018270801566477,9.416719160683692e-07,hospital_a,hospital_b,A0781,B0051,1969-12-19,1969-11-26,0,Linda,Carl,0,Holmes,Holmes,3,L7T 0PJ,E1 1QF,0,0
-20.018270801566477,9.416719160683692e-07,hospital_a,hospital_b,A0782,B0236,1999-11-16,1979-08-30,0,Ktaherine,Carol,0,Russell,Russell,3,PH0M 7YF,SR56 8ET,0,0
22.986540461169,0.9999998796733648,hospital_a,hospital_b,A0784,B0782,1943-08-26,1943-08-26,1,Bethany,Bethany,3,Willimas,Willimas,3,W6 0XD,W6 0XD,1,0
8.439139447432636,0.9971271270496563,hospital_a,hospital_b,A0786,B0786,1962-02-04,1962-02-04,1,Zoe,Zoe,3,Richards,Richards,3,L6G4XF,L6G 4XF,0,0
22.986540461169,0.9999998796733648,hospital_a,hospital_b,A0787,B0788,1944-07-08,1944-07-08,1,Hazel,Hazel,3,Wright,Wright,3,G6 7WY,G6 7WY,1,0
-20.018270801566477,9.416719160683692e-07,hospital_a,hospital_b,A0788,B0799,1958-03-25,1941-02-15,0,Rebecca,Jasmine,0,Goodwin,Goodwin,3,W7 4DF,CW39 0ZB,0,0
-20.018270801566477,9.416719160683692e-07,hospital_a,hospital_b,A0789,B0800,1964-09-08,1962-05-12,0,Tina,Carol,0,Edwards,Edwards,3,S422ZU,N41 0DF,0,0
22.986540461169,0.9999998796733648,hospital_a,hospital_b,A0790,B0791,1960-08-02,1960-08-02,1,Stuart,Stuart,3,West,West,3,IG7 5SW,IG7 5SW,1,0
22.986540461169,0.9999998796733648,hospital_a,hospital_b,A0791,B0792,1964-06-06,1964-06-06,1,Adam,Adam,3,Collins,Collins,3,ZE5P 0TG,ZE5P 0TG,1,0
-20.018270801566477,9.416719160683692e-07,hospital_a,hospital_b,A0792,B0142,1970-09-21,2007-09-01,0,Christopehr,Leonard,0,Howard,Howard,3,TW8E 4TJ,N9D 1JJ,0,0
22.986540461169,0.9999998796733648,hospital_a,hospital_b,A0793,B0793,1982-02-10,1982-02-10,1,Bruce,Bruce,3,Hewitt,Hewitt,3,E1 0ZG,E1 0ZG,1,0
17.53402081439428,0.9999947309599222,hospital_a,hospital_b,A0795,B0795,1976-09-16,1976-09-16,1,Leah,Leha,2,Dale,Dale,3,KA98 6QF,KA98 6QF,1,0
14.220175065804778,0.999947606428155,hospital_a,hospital_b,A0796,B0796,1994-06-25,1994-06-25,1,Reeec,Recee,1,Nelson,Nelson,3,L1 4PB,L1 4PB,1,0
17.53402081439428,0.9999947309599222,hospital_a,hospital_b,A0797,B0799,1941-02-15,1941-02-15,1,Jamsine,Jasmine,2,Goodwin,Goodwin,3,CW39 0ZB,CW39 0ZB,1,0
-20.018270801566477,9.416719160683692e-07,hospital_a,hospital_b,A0798,B0370,1941-05-14,1956-10-03,0,Donald,Lynda,0,Spencer,Spencer,3,W8 1ZA,S2B 4FT,0,0
-20.018270801566477,9.416719160683692e-07,hospital_a,hospital_b,A0800,B0386,1998-04-09,1985-01-22,0,Jamie,Anne,0,Holt,Holt,3,N94 9PB,HD3 6RZ,0,0
17.53402081439428,0.9999947309599222,hospital_a,hospital_b,A0801,B0801,1961-02-11,1961-02-11,1,Georgina,Geogrina,2,Parker,Parker,3,PE5X 3DB,PE5X 3DB,1,0
-20.018270801566477,9.416719160683692e-07,hospital_a,hospital_b,A0802,B0768,1966-07-23,1945-04-26,0,Ryan,Luke,0,Shaw,Shaw,3,M1B9EJ,IV7 8TZ,0,0
22.986540461169,0.9999998796733648,hospital_a,hospital_b,A0804,B0804,2008-01-01,2008-01-01,1,Bethan,Bethan,3,Bowen,Bowen,3,M2T 3YN,M2T 3YN,1,0
22.986540461169,0.9999998796733648,hospital_a,hospital_b,A0805,B0806,1983-07-29,1983-07-29,1,Benjamin,Benjamin,3,Johnson,Johnson,3,G3U 4PE,G3U 4PE,1,0
22.986540461169,0.9999998796733648,hospital_a,hospital_b,A0806,B0807,1974-10-11,1974-10-11,1,Kim,Kim,3,Miller,Miller,3,ML43 2ED,ML43 2ED,1,0
8.439139447432636,0.9971271270496563,hospital_a,hospital_b,A0808,B0809,1973-04-16,1973-04-16,1,Clare,Clare,3,Middleton,Middleton,3,M70ZF,M7 0ZF,0,0
14.220175065804778,0.999947606428155,hospital_a,hospital_b,A0809,B0810,1979-09-01,1979-09-01,1,iNgel,Ngiel,1,Willis,Willis,3,DA1N 8YU,DA1N 8YU,1,0
22.986540461169,0.9999998796733648,hospital_a,hospital_b,A0811,B0812,1962-09-09,1962-09-09,1,Joseph,Joseph,3,French,French,3,W28 5NB,W28 5NB,1,0
22.986540461169,0.9999998796733648,hospital_a,hospital_b,A0812,B0814,1936-01-11,1936-01-11,1,Carolyn,Carolyn,3,Chapman,Chapman,3,B20 0LF,B20 0LF,1,0
-20.018270801566477,9.416719160683692e-07,hospital_a,hospital_b,A0813,B0766,1991-12-29,1979-06-06,0,Gordon,Ruth,0,Thomas,Thomas,3,E65 6LR,SN49 6XJ,0,0
8.439139447432636,0.9971271270496563,hospital_a,hospital_b,A0814,B0815,1977-12-15,1977-12-15,1,Susan,Susan,3,Simmons,Simmons,3,L2U 0GZ,L2U0GZ,0,0
-20.018270801566477,9.416719160683692e-07,hospital_a,hospital_b,A0815,B0047,1975-12-16,2001-02-08,0,William,Joyce,0,Owen,Owen,3,WC6 7BR,HU0P3ET,0,0
22.986540461169,0.9999998796733648,hospital_a,hospital_b,A0816,B0818,1990-12-27,1990-12-27,1,Kimberley,Kimberley,3,Hussain,Hussain,3,GU0 6RH,GU0 6RH,1,0
17.53402081439428,0.9999947309599222,hospital_a,hospital_b,A0817,B0819,1997-01-29,1997-01-29,1,Sadnra,Sandra,2,Barrett,Barrett,3,CR61 4FL,CR61 4FL,1,0
-20.018270801566477,9.416719160683692e-07,hospital_a,hospital_b,A0818,B0764,1997-05-06,1978-05-21,0,Oliver,Dawn,0,Davies,Davies,3,WV0V 9ZE,S88 7RY,0,0
-20.018270801566477,9.416719160683692e-07,hospital_a,hospital_b,A0819,B0286,1952-10-04,1943-06-25,0,vYonne,Angela,0,Cook,Cook,3,M72 0QX,ZE02 4AR,0,0
17.53402081439428,0.9999947309599222,hospital_a,hospital_b,A0820,B0821,2006-11-01,2006-11-01,1,Caorl,Carol,2,Day,Day,3,IG7 9LU,IG7 9LU,1,0
22.986540461169,0.9999998796733648,hospital_a,hospital_b,A0821,B0822,1955-01-21,1955-01-21,1,Megan,Megan,3,Scott,Scott,3,SS98 1SH,SS98 1SH,1,0
-20.018270801566477,9.416719160683692e-07,hospital_a,hospital_b,A0822,B0699,1957-08-24,1979-12-14,0,Marain,Jake,0,Bell,Bell,3,N2 9FP,W5G7WS,0,0
17.53402081439428,0.9999947309599222,hospital_a,hospital_b,A0823,B0823,1962-02-21,1962-02-21,1,Martyn,Marytn,2,Khan,Khan,3,PE1M 6EN,PE1M 6EN,1,0
22.986540461169,0.9999998796733648,hospital_a,hospital_b,A0824,B0824,1994-05-20,1994-05-20,1,Dylan,Dylan,3,Dobson,Dobson,3,OL63 3EA,OL63 3EA,1,0
-20.018270801566477,9.416719160683692e-07,hospital_a,hospital_b,A0825,B0464,2002-03-01,1983-05-01,0,Georgina,Gali,0,Willaims,Willaims,3,M5C 5LG,S2 2FJ,0,0
-20.018270801566477,9.416719160683692e-07,hospital_a,hospital_b,A0826,B0562,2005-09-20,1996-03-10,0,Jena,Maire,0,O'Connor,O'Connor,3,TW0Y 5FJ,L4 6EY,0,0
8.439139447432636,0.9971271270496563,hospital_a,hospital_b,A0827,B0827,1939-10-21,1939-10-21,1,Nathan,Nathan,3,White,White,3,N28DA,N2 8DA,0,0
-20.018270801566477,9.416719160683692e-07,hospital_a,hospital_b,A0828,B0630,1969-02-02,1949-08-17,0,Dylan,Alexandra,0,Birch,Birch,3,E60 3YE,NP5V 7DG,0,0
8.439139447432636,0.9971271270496563,hospital_a,hospital_b,A0829,B0828,1987-01-20,1987-01-20,1,Brenda,Brenda,3,Ward,Ward,3,S2T9GY,S2T 9GY,0,0
8.439139447432636,0.9971271270496563,hospital_a,hospital_b,A0830,B0829,1985-11-21,1985-11-21,1,Leslie,Leslie,3,Hayes,Hayes,3,DY93 0NQ,DY930NQ,0,0
-20.018270801566477,9.416719160683692e-07,hospital_a,hospital_b,A0831,B0847,1941-12-21,1978-01-12,0,Josuha,Tom,0,Jones,Jones,3,W0 6ZU,B30 4LY,0,0
17.53402081439428,0.9999947309599222,hospital_a,hospital_b,A0833,B0832,2005-09-01,2005-09-01,1,Rhys,Ryhs,2,Robinson,Robinson,3,CV2E 1ZN,CV2E 1ZN,1,0
-20.018270801566477,9.416719160683692e-07,hospital_a,hospital_b,A0834,B0058,1948-08-23,1995-12-31,0,Carol,Ian,0,George,George,3,N3F 6JU,E9 7YX,0,0
-20.018270801566477,9.416719160683692e-07,hospital_a,hospital_b,A0835,B0391,1984-02-14,1997-07-04,0,Dmaian,aHnnah,0,Baliey,Baliey,3,M18 2AD,CT4 7TF,0,0
22.986540461169,0.9999998796733648,hospital_a,hospital_b,A0836,B0834,1969-11-07,1969-11-07,1,Alexandra,Alexandra,3,Finch,Finch,3,IP1 4UB,IP1 4UB,1,0
8.645498630395842,0.9975090647658219,hospital_a,hospital_b,A0837,B0835,1976-08-13,1976-08-13,1,Max,aMx,0,Hammond,Hammond,3,HR5P 0YD,HR5P 0YD,1,0
-20.018270801566477,9.416719160683692e-07,hospital_a,hospital_b,A0838,B0570,1936-08-10,1945-11-23,0,David,Eileen,0,Barker,Barker,3,S20 9UE,EH07SX,0,0
17.53402081439428,0.9999947309599222,hospital_a,hospital_b,A0840,B0838,1986-01-19,1986-01-19,1,eKlly,Kelly,2,Schofield,Schofield,3,W8G 3HY,W8G 3HY,1,0
22.986540461169,0.9999998796733648,hospital_a,hospital_b,A0841,B0839,1977-06-29,1977-06-29,1,Ellie,Ellie,3,Wood,Wood,3,DE3 2BG,DE3 2BG,1,0
-20.018270801566477,9.416719160683692e-07,hospital_a,hospital_b,A0842,B0847,1987-03-09,1978-01-12,0,lGen,Tom,0,Jones,Jones,3,G6 6NN,B30 4LY,0,0
17.53402081439428,0.9999947309599222,hospital_a,hospital_b,A0843,B0841,1937-09-30,1937-09-30,1,Rcahel,Rachel,2,Marshall,Marshall,3,BD0 3QP,BD0 3QP,1,0
22.986540461169,0.9999998796733648,hospital_a,hospital_b,A0844,B0843,1984-07-07,1984-07-07,1,Shaun,Shaun,3,Hall,Hall,3,GU31 9NW,GU31 9NW,1,0
17.53402081439428,0.9999947309599222,hospital_a,hospital_b,A0846,B0845,1954-12-19,1954-12-19,1,Eric,Eirc,2,Allen,Allen,3,EX08 2JB,EX08 2JB,1,0
8.645498630395842,0.9975090647658219,hospital_a,hospital_b,A0847,B0847,1978-01-12,1978-01-12,1,oTm,Tom,0,Jones,Jones,3,B30 4LY,B30 4LY,1,0
-0.32722594793158394,0.443537916355013,hospital_a,hospital_b,A0848,B0848,1992-02-19,1992-02-19,1,uSsan,Susna,1,Dean,Dean,3,W568ZR,W56 8ZR,0,0
-20.018270801566477,9.416719160683692e-07,hospital_a,hospital_b,A0001,B0054,1989-06-01,1984-10-17,0,Ruth,Sharon,0,Griffiths,Griffiths,3,L21 9SB,W8S0JR,0,0
-14.44359436615754,4.487715947894868e-05,hospital_a,hospital_b,A0002,B0637,1995-10-31,1950-03-17,0,Jason,Jonana,1,Fisher,Fisher,3,N9D 0JN,PA824JH,0,0
-20.018270801566477,9.416719160683692e-07,hospital_a,hospital_b,A0003,B0572,2003-08-29,1996-05-10,0,Vanessa,Natalie,0,Phillips,Phillips,3,BS9X 8JG,PR77 1GA,0,0
-20.018270801566477,9.416719160683692e-07,hospital_a,hospital_b,A0004,B0392,1946-10-30,2005-11-02,0,Ntahan,Olivia,0,Harris,Harris,3,M8 8EN,N2 3BG,0,0
-20.018270801566477,9.416719160683692e-07,hospital_a,hospital_b,A0005,B0054,1961-10-12,1984-10-17,0,Jack,Sharon,0,Griffiths,Griffiths,3,EC0 9DD,W8S0JR,0,0
-20.018270801566477,9.416719160683692e-07,hospital_a,hospital_b,A0006,B0173,2003-02-04,1956-08-06,0,Mary,Ashleigh,0,Arnold,Arnold,3,SM3Y6QT,N1A 7FS,0,0
17.53402081439428,0.9999947309599222,hospital_a,hospital_b,A0007,B0010,1939-07-31,1939-07-31,1,Steven,Steevn,2,Walters,Walters,3,B5 8JL,B5 8JL,1,0
22.986540461169,0.9999998796733648,hospital_a,hospital_b,A0009,B0011,1982-11-21,1982-11-21,1,Georgina,Georgina,3,Gibson,Gibson,3,B1U 2SU,B1U 2SU,1,0
-20.018270801566477,9.416719160683692e-07,hospital_a,hospital_b,A0013,B0775,1994-03-15,1970-05-30,0,Molly,Georgia,0,Robinson,Robinson,3,B8E2LE,NW23 2YZ,0,0
-20.018270801566477,9.416719160683692e-07,hospital_a,hospital_b,A0014,B0773,2001-07-31,1962-06-20,0,Wedny,Rsoemary,0,Smith,Smith,3,E6 0AP,S7 0AZ,0,0
-20.018270801566477,9.416719160683692e-07,hospital_a,hospital_b,A0017,B0576,1983-06-20,2007-03-27,0,Julian,Marc,0,Wilson,Wilson,3,HP41 5WR,BT5R 8LA,0,0
-20.018270801566477,9.416719160683692e-07,hospital_a,hospital_b,A0018,B0465,1959-02-04,1963-11-03,0,Dylan,Laura,0,King,King,3,GY8E 6RG,TR1R 6FA,0,0
-20.018270801566477,9.416719160683692e-07,hospital_a,hospital_b,A0019,B0825,1984-08-08,2002-03-01,0,Natalie,Georgina,0,Williams,Williams,3,W2S 4WZ,M5C 5LG,0,0
-20.018270801566477,9.416719160683692e-07,hospital_a,hospital_b,A0020,B0698,1999-12-21,1969-05-02,0,Liam,Grace,0,Murphy,Murphy,3,L6H 3FA,B9 3YD,0,0
-20.018270801566477,9.416719160683692e-07,hospital_a,hospital_b,A0021,B0272,2000-06-22,1944-02-05,0,Abdul,Kyle,0,Goodwin,Goodwin,3,G2 6FH,S25 7JY,0,0
-20.018270801566477,9.416719160683692e-07,hospital_a,hospital_b,A0022,B0830,2004-02-08,1941-12-21,0,Jessica,Josuha,0,Jones,Jones,3,SY6 8XZ,W0 6ZU,0,0
-20.018270801566477,9.416719160683692e-07,hospital_a,hospital_b,A0023,B0775,1974-04-10,1970-05-30,0,Scott,Georgia,0,Robinson,Robinson,3,PE90 6FT,NW23 2YZ,0,0
-20.018270801566477,9.416719160683692e-07,hospital_a,hospital_b,A0024,B0345,1960-08-17,1974-07-10,0,Anna,Leslie,0,Gill,Gill,3,SE51 0SU,NW70 7ZN,0,0
-20.018270801566477,9.416719160683692e-07,hospital_a,hospital_b,A0025,B0837,1995-07-25,1976-08-21,0,Pamela,Sophie,0,Hall,Hall,3,M5W 1LT,JE09 3DG,0,0
-20.018270801566477,9.416719160683692e-07,hospital_a,hospital_b,A0026,B0212,1999-07-19,1958-01-10,0,Garry,Charlie,0,Cook,Cook,3,WS4V 8HD,IG70 1FB,0,0
-20.018270801566477,9.416719160683692e-07,hospital_a,hospital_b,A0027,B0392,1964-10-20,2005-11-02,0,Colin,Olivia,0,Harris,Harris,3,M95 8WQ,N2 3BG,0,0
-20.018270801566477,9.416719160683692e-07,hospital_a,hospital_b,A0028,B0178,1974-05-27,1938-04-01,0,uGy,Katherine,0,Baldwin,Baldwin,3,DE3H 4YW,NW4 2YL,0,0
-20.018270801566477,9.416719160683692e-07,hospital_a,hospital_b,A0029,B0428,1975-09-05,1986-07-30,0,Jordan,uSsan,0,Simpson,Simpson,3,CO7B 9NU,N68FA,0,0
-20.018270801566477,9.416719160683692e-07,hospital_a,hospital_b,A0032,B0381,1967-05-05,1961-08-31,0,Shirley,Joshua,0,Woodward,Woodward,3,SM46 8XU,SK0Y4ZT,0,0
-20.018270801566477,9.416719160683692e-07,hospital_a,hospital_b,A0033,B0551,2008-04-02,1955-05-04,0,Ktae,Andrwe,0,Watson,Watson,3,UB4W 2UW,YO5A3GY,0,0
-20.018270801566477,9.416719160683692e-07,hospital_a,hospital_b,A0034,B0153,1997-11-24,1980-07-24,0,Danny,Alexnadra,0,Davies,Davies,3,KA7 6XB,W2 3HF,0,0
-20.018270801566477,9.416719160683692e-07,hospital_a,hospital_b,A0036,B0694,1965-01-24,1999-06-26,0,Lynn,Sam,0,Brown,Brown,3,E71 7NW,CO5Y 3EN,0,0
-20.018270801566477,9.416719160683692e-07,hospital_a,hospital_b,A0038,B0773,1963-03-29,1962-06-20,0,Amelia,Rsoemary,0,Smith,Smith,3,BH57 6FU,S7 0AZ,0,0
-20.018270801566477,9.416719160683692e-07,hospital_a,hospital_b,A0039,B0262,1940-09-29,1978-10-04,0,Abbie,Graham,0,Morgan,Morgan,3,HR9 1PX,W66 7GH,0,0
-20.018270801566477,9.416719160683692e-07,hospital_a,hospital_b,A0042,B0567,1992-02-06,1938-01-01,0,Anna,Marion,0,Taylor,Taylor,3,W4 9QJ,TW60 9GA,0,0
-20.018270801566477,9.416719160683692e-07,hospital_a,hospital_b,A0044,B0185,2005-11-02,1938-05-01,0,Keith,Suzanne,0,Dale,Dale,3,SR6V 1RA,S8J 4HQ,0,0
-20.018270801566477,9.416719160683692e-07,hospital_a,hospital_b,A0045,B0585,2004-08-03,1989-03-08,0,Sandra,Amber,0,Middleton,Middleton,3,NP6W 6EU,PH08 3PB,0,0
-20.018270801566477,9.416719160683692e-07,hospital_a,hospital_b,A0047,B0548,1951-01-18,1957-05-25,0,Andrea,Slyvia,0,Martin,Martin,3,N29 4FF,FK33 0FT,0,0
22.986540461169,0.9999998796733648,hospital_a,hospital_b,A0049,B0049,1966-05-27,1966-05-27,1,Catherine,Catherine,3,Baker,Baker,3,W7 1PZ,W7 1PZ,1,0
-20.018270801566477,9.416719160683692e-07,hospital_a,hospital_b,A0050,B0211,1979-06-25,1986-06-02,0,Billy,Marian,0,Price,Price,3,E8 6TJ,DG50 0XA,0,0
-14.44359436615754,4.487715947894868e-05,hospital_a,hospital_b,A0052,B0076,1942-11-05,1987-09-22,0,Grace,Gareth,1,Webster,Webster,3,L2S3EQ,WN5P 5WX,0,0
-20.018270801566477,9.416719160683692e-07,hospital_a,hospital_b,A0054,B0076,1958-12-18,1987-09-22,0,Lauren,Gareth,0,Webster,Webster,3,E0C 9BD,WN5P 5WX,0,0
-20.018270801566477,9.416719160683692e-07,hospital_a,hospital_b,A0056,B0694,1958-12-28,1999-06-26,0,Carol,Sam,0,Brown,Brown,3,W5B 1JS,CO5Y 3EN,0,0
-20.018270801566477,9.416719160683692e-07,hospital_a,hospital_b,A0058,B0153,1999-09-03,1980-07-24,0,uLcy,Alexnadra,0,Davies,Davies,3,RH9N 2TD,W2 3HF,0,0
-20.018270801566477,9.416719160683692e-07,hospital_a,hospital_b,A0061,B0422,1953-09-05,1977-09-10,0,Josephine,Bernard,0,Cooper,Cooper,3,PL2N 9FQ,NG93 3QA,0,0
-20.018270801566477,9.416719160683692e-07,hospital_a,hospital_b,A0062,B0153,1995-10-19,1980-07-24,0,Scott,Alexnadra,0,Davies,Davies,3,SL8B8QA,W2 3HF,0,0
17.53402081439428,0.9999947309599222,hospital_a,hospital_b,A0063,B0062,1992-10-25,1992-10-25,1,Martin,Martni,2,Doyle,Doyle,3,B5U 9RF,B5U 9RF,1,0
-20.018270801566477,9.416719160683692e-07,hospital_a,hospital_b,A0066,B0140,1946-03-13,1948-12-11,0,oDuglas,Owen,0,Stevens,Stevens,3,PL8P4JN,LD29ZZ,0,0
-20.018270801566477,9.416719160683692e-07,hospital_a,hospital_b,A0067,B0790,1956-07-18,1964-09-08,0,Cameron,Tina,0,Edwards,Edwards,3,N3 2DW,S42 2ZU,0,0
-20.018270801566477,9.416719160683692e-07,hospital_a,hospital_b,A0068,B0392,1938-06-25,2005-11-02,0,Alan,Olivia,0,Harris,Harris,3,B54 8UL,N2 3BG,0,0
-20.018270801566477,9.416719160683692e-07,hospital_a,hospital_b,A0069,B0327,1963-07-05,1965-09-25,0,Chloe,Max,0,Lawrence,Lawrence,3,W75 1SD,CH79 7SA,0,0
-20.018270801566477,9.416719160683692e-07,hospital_a,hospital_b,A0070,B0790,1947-06-13,1964-09-08,0,Mandy,Tina,0,Edwards,Edwards,3,HS70 9SL,S42 2ZU,0,0
-20.018270801566477,9.416719160683692e-07,hospital_a,hospital_b,A0073,B0262,2007-04-22,1978-10-04,0,Jill,Graham,0,Morgan,Morgan,3,HS1V 4GG,W66 7GH,0,0
-20.018270801566477,9.416719160683692e-07,hospital_a,hospital_b,A0074,B0750,1969-05-27,1959-02-16,0,Anrdea,John,0,Allen,Allen,3,G9B4RU,G94 2AY,0,0
-20.018270801566477,9.416719160683692e-07,hospital_a,hospital_b,A0075,B0723,1995-10-21,1999-09-15,0,eLigh,Eielen,0,Clarke,Clarke,3,G2G 1WF,WD9 1NQ,0,0
-20.018270801566477,9.416719160683692e-07,hospital_a,hospital_b,A0076,B0177,1955-04-26,2006-07-09,0,Heather,Heeln,0,Andrews,Andrews,3,GU9V 8GY,NR0 4HZ,0,0
-20.018270801566477,9.416719160683692e-07,hospital_a,hospital_b,A0077,B0077,1981-12-06,2005-07-24,0,Alexandra,mAber,0,Fletcher,Fletcher,3,WV84 7JR,N95 2UW,0,0
22.986540461169,0.9999998796733648,hospital_a,hospital_b,A0078,B0076,1987-09-22,1987-09-22,1,Gareth,Gareth,3,Webster,Webster,3,WN5P 5WX,WN5P 5WX,1,0
22.986540461169,0.9999998796733648,hospital_a,hospital_b,A0080,B0079,1972-02-04,1972-02-04,1,Gerard,Gerard,3,Ford,Ford,3,M9S 2ER,M9S 2ER,1,0
22.986540461169,0.9999998796733648,hospital_a,hospital_b,A0081,B0080,1959-08-06,1959-08-06,1,Ian,Ian,3,Khan,Khan,3,NE72 5ZP,NE72 5ZP,1,0
-20.018270801566477,9.416719160683692e-07,hospital_a,hospital_b,A0083,B0773,1977-01-30,1962-06-20,0,Gail,Rsoemary,0,Smith,Smith,3,CH3A 5SF,S7 0AZ,0,0
22.986540461169,0.9999998796733648,hospital_a,hospital_b,A0085,B0084,1985-09-02,1985-09-02,1,Gerard,Gerard,3,Cole,Cole,3,HD75 4EY,HD75 4EY,1,0
-20.018270801566477,9.416719160683692e-07,hospital_a,hospital_b,A0086,B0773,1970-04-04,1962-06-20,0,Abbie,Rsoemary,0,Smith,Smith,3,M84 1ZY,S7 0AZ,0,0
-20.018270801566477,9.416719160683692e-07,hospital_a,hospital_b,A0087,B0215,1935-08-30,1953-06-09,0,Gail,Christine,0,Welch,Welch,3,G6S 7HN,CA95 0QF,0,0
-20.018270801566477,9.416719160683692e-07,hospital_a,hospital_b,A0088,B0306,1937-12-07,1988-04-29,0,Edward,Tarcy,0,McDonald,McDonald,3,TN720AN,L52JF,0,0
22.986540461169,0.9999998796733648,hospital_a,hospital_b,A0091,B0090,1985-05-14,1985-05-14,1,Mohammad,Mohammad,3,Walsh,Walsh,3,TD4Y 4QZ,TD4Y 4QZ,1,0
22.986540461169,0.9999998796733648,hospital_a,hospital_b,A0094,B0093,1938-08-03,1938-08-03,1,Charlie,Charlie,3,Whitehead,Whitehead,3,SN1 1UB,SN1 1UB,1,0
-20.018270801566477,9.416719160683692e-07,hospital_a,hospital_b,A0095,B0285,1985-02-14,1974-09-11,0,Gemma,Sean,0,Patel,Patel,3,WR8E 1GX,M10 7FT,0,0
-20.018270801566477,9.416719160683692e-07,hospital_a,hospital_b,A0097,B0825,1974-09-08,2002-03-01,0,Joanne,Georgina,0,Williams,Williams,3,G8 3YP,M5C 5LG,0,0
-20.018270801566477,9.416719160683692e-07,hospital_a,hospital_b,A0098,B0656,2001-10-30,1953-06-10,0,Marei,Gerald,0,Shaw,Shaw,3,SK6V 0QR,E88 6RS,0,0
-20.018270801566477,9.416719160683692e-07,hospital_a,hospital_b,A0100,B0285,1979-06-12,1974-09-11,0,Max,Sean,0,Patel,Patel,3,E3 7HP,M10 7FT,0,0
-20.018270801566477,9.416719160683692e-07,hospital_a,hospital_b,A0101,B0637,1991-11-24,1950-03-17,0,Shnae,Jonana,0,Fisher,Fisher,3,LL85 4QW,PA824JH,0,0
-20.018270801566477,9.416719160683692e-07,hospital_a,hospital_b,A0102,B0773,2003-07-10,1962-06-20,0,Anrdew,Rsoemary,0,Smith,Smith,3,S4C 5JR,S7 0AZ,0,0
-20.018270801566477,9.416719160683692e-07,hospital_a,hospital_b,A0103,B0830,2002-03-21,1941-12-21,0,Janice,Josuha,0,Jones,Jones,3,B8A0AS,W0 6ZU,0,0
-20.018270801566477,9.416719160683692e-07,hospital_a,hospital_b,A0104,B0552,1983-12-16,1995-05-20,0,Darren,Christnie,0,Richards,Richards,3,W7A 8XS,DD282QE,0,0
8.439139447432636,0.9971271270496563,hospital_a,hospital_b,A0105,B0103,1973-09-18,1973-09-18,1,Cameron,Cameron,3,Lucas,Lucas,3,FK6 5RT,FK65RT,0,0
14.220175065804778,0.999947606428155,hospital_a,hospital_b,A0107,B0104,1958-03-29,1958-03-29,1,Atnony,Antnoy,1,Murray,Murray,3,G61 2YJ,G61 2YJ,1,0
-20.018270801566477,9.416719160683692e-07,hospital_a,hospital_b,A0110,B0572,1945-12-08,1996-05-10,0,Josh,Natalie,0,Phillips,Phillips,3,S46 7DQ,PR77 1GA,0,0
-20.018270801566477,9.416719160683692e-07,hospital_a,hospital_b,A0111,B0577,1959-05-04,1976-10-02,0,Jessica,Matthew,0,Roberts,Roberts,3,KY9 4PZ,WF13ZU,0,0
-20.018270801566477,9.416719160683692e-07,hospital_a,hospital_b,A0112,B0285,1994-11-21,1974-09-11,0,Vicotr,Sean,0,Patel,Patel,3,HX19 9XG,M10 7FT,0,0
17.53402081439428,0.9999947309599222,hospital_a,hospital_b,A0113,B0111,1953-09-23,1953-09-23,1,Aslheigh,Ashleigh,2,Stokes,Stokes,3,S61 9UY,S61 9UY,1,0
22.986540461169,0.9999998796733648,hospital_a,hospital_b,A0116,B0113,1968-04-24,1968-04-24,1,Jennifer,Jennifer,3,Atkinson,Atkinson,3,M0 0PE,M0 0PE,1,0
-20.018270801566477,9.416719160683692e-07,hospital_a,hospital_b,A0119,B0153,1958-02-22,1980-07-24,0,Graham,Alexnadra,0,Davies,Davies,3,M12 2WR,W2 3HF,0,0
-20.018270801566477,9.416719160683692e-07,hospital_a,hospital_b,A0124,B0093,1976-08-11,1938-08-03,0,Lorraine,Charlie,0,Whitehead,Whitehead,3,TN50 1TA,SN1 1UB,0,0
-20.018270801566477,9.416719160683692e-07,hospital_a,hospital_b,A0125,B0225,1961-08-05,1966-10-25,0,Henry,Leanne,0,Green,Green,3,N26NJ,CT25 7YB,0,0
-20.018270801566477,9.416719160683692e-07,hospital_a,hospital_b,A0126,B0737,1960-05-13,1957-07-16,0,John,Leah,0,Bailey,Bailey,3,S2 1JR,B6 1WJ,0,0
-20.018270801566477,9.416719160683692e-07,hospital_a,hospital_b,A0127,B0581,1979-11-02,1979-10-16,0,Melanie,Danny,0,Moore,Moore,3,W53 6ZT,ME4 8BH,0,0
-20.018270801566477,9.416719160683692e-07,hospital_a,hospital_b,A0128,B0671,1973-11-06,1976-04-07,0,Kim,Lewis,0,Wright,Wright,3,N5 6YS,G7 8XP,0,0
-20.018270801566477,9.416719160683692e-07,hospital_a,hospital_b,A0129,B0140,2002-08-19,1948-12-11,0,Marucs,Owen,0,Stevens,Stevens,3,MK48 6RD,LD29ZZ,0,0
22.986540461169,0.9999998796733648,hospital_a,hospital_b,A0131,B0133,1998-07-03,1998-07-03,1,Brian,Brian,3,Hawkins,Hawkins,3,HG1 0QH,HG1 0QH,1,0
-20.018270801566477,9.416719160683692e-07,hospital_a,hospital_b,A0132,B0737,1965-03-20,1957-07-16,0,Derek,Leah,0,Bailey,Bailey,3,N05 6NE,B6 1WJ,0,0
-20.018270801566477,9.416719160683692e-07,hospital_a,hospital_b,A0135,B0535,1991-07-09,1937-09-05,0,Paula,Reece,0,Evans,Evans,3,HA741GN,CB5V 4XX,0,0
8.439139447432636,0.9971271270496563,hospital_a,hospital_b,A0137,B0140,1948-12-11,1948-12-11,1,Owen,Owen,3,Stevens,Stevens,3,LD2 9ZZ,LD29ZZ,0,0
-20.018270801566477,9.416719160683692e-07,hospital_a,hospital_b,A0138,B0312,1982-03-13,1988-07-08,0,Ahsley,Jay,0,Burton,Burton,3,L8U 6QU,N7T 0GT,0,0
8.439139447432636,0.9971271270496563,hospital_a,hospital_b,A0146,B0149,1966-10-08,1966-10-08,1,Pamela,Pamela,3,Campbell,Campbell,3,DA9P0EP,DA9P 0EP,0,0
-20.018270801566477,9.416719160683692e-07,hospital_a,hospital_b,A0148,B0830,1983-07-16,1941-12-21,0,Megan,Josuha,0,Jones,Jones,3,S2 6QG,W0 6ZU,0,0
17.53402081439428,0.9999947309599222,hospital_a,hospital_b,A0150,B0153,1980-07-24,1980-07-24,1,Alexadnra,Alexnadra,2,Davies,Davies,3,W2 3HF,W2 3HF,1,0
-20.018270801566477,9.416719160683692e-07,hospital_a,hospital_b,A0152,B0656,1999-05-16,1953-06-10,0,Paula,Gerald,0,Shaw,Shaw,3,IP7 0GL,E88 6RS,0,0
-20.018270801566477,9.416719160683692e-07,hospital_a,hospital_b,A0153,B0567,1995-03-21,1938-01-01,0,Georgia,Marion,0,Taylor,Taylor,3,G1E 2WY,TW60 9GA,0,0
17.53402081439428,0.9999947309599222,hospital_a,hospital_b,A0158,B0161,1998-08-11,1998-08-11,1,Gordno,Gordon,2,Knight,Knight,3,NG46 2FH,NG46 2FH,1,0
-20.018270801566477,9.416719160683692e-07,hospital_a,hospital_b,A0159,B0722,1958-02-28,2003-09-09,0,uJlia,Sheila,0,Scott,Scott,3,B7 3GY,EX6W 1WG,0,0
-20.018270801566477,9.416719160683692e-07,hospital_a,hospital_b,A0162,B0604,1942-09-04,1966-11-18,0,Keith,Lynda,0,Wood,Wood,3,RM3 4LT,W05 1PU,0,0
-20.018270801566477,9.416719160683692e-07,hospital_a,hospital_b,A0163,B0580,1947-09-24,1958-09-07,0,Ashley,Goerge,0,Adams,Adams,3,YO7 1QP,S8S 4PF,0,0
-20.018270801566477,9.416719160683692e-07,hospital_a,hospital_b,A0165,B0825,1977-02-11,2002-03-01,0,Kelly,Georgina,0,Williams,Williams,3,W71UA,M5C 5LG,0,0
22.986540461169,0.9999998796733648,hospital_a,hospital_b,A0166,B0173,1956-08-06,1956-08-06,1,Ashleigh,Ashleigh,3,Arnold,Arnold,3,N1A 7FS,N1A 7FS,1,0
-20.018270801566477,9.416719160683692e-07,hospital_a,hospital_b,A0168,B0744,1944-08-27,1988-04-15,0,Kyle,Patricia,0,Elliott,Elliott,3,SE99 8RS,L20LX,0,0
22.986540461169,0.9999998796733648,hospital_a,hospital_b,A0170,B0178,1938-04-01,1938-04-01,1,Katherine,Katherine,3,Baldwin,Baldwin,3,NW4 2YL,NW4 2YL,1,0
22.986540461169,0.9999998796733648,hospital_a,hospital_b,A0171,B0179,1940-08-08,1940-08-08,1,Marion,Marion,3,Walton,Walton,3,HD8H 8DW,HD8H 8DW,1,0
-20.018270801566477,9.416719160683692e-07,hospital_a,hospital_b,A0172,B0643,1990-03-24,1961-01-26,0,Billy,Gavin,0,Lloyd,Lloyd,3,W8W 1QT,EH4 6ZU,0,0
-20.018270801566477,9.416719160683692e-07,hospital_a,hospital_b,A0173,B0604,1937-01-31,1966-11-18,0,Sheila,Lynda,0,Wood,Wood,3,N8U 7BN,W05 1PU,0,0
-20.018270801566477,9.416719160683692e-07,hospital_a,hospital_b,A0174,B0491,1950-11-05,1953-03-27,0,Vanessa,Ashleigh,0,Johnson,Johnson,3,KW1H 1FA,S3S 4UF,0,0
17.53402081439428,0.9999947309599222,hospital_a,hospital_b,A0175,B0183,1968-03-19,1968-03-19,1,aGrry,Garry,2,Miles,Miles,3,KY50 1XA,KY50 1XA,1,0
-20.018270801566477,9.416719160683692e-07,hospital_a,hospital_b,A0176,B0540,1967-03-27,1950-11-06,0,Lawrence,Raymond,0,Miller,Miller,3,UB07 8JF,M5U 1NZ,0,0
-20.018270801566477,9.416719160683692e-07,hospital_a,hospital_b,A0177,B0153,1976-09-11,1980-07-24,0,Jeremy,Alexnadra,0,Davies,Davies,3,W8 4DL,W2 3HF,0,0
-20.018270801566477,9.416719160683692e-07,hospital_a,hospital_b,A0178,B0830,1959-04-03,1941-12-21,0,Elloitt,Josuha,0,Jones,Jones,3,HA9E 5SG,W0 6ZU,0,0
-20.018270801566477,9.416719160683692e-07,hospital_a,hospital_b,A0181,B0580,1997-03-09,1958-09-07,0,Mark,Goerge,0,Adams,Adams,3,G8C 2GY,S8S 4PF,0,0
-20.018270801566477,9.416719160683692e-07,hospital_a,hospital_b,A0182,B0465,1973-02-01,1963-11-03,0,Luke,Laura,0,King,King,3,IP7 0BP,TR1R 6FA,0,0
22.986540461169,0.9999998796733648,hospital_a,hospital_b,A0184,B0191,1979-03-26,1979-03-26,1,Christian,Christian,3,Fraser,Fraser,3,L6 1UU,L6 1UU,1,0
-20.018270801566477,9.416719160683692e-07,hospital_a,hospital_b,A0185,B0509,2000-04-24,2003-12-11,0,Harriet,Claire,0,Lewis,Lewis,3,B24 8RZ,KT01 8FL,0,0
-20.018270801566477,9.416719160683692e-07,hospital_a,hospital_b,A0186,B0471,1993-04-16,1959-06-10,0,Victoria,Lee,0,Foster,Foster,3,M25 9YD,M46 1GN,0,0
22.986540461169,0.9999998796733648,hospital_a,hospital_b,A0188,B0194,1994-01-08,1994-01-08,1,Margaret,Margaret,3,Dodd,Dodd,3,OX1P 4UJ,OX1P 4UJ,1,0
17.53402081439428,0.9999947309599222,hospital_a,hospital_b,A0189,B0195,1962-08-29,1962-08-29,1,Terence,Teernce,2,Reynolds,Reynolds,3,N65 2SY,N65 2SY,1,0
-20.018270801566477,9.416719160683692e-07,hospital_a,hospital_b,A0192,B0195,1987-03-26,1962-08-29,0,Abbie,Teernce,0,Reynolds,Reynolds,3,B2S 7AH,N65 2SY,0,0
-20.018270801566477,9.416719160683692e-07,hospital_a,hospital_b,A0193,B0231,1992-03-14,2006-09-21,0,Nicholas,Damian,0,Turner,Turner,3,SG6 9HW,TS06AX,0,0
22.986540461169,0.9999998796733648,hospital_a,hospital_b,A0194,B0200,1968-06-24,1968-06-24,1,Lynda,Lynda,3,Robson,Robson,3,OX04 6WE,OX04 6WE,1,0
-20.018270801566477,9.416719160683692e-07,hospital_a,hospital_b,A0195,B0581,1991-06-29,1979-10-16,0,Gmema,Danny,0,Moore,Moore,3,TF7 9AU,ME4 8BH,0,0
-20.018270801566477,9.416719160683692e-07,hospital_a,hospital_b,A0196,B0513,1954-07-04,1972-01-22,0,John,Glenn,0,Harrison,Harrison,3,CA6 1XG,TQ4B 4HT,0,0
-20.018270801566477,9.416719160683692e-07,hospital_a,hospital_b,A0197,B0576,1996-03-26,2007-03-27,0,Russell,Marc,0,Wilson,Wilson,3,N2U 1DU,BT5R 8LA,0,0
-20.018270801566477,9.416719160683692e-07,hospital_a,hospital_b,A0198,B0737,1984-06-29,1957-07-16,0,Charlene,Leah,0,Bailey,Bailey,3,PA159LG,B6 1WJ,0,0
-20.018270801566477,9.416719160683692e-07,hospital_a,hospital_b,A0199,B0513,1962-06-18,1972-01-22,0,aSmantha,Glenn,0,Harrison,Harrison,3,FY729JE,TQ4B 4HT,0,0
8.439139447432636,0.9971271270496563,hospital_a,hospital_b,A0200,B0205,1945-02-05,1945-02-05,1,Edward,Edward,3,Oliver,Oliver,3,NE8Y 7NL,NE8Y7NL,0,0
-20.018270801566477,9.416719160683692e-07,hospital_a,hospital_b,A0201,B0318,1969-02-19,1990-11-17,0,Margaret,Marcus,0,Osborne,Osborne,3,G56 1DG,NE5 2PU,0,0
-20.018270801566477,9.416719160683692e-07,hospital_a,hospital_b,A0202,B0291,1973-04-24,1943-12-10,0,Linda,Matthew,0,Morris,Morris,3,KA22 2JL,G34 3FD,0,0
-20.018270801566477,9.416719160683692e-07,hospital_a,hospital_b,A0204,B0352,1975-04-30,1996-08-22,0,Sheila,Kayleigh,0,Hudson,Hudson,3,G99 9SW,E73 0PW,0,0
22.986540461169,0.9999998796733648,hospital_a,hospital_b,A0207,B0211,1986-06-02,1986-06-02,1,Marian,Marian,3,Price,Price,3,DG50 0XA,DG50 0XA,1,0
22.986540461169,0.9999998796733648,hospital_a,hospital_b,A0208,B0212,1958-01-10,1958-01-10,1,Charlie,Charlie,3,Cook,Cook,3,IG70 1FB,IG70 1FB,1,0
-20.018270801566477,9.416719160683692e-07,hospital_a,hospital_b,A0209,B0222,1967-08-15,2004-02-24,0,Emma,Daniel,0,Vaughan,Vaughan,3,BD3R 8HU,NR8 1BT,0,0
-20.018270801566477,9.416719160683692e-07,hospital_a,hospital_b,A0210,B0535,1939-01-31,1937-09-05,0,Joe,Reece,0,Evans,Evans,3,DN1H 5AG,CB5V 4XX,0,0
-20.018270801566477,9.416719160683692e-07,hospital_a,hospital_b,A0211,B0773,1938-03-01,1962-06-20,0,Aaron,Rsoemary,0,Smith,Smith,3,LA8M 3YG,S7 0AZ,0,0
22.986540461169,0.9999998796733648,hospital_a,hospital_b,A0214,B0219,1996-03-13,1996-03-13,1,Simon,Simon,3,Hunter,Hunter,3,L8 1JX,L8 1JX,1,0
-20.018270801566477,9.416719160683692e-07,hospital_a,hospital_b,A0215,B0750,1984-07-09,1959-02-16,0,Kmi,John,0,Allen,Allen,3,SG6B 2XR,G94 2AY,0,0
-20.018270801566477,9.416719160683692e-07,hospital_a,hospital_b,A0216,B0443,1976-05-23,1966-08-16,0,Brandon,Raymond,0,Jenkins,Jenkins,3,S84 7TR,N5S 7GB,0,0
22.986540461169,0.9999998796733648,hospital_a,hospital_b,A0217,B0222,2004-02-24,2004-02-24,1,Daniel,Daniel,3,Vaughan,Vaughan,3,NR8 1BT,NR8 1BT,1,0
-20.018270801566477,9.416719160683692e-07,hospital_a,hospital_b,A0218,B0291,1997-04-18,1943-12-10,0,Julian,Matthew,0,Morris,Morris,3,S0 8BP,G34 3FD,0,0
22.986540461169,0.9999998796733648,hospital_a,hospital_b,A0219,B0225,1966-10-25,1966-10-25,1,Leanne,Leanne,3,Green,Green,3,CT25 7YB,CT25 7YB,1,0
-20.018270801566477,9.416719160683692e-07,hospital_a,hospital_b,A0221,B0722,1980-04-07,2003-09-09,0,Leslie,Sheila,0,Scott,Scott,3,PR27 3HQ,EX6W 1WG,0,0
-20.018270801566477,9.416719160683692e-07,hospital_a,hospital_b,A0222,B0577,1957-07-22,1976-10-02,0,Annette,Matthew,0,Roberts,Roberts,3,BA53 3XW,WF13ZU,0,0
-20.018270801566477,9.416719160683692e-07,hospital_a,hospital_b,A0224,B0773,1946-06-07,1962-06-20,0,Helen,Rsoemary,0,Smith,Smith,3,PL5 8FH,S7 0AZ,0,0
-20.018270801566477,9.416719160683692e-07,hospital_a,hospital_b,A0225,B0590,2002-03-26,1979-12-26,0,Abbie,Kathryn,0,Begum,Begum,3,BR8 2PF,RG0X 1DA,0,0
-20.018270801566477,9.416719160683692e-07,hospital_a,hospital_b,A0226,B0723,1937-03-12,1999-09-15,0,Kenneth,Eielen,0,Clarke,Clarke,3,M9K 9JJ,WD9 1NQ,0,0
-20.018270801566477,9.416719160683692e-07,hospital_a,hospital_b,A0236,B0674,1960-10-22,1994-05-18,0,Amy,Lesley,0,Thomas,Thomas,3,DN0X 4LD,NP14 9XJ,0,0
-20.018270801566477,9.416719160683692e-07,hospital_a,hospital_b,A0241,B0581,1942-10-03,1979-10-16,0,Brenda,Danny,0,Moore,Moore,3,N8F 2NY,ME4 8BH,0,0
-20.018270801566477,9.416719160683692e-07,hospital_a,hospital_b,A0245,B0837,1978-05-24,1976-08-21,0,Stcaey,Sophie,0,Hall,Hall,3,L826DP,JE09 3DG,0,0
-20.018270801566477,9.416719160683692e-07,hospital_a,hospital_b,A0247,B0825,1950-09-13,2002-03-01,0,Margaret,Georgina,0,Williams,Williams,3,W23 5SF,M5C 5LG,0,0
-20.018270801566477,9.416719160683692e-07,hospital_a,hospital_b,A0248,B0080,1994-02-12,1959-08-06,0,Graham,Ian,0,Khan,Khan,3,YO96 7WS,NE72 5ZP,0,0
-20.018270801566477,9.416719160683692e-07,hospital_a,hospital_b,A0252,B0773,1980-03-27,1962-06-20,0,Ricky,Rsoemary,0,Smith,Smith,3,WF4 1ZG,S7 0AZ,0,0
-20.018270801566477,9.416719160683692e-07,hospital_a,hospital_b,A0255,B0177,1954-08-09,2006-07-09,0,Garry,Heeln,0,Andrews,Andrews,3,BR73 2UE,NR0 4HZ,0,0
-20.018270801566477,9.416719160683692e-07,hospital_a,hospital_b,A0260,B0519,1952-04-16,1978-02-03,0,Kieran,Aieme,0,Cox,Cox,3,B2 0UZ,G35 5WA,0,0
-20.018270801566477,9.416719160683692e-07,hospital_a,hospital_b,A0261,B0489,1939-12-14,1937-03-01,0,Rnoald,Wendy,0,Lee,Lee,3,E71HS,M96 8FT,0,0
22.986540461169,0.9999998796733648,hospital_a,hospital_b,A0262,B0272,1944-02-05,1944-02-05,1,Kyle,Kyle,3,Goodwin,Goodwin,3,S25 7JY,S25 7JY,1,0
-20.018270801566477,9.416719160683692e-07,hospital_a,hospital_b,A0265,B0825,1959-09-08,2002-03-01,0,Ryhs,Georgina,0,Williams,Williams,3,BH10 2AU,M5C 5LG,0,0
-20.018270801566477,9.416719160683692e-07,hospital_a,hospital_b,A0266,B0773,1965-05-27,1962-06-20,0,Nigel,Rsoemary,0,Smith,Smith,3,S319UB,S7 0AZ,0,0
-20.018270801566477,9.416719160683692e-07,hospital_a,hospital_b,A0269,B0775,1938-03-17,1970-05-30,0,Helen,Georgia,0,Robinson,Robinson,3,SS80 8RU,NW23 2YZ,0,0
-20.018270801566477,9.416719160683692e-07,hospital_a,hospital_b,A0273,B0513,1971-07-08,1972-01-22,0,Nathan,Glenn,0,Harrison,Harrison,3,B46 7QS,TQ4B 4HT,0,0
-20.018270801566477,9.416719160683692e-07,hospital_a,hospital_b,A0274,B0622,1982-06-12,2002-04-27,0,Rosemary,Luke,0,Ward,Ward,3,LU97NY,CT9N 9FH,0,0
-20.018270801566477,9.416719160683692e-07,hospital_a,hospital_b,A0276,B0027,1943-06-25,1999-07-19,0,Angela,Garry,0,Coko,Coko,3,ZE02 4AR,WS4V 8HD,0,0
-20.018270801566477,9.416719160683692e-07,hospital_a,hospital_b,A0279,B0692,2005-05-15,1954-10-31,0,Albert,Malcolm,0,Collins,Collins,3,CA066GX,E6 8EX,0,0
-20.018270801566477,9.416719160683692e-07,hospital_a,hospital_b,A0281,B0231,1940-02-26,2006-09-21,0,Valerie,Damian,0,Turner,Turner,3,HX9R 4UE,TS06AX,0,0
22.986540461169,0.9999998796733648,hospital_a,hospital_b,A0284,B0291,1943-12-10,1943-12-10,1,Matthew,Matthew,3,Morris,Morris,3,G34 3FD,G34 3FD,1,0
22.986540461169,0.9999998796733648,hospital_a,hospital_b,A0285,B0293,1997-09-16,1997-09-16,1,Damien,Damien,3,Parsons,Parsons,3,PO3V 1YA,PO3V 1YA,1,0
-20.018270801566477,9.416719160683692e-07,hospital_a,hospital_b,A0286,B0513,1948-10-18,1972-01-22,0,Claire,Glenn,0,Harrison,Harrison,3,CF2N 6HW,TQ4B 4HT,0,0
-20.018270801566477,9.416719160683692e-07,hospital_a,hospital_b,A0287,B0604,1941-04-15,1966-11-18,0,Nicole,Lynda,0,Wood,Wood,3,CH64 9NT,W05 1PU,0,0
-20.018270801566477,9.416719160683692e-07,hospital_a,hospital_b,A0288,B0452,1942-12-17,1966-12-07,0,Fracnes,Tina,0,Hughes,Hughes,3,NE11 6RY,BL3B 1BB,0,0
-20.018270801566477,9.416719160683692e-07,hospital_a,hospital_b,A0289,B0604,1955-08-13,1966-11-18,0,Diane,Lynda,0,Wood,Wood,3,TD9W 6QU,W05 1PU,0,0
-20.018270801566477,9.416719160683692e-07,hospital_a,hospital_b,A0290,B0580,1971-01-27,1958-09-07,0,Billy,Goerge,0,Adams,Adams,3,NP5 0SE,S8S 4PF,0,0
17.53402081439428,0.9999947309599222,hospital_a,hospital_b,A0291,B0300,1987-07-14,1987-07-14,1,Sharno,Sharon,2,Macdonald,Macdonald,3,TA19 8XY,TA19 8XY,1,0
22.986540461169,0.9999998796733648,hospital_a,hospital_b,A0293,B0302,1940-01-24,1940-01-24,1,Graham,Graham,3,Walker,Walker,3,CH5 0XP,CH5 0XP,1,0
-20.018270801566477,9.416719160683692e-07,hospital_a,hospital_b,A0295,B0523,2008-01-04,1979-01-13,0,Arthur,Claire,0,Parker,Parker,3,TR39 9EY,EN6 4AX,0,0
-20.018270801566477,9.416719160683692e-07,hospital_a,hospital_b,A0296,B0471,1964-11-29,1959-06-10,0,Jyoce,Lee,0,Foster,Foster,3,G3 3NT,M46 1GN,0,0
-20.018270801566477,9.416719160683692e-07,hospital_a,hospital_b,A0299,B0140,1955-04-29,1948-12-11,0,Cilve,Owen,0,Stevens,Stevens,3,EN90 8QE,LD29ZZ,0,0
-20.018270801566477,9.416719160683692e-07,hospital_a,hospital_b,A0300,B0518,2000-04-09,1969-10-05,0,Joel,Amelia,0,Kelly,Kelly,3,RG56 4DU,WA736FP,0,0
22.986540461169,0.9999998796733648,hospital_a,hospital_b,A0301,B0312,1988-07-08,1988-07-08,1,Jay,Jay,3,Burton,Burton,3,N7T 0GT,N7T 0GT,1,0
-20.018270801566477,9.416719160683692e-07,hospital_a,hospital_b,A0302,B0790,1991-04-27,1964-09-08,0,Georgia,Tina,0,Edwards,Edwards,3,TA2W 5TU,S42 2ZU,0,0
-20.018270801566477,9.416719160683692e-07,hospital_a,hospital_b,A0304,B0773,1942-03-28,1962-06-20,0,Jodie,Rsoemary,0,Smith,Smith,3,B5 7QZ,S7 0AZ,0,0
-20.018270801566477,9.416719160683692e-07,hospital_a,hospital_b,A0307,B0607,1978-01-14,1958-03-02,0,Lynne,Paulnie,0,Ball,Ball,3,B8U 6DJ,S2 1WU,0,0
22.986540461169,0.9999998796733648,hospital_a,hospital_b,A0309,B0321,1979-04-02,1979-04-02,1,Steven,Steven,3,Kaur,Kaur,3,S4 3RD,S4 3RD,1,0
-20.018270801566477,9.416719160683692e-07,hospital_a,hospital_b,A0310,B0577,1989-01-01,1976-10-02,0,Abigail,Matthew,0,Roberts,Roberts,3,ZE9 5EQ,WF13ZU,0,0
22.986540461169,0.9999998796733648,hospital_a,hospital_b,A0311,B0322,1981-04-28,1981-04-28,1,Janye,Janye,3,Birch,Birch,3,B8 7JF,B8 7JF,1,0
-20.018270801566477,9.416719160683692e-07,hospital_a,hospital_b,A0313,B0694,1989-05-05,1999-06-26,0,Setphanie,Sam,0,Brown,Brown,3,DD26 1SN,CO5Y 3EN,0,0
-20.018270801566477,9.416719160683692e-07,hospital_a,hospital_b,A0314,B0291,1979-05-19,1943-12-10,0,Jason,Matthew,0,Morris,Morris,3,CF6V0RE,G34 3FD,0,0
-20.018270801566477,9.416719160683692e-07,hospital_a,hospital_b,A0315,B0535,1984-06-21,1937-09-05,0,Amber,Reece,0,Evans,Evans,3,SK6M 2FA,CB5V 4XX,0,0
8.645498630395842,0.9975090647658219,hospital_a,hospital_b,A0318,B0327,1965-09-25,1965-09-25,1,Mxa,Max,0,Lawrence,Lawrence,3,CH79 7SA,CH79 7SA,1,0
-20.018270801566477,9.416719160683692e-07,hospital_a,hospital_b,A0319,B0830,1999-10-03,1941-12-21,0,Sylvia,Josuha,0,Jones,Jones,3,SP6P 7GZ,W0 6ZU,0,0
-20.018270801566477,9.416719160683692e-07,hospital_a,hospital_b,A0323,B0773,1994-05-09,1962-06-20,0,Thomas,Rsoemary,0,Smith,Smith,3,GL81LQ,S7 0AZ,0,0
-20.018270801566477,9.416719160683692e-07,hospital_a,hospital_b,A0324,B0551,1972-12-17,1955-05-04,0,Clare,Andrwe,0,Watson,Watson,3,HX0R 0WD,YO5A3GY,0,0
-20.018270801566477,9.416719160683692e-07,hospital_a,hospital_b,A0325,B0775,1993-08-13,1970-05-30,0,Julai,Georgia,0,Robinson,Robinson,3,M6G5QA,NW23 2YZ,0,0
-20.018270801566477,9.416719160683692e-07,hospital_a,hospital_b,A0327,B0489,1957-06-21,1937-03-01,0,Cameron,Wendy,0,Lee,Lee,3,MK10 4WQ,M96 8FT,0,0
17.53402081439428,0.9999947309599222,hospital_a,hospital_b,A0329,B0336,1995-10-05,1995-10-05,1,Sena,Sean,2,Ellis,Ellis,3,E0 2UH,E0 2UH,1,0
-20.018270801566477,9.416719160683692e-07,hospital_a,hospital_b,A0331,B0471,1965-02-10,1959-06-10,0,Terence,Lee,0,Foster,Foster,3,N9 0WF,M46 1GN,0,0
-20.018270801566477,9.416719160683692e-07,hospital_a,hospital_b,A0332,B0249,1951-01-08,1942-10-23,0,Stewart,Jade,0,Gregory,Gregory,3,LU0B 1BS,SW4A 3PH,0,0
-20.018270801566477,9.416719160683692e-07,hospital_a,hospital_b,A0334,B0225,2006-10-23,1966-10-25,0,Douglas,Leanne,0,Green,Green,3,G4C 4DF,CT25 7YB,0,0
-20.018270801566477,9.416719160683692e-07,hospital_a,hospital_b,A0336,B0830,1965-01-11,1941-12-21,0,Gary,Josuha,0,Jones,Jones,3,B483XF,W0 6ZU,0,0
-20.018270801566477,9.416719160683692e-07,hospital_a,hospital_b,A0337,B0683,1947-01-25,1947-06-23,0,Denise,Charlene,0,White,White,3,E4B 1FX,SS0R 6PE,0,0
-20.018270801566477,9.416719160683692e-07,hospital_a,hospital_b,A0338,B0518,2005-04-16,1969-10-05,0,Maurice,Amelia,0,Kelly,Kelly,3,BA2 9UA,WA736FP,0,0
-20.018270801566477,9.416719160683692e-07,hospital_a,hospital_b,A0339,B0825,1944-04-16,2002-03-01,0,Vansesa,Georgina,0,Williams,Williams,3,UB952AE,M5C 5LG,0,0
-20.018270801566477,9.416719160683692e-07,hospital_a,hospital_b,A0341,B0255,1976-07-31,1941-11-21,0,Gordon,Leah,0,Knowles,Knowles,3,PL9E 9FD,B22 8NR,0,0
22.986540461169,0.9999998796733648,hospital_a,hospital_b,A0344,B0352,1996-08-22,1996-08-22,1,Kayleigh,Kayleigh,3,Hudson,Hudson,3,E73 0PW,E73 0PW,1,0
-20.018270801566477,9.416719160683692e-07,hospital_a,hospital_b,A0345,B0285,2000-04-05,1974-09-11,0,Joshua,Sean,0,Patel,Patel,3,BR2A 0NZ,M10 7FT,0,0
-20.018270801566477,9.416719160683692e-07,hospital_a,hospital_b,A0348,B0830,1979-04-30,1941-12-21,0,Sean,Josuha,0,Jones,Jones,3,IG0 0JW,W0 6ZU,0,0
-20.018270801566477,9.416719160683692e-07,hospital_a,hospital_b,A0349,B0773,1988-11-28,1962-06-20,0,Allan,Rsoemary,0,Smith,Smith,3,TS6 6GA,S7 0AZ,0,0
-20.018270801566477,9.416719160683692e-07,hospital_a,hospital_b,A0350,B0674,1937-06-13,1994-05-18,0,Rebecca,Lesley,0,Thomas,Thomas,3,M23 2PX,NP14 9XJ,0,0
-20.018270801566477,9.416719160683692e-07,hospital_a,hospital_b,A0356,B0567,1951-11-24,1938-01-01,0,Kieran,Marion,0,Taylor,Taylor,3,SW3R8YX,TW60 9GA,0,0
-20.018270801566477,9.416719160683692e-07,hospital_a,hospital_b,A0357,B0528,1937-06-24,2005-12-05,0,Barbara,Irene,0,Davis,Davis,3,G40 5PJ,LU8N 3WQ,0,0
-20.018270801566477,9.416719160683692e-07,hospital_a,hospital_b,A0358,B0223,1993-08-15,1951-02-26,0,Mohamed,Tracey,0,Pearce,Pearce,3,S6D 1XR,N7 7YE,0,0
-20.018270801566477,9.416719160683692e-07,hospital_a,hospital_b,A0362,B0681,1967-09-11,1942-10-25,0,Janet,Andrew,0,Marshall,Marshall,3,B0U 3JQ,L60 7SX,0,0
-20.018270801566477,9.416719160683692e-07,hospital_a,hospital_b,A0363,B0577,1995-11-28,1976-10-02,0,Lewis,Matthew,0,Roberts,Roberts,3,G06 5PX,WF13ZU,0,0
-20.018270801566477,9.416719160683692e-07,hospital_a,hospital_b,A0364,B0694,1983-01-10,1999-06-26,0,Kyle,Sam,0,Brown,Brown,3,S33DL,CO5Y 3EN,0,0
-20.018270801566477,9.416719160683692e-07,hospital_a,hospital_b,A0365,B0773,1942-03-14,1962-06-20,0,Ronald,Rsoemary,0,Smith,Smith,3,RG6 5GP,S7 0AZ,0,0
-20.018270801566477,9.416719160683692e-07,hospital_a,hospital_b,A0367,B0519,1959-04-12,1978-02-03,0,Louise,Aieme,0,Cox,Cox,3,HD0 4AJ,G35 5WA,0,0
17.53402081439428,0.9999947309599222,hospital_a,hospital_b,A0369,B0377,1987-12-19,1987-12-19,1,Jdae,Jade,2,Kemp,Kemp,3,S29 4NY,S29 4NY,1,0
8.439139447432636,0.9971271270496563,hospital_a,hospital_b,A0372,B0381,1961-08-31,1961-08-31,1,Joshua,Joshua,3,Woodward,Woodward,3,SK0Y 4ZT,SK0Y4ZT,0,0
-20.018270801566477,9.416719160683692e-07,hospital_a,hospital_b,A0374,B0496,1948-10-31,1962-11-13,0,Kirsty,aHrry,0,Bradley,Bradley,3,G3 6TZ,CO41 1WS,0,0
-20.018270801566477,9.416719160683692e-07,hospital_a,hospital_b,A0376,B0145,1985-01-22,1958-10-31,0,Anne,Oliver,0,Holt,Holt,3,HD3 6RZ,S75 8ZQ,0,0
-20.018270801566477,9.416719160683692e-07,hospital_a,hospital_b,A0377,B0567,1955-09-07,1938-01-01,0,Adrain,Marion,0,Taylor,Taylor,3,SY3N9UW,TW60 9GA,0,0
-20.018270801566477,9.416719160683692e-07,hospital_a,hospital_b,A0381,B0737,1997-07-04,1957-07-16,0,Hannah,Leah,0,Bailey,Bailey,3,CT4 7TF,B6 1WJ,0,0
17.53402081439428,0.9999947309599222,hospital_a,hospital_b,A0382,B0392,2005-11-02,2005-11-02,1,Oilvia,Olivia,2,Harris,Harris,3,N2 3BG,N2 3BG,1,0
-20.018270801566477,9.416719160683692e-07,hospital_a,hospital_b,A0383,B0491,1964-10-10,1953-03-27,0,Kieran,Ashleigh,0,Johnson,Johnson,3,E3 7NZ,S3S 4UF,0,0
-14.44359436615754,4.487715947894868e-05,hospital_a,hospital_b,A0387,B0523,2004-04-29,1979-01-13,0,Clifford,Claire,1,Parker,Parker,3,SE8 2YU,EN6 4AX,0,0
-20.018270801566477,9.416719160683692e-07,hospital_a,hospital_b,A0388,B0528,1950-12-29,2005-12-05,0,Clifford,Irene,0,Davis,Davis,3,L95 2ZS,LU8N 3WQ,0,0
-20.018270801566477,9.416719160683692e-07,hospital_a,hospital_b,A0390,B0054,1975-04-25,1984-10-17,0,Stacey,Sharon,0,Griffiths,Griffiths,3,N1 5LF,W8S0JR,0,0
17.53402081439428,0.9999947309599222,hospital_a,hospital_b,A0391,B0401,1994-03-07,1994-03-07,1,Stewart,Setwart,2,Fox,Fox,3,N9 8LZ,N9 8LZ,1,0
-20.018270801566477,9.416719160683692e-07,hospital_a,hospital_b,A0392,B0830,1944-08-05,1941-12-21,0,Sophie,Josuha,0,Jones,Jones,3,G26YL,W0 6ZU,0,0
2.9866198006579197,0.8879695849880381,hospital_a,hospital_b,A0395,B0403,1947-08-02,1947-08-02,1,Lnyda,Lynda,2,Patterson,Patterson,3,L2B2WQ,L2B 2WQ,0,0
8.439139447432636,0.9971271270496563,hospital_a,hospital_b,A0398,B0406,1966-07-21,1966-07-21,1,Karen,Karen,3,Burns,Burns,3,M172FQ,M17 2FQ,0,0
-20.018270801566477,9.416719160683692e-07,hospital_a,hospital_b,A0399,B0465,2004-07-07,1963-11-03,0,Sahun,Laura,0,King,King,3,FK1P 8UF,TR1R 6FA,0,0
17.53402081439428,0.9999947309599222,hospital_a,hospital_b,A0400,B0408,1952-07-19,1952-07-19,1,aJmes,James,2,Perkins,Perkins,3,WA5P 6UN,WA5P 6UN,1,0
-20.018270801566477,9.416719160683692e-07,hospital_a,hospital_b,A0401,B0773,2000-08-17,1962-06-20,0,Samantha,Rsoemary,0,Smith,Smith,3,B00 3NU,S7 0AZ,0,0
-14.44359436615754,4.487715947894868e-05,hospital_a,hospital_b,A0402,B0825,1942-06-26,2002-03-01,0,Geraldine,Georgina,1,Williams,Williams,3,N4T 3XF,M5C 5LG,0,0
-20.018270801566477,9.416719160683692e-07,hospital_a,hospital_b,A0404,B0581,1963-10-09,1979-10-16,0,Jacqueline,Danny,0,Moore,Moore,3,M3C 2YH,ME4 8BH,0,0
-20.018270801566477,9.416719160683692e-07,hospital_a,hospital_b,A0405,B0674,1952-09-02,1994-05-18,0,Francis,Lesley,0,Thomas,Thomas,3,G4 4BJ,NP14 9XJ,0,0
-20.018270801566477,9.416719160683692e-07,hospital_a,hospital_b,A0406,B0113,1965-02-03,1968-04-24,0,Arthur,Jennifer,0,Atkinson,Atkinson,3,M5A 5JL,M0 0PE,0,0
8.439139447432636,0.9971271270496563,hospital_a,hospital_b,A0407,B0417,1948-06-14,1948-06-14,1,Abigail,Abigail,3,Curtis,Curtis,3,BA4 2RZ,BA42RZ,0,0
-20.018270801566477,9.416719160683692e-07,hospital_a,hospital_b,A0408,B0830,1976-05-15,1941-12-21,0,Bradley,Josuha,0,Jones,Jones,3,TW24 7FJ,W0 6ZU,0,0
-20.018270801566477,9.416719160683692e-07,hospital_a,hospital_b,A0412,B0231,1948-07-23,2006-09-21,0,Brandon,Damian,0,Turner,Turner,3,HU57 7SZ,TS06AX,0,0
2.9866198006579197,0.8879695849880381,hospital_a,hospital_b,A0413,B0422,1977-09-10,1977-09-10,1,eBrnard,Bernard,2,Cooper,Cooper,3,NG933QA,NG93 3QA,0,0
-20.018270801566477,9.416719160683692e-07,hospital_a,hospital_b,A0415,B0161,1987-01-25,1998-08-11,0,Aleaxndra,Gordon,0,Knight,Knight,3,CW41 2HR,NG46 2FH,0,0
17.53402081439428,0.9999947309599222,hospital_a,hospital_b,A0417,B0427,1937-08-24,1937-08-24,1,Recee,Reece,2,Dawson,Dawson,3,BT9 9UB,BT9 9UB,1,0
-20.018270801566477,9.416719160683692e-07,hospital_a,hospital_b,A0419,B0472,1991-05-29,1937-08-21,0,aGil,Marcus,0,Lambert,Lambert,3,N72 4QZ,EX352HX,0,0
-20.018270801566477,9.416719160683692e-07,hospital_a,hospital_b,A0420,B0538,1945-09-10,1980-02-19,0,eLwis,Joan,0,Nelson,Nelson,3,NR1 1TP,AB46 7GP,0,0
-20.018270801566477,9.416719160683692e-07,hospital_a,hospital_b,A0422,B0773,1999-03-14,1962-06-20,0,Barbara,Rsoemary,0,Smith,Smith,3,BH9X 3XA,S7 0AZ,0,0
-20.018270801566477,9.416719160683692e-07,hospital_a,hospital_b,A0423,B0465,1960-10-03,1963-11-03,0,Bethany,Laura,0,King,King,3,RM87 1GE,TR1R 6FA,0,0
-20.018270801566477,9.416719160683692e-07,hospital_a,hospital_b,A0424,B0683,1938-01-28,1947-06-23,0,Geoffrey,Charlene,0,White,White,3,W23 9BZ,SS0R 6PE,0,0
-20.018270801566477,9.416719160683692e-07,hospital_a,hospital_b,A0425,B0340,1941-05-20,1990-11-20,0,Howard,Leanne,0,Woods,Woods,3,M6 4TS,LD2Y 1ZZ,0,0
-20.018270801566477,9.416719160683692e-07,hospital_a,hospital_b,A0426,B0306,1971-09-29,1988-04-29,0,lCare,Tarcy,0,McDonald,McDonald,3,CH6 8AT,L52JF,0,0
17.53402081439428,0.9999947309599222,hospital_a,hospital_b,A0428,B0437,1954-10-26,1954-10-26,1,Francis,rFancis,2,Buckley,Buckley,3,EX4P 0SB,EX4P 0SB,1,0
-20.018270801566477,9.416719160683692e-07,hospital_a,hospital_b,A0430,B0090,1958-10-26,1985-05-14,0,Andrea,Mohammad,0,Walsh,Walsh,3,E0 0YF,TD4Y 4QZ,0,0
-20.018270801566477,9.416719160683692e-07,hospital_a,hospital_b,A0431,B0773,2000-10-30,1962-06-20,0,Christian,Rsoemary,0,Smith,Smith,3,DG8 6LB,S7 0AZ,0,0
17.53402081439428,0.9999947309599222,hospital_a,hospital_b,A0434,B0441,1990-11-01,1990-11-01,1,Dnaiel,Daniel,2,Weston,Weston,3,N13 5FJ,N13 5FJ,1,0
22.986540461169,0.9999998796733648,hospital_a,hospital_b,A0436,B0443,1966-08-16,1966-08-16,1,Raymond,Raymond,3,Jenkins,Jenkins,3,N5S 7GB,N5S 7GB,1,0
-20.018270801566477,9.416719160683692e-07,hospital_a,hospital_b,A0437,B0329,1961-05-25,2004-02-16,0,Anne,Oliver,0,James,James,3,L5 2PE,GU33 0QL,0,0
-20.018270801566477,9.416719160683692e-07,hospital_a,hospital_b,A0439,B0225,1993-11-13,1966-10-25,0,Pauline,Leanne,0,Green,Green,3,GU4N 6DX,CT25 7YB,0,0
-20.018270801566477,9.416719160683692e-07,hospital_a,hospital_b,A0440,B0508,1938-10-10,2000-07-25,0,Timothy,Lauren,0,Day,Day,3,G1 6JG,G21 1BT,0,0
-20.018270801566477,9.416719160683692e-07,hospital_a,hospital_b,A0441,B0580,2006-07-23,1958-09-07,0,Lesley,Goerge,0,Adams,Adams,3,TD71LN,S8S 4PF,0,0
-20.018270801566477,9.416719160683692e-07,hospital_a,hospital_b,A0443,B0825,1946-04-12,2002-03-01,0,Owen,Georgina,0,Williams,Williams,3,S8F 7LQ,M5C 5LG,0,0
22.986540461169,0.9999998796733648,hospital_a,hospital_b,A0444,B0452,1966-12-07,1966-12-07,1,Tina,Tina,3,Hughes,Hughes,3,BL3B 1BB,BL3B 1BB,1,0
-20.018270801566477,9.416719160683692e-07,hospital_a,hospital_b,A0445,B0643,1995-06-10,1961-01-26,0,Oilver,Gavin,0,Lloyd,Lloyd,3,FK7H 3QN,EH4 6ZU,0,0
-20.018270801566477,9.416719160683692e-07,hospital_a,hospital_b,A0446,B0153,1947-06-13,1980-07-24,0,Guy,Alexnadra,0,Davies,Davies,3,ZE7 0US,W2 3HF,0,0
-20.018270801566477,9.416719160683692e-07,hospital_a,hospital_b,A0448,B0830,1961-11-16,1941-12-21,0,Cheyrl,Josuha,0,Jones,Jones,3,N48ZU,W0 6ZU,0,0
-14.44359436615754,4.487715947894868e-05,hospital_a,hospital_b,A0449,B0773,1989-05-18,1962-06-20,0,Robert,Rsoemary,1,Smith,Smith,3,HX31 6EL,S7 0AZ,0,0
-20.018270801566477,9.416719160683692e-07,hospital_a,hospital_b,A0451,B0491,1983-10-12,1953-03-27,0,Gregory,Ashleigh,0,Johnson,Johnson,3,LU4 4AT,S3S 4UF,0,0
-20.018270801566477,9.416719160683692e-07,hospital_a,hospital_b,A0457,B0825,1983-05-01,2002-03-01,0,Gail,Georgina,0,Williams,Williams,3,S2 2FJ,M5C 5LG,0,0
22.986540461169,0.9999998796733648,hospital_a,hospital_b,A0458,B0465,1963-11-03,1963-11-03,1,Laura,Laura,3,King,King,3,TR1R 6FA,TR1R 6FA,1,0
-20.018270801566477,9.416719160683692e-07,hospital_a,hospital_b,A0459,B0200,1969-06-10,1968-06-24,0,Owen,Lynda,0,Robson,Robson,3,LE4A 5WW,OX04 6WE,0,0
-20.018270801566477,9.416719160683692e-07,hospital_a,hospital_b,A0460,B0790,1992-09-17,1964-09-08,0,Kelly,Tina,0,Edwards,Edwards,3,TN4 1UR,S42 2ZU,0,0
-20.018270801566477,9.416719160683692e-07,hospital_a,hospital_b,A0461,B0674,1997-06-25,1994-05-18,0,Joseph,Lesley,0,Thomas,Thomas,3,L11 7PJ,NP14 9XJ,0,0
-20.018270801566477,9.416719160683692e-07,hospital_a,hospital_b,A0462,B0049,1940-08-08,1966-05-27,0,Ian,Catherine,0,Baker,Baker,3,PL0 5ET,W7 1PZ,0,0
-20.018270801566477,9.416719160683692e-07,hospital_a,hospital_b,A0463,B0451,1973-11-12,1946-04-12,0,Shaun,wOen,0,Willimas,Willimas,3,E90 3BF,S8F 7LQ,0,0
22.986540461169,0.9999998796733648,hospital_a,hospital_b,A0465,B0471,1959-06-10,1959-06-10,1,Lee,Lee,3,Foster,Foster,3,M46 1GN,M46 1GN,1,0
-20.018270801566477,9.416719160683692e-07,hospital_a,hospital_b,A0469,B0471,2000-04-14,1959-06-10,0,Bruce,Lee,0,Foster,Foster,3,CO9 7ED,M46 1GN,0,0
-14.44359436615754,4.487715947894868e-05,hospital_a,hospital_b,A0470,B0567,1953-02-09,1938-01-01,0,Iain,Marion,1,Taylor,Taylor,3,HD8 0QS,TW60 9GA,0,0
8.439139447432636,0.9971271270496563,hospital_a,hospital_b,A0471,B0477,1952-06-11,1952-06-11,1,Patrick,Patrick,3,Fowler,Fowler,3,SA71 7BL,SA717BL,0,0
-20.018270801566477,9.416719160683692e-07,hospital_a,hospital_b,A0472,B0825,1951-09-01,2002-03-01,0,Jacqueline,Georgina,0,Williams,Williams,3,DE68 4BX,M5C 5LG,0,0
-20.018270801566477,9.416719160683692e-07,hospital_a,hospital_b,A0474,B0222,1956-11-16,2004-02-24,0,Frederick,Daniel,0,Vaughan,Vaughan,3,S0K 5LL,NR8 1BT,0,0
-20.018270801566477,9.416719160683692e-07,hospital_a,hospital_b,A0475,B0262,1970-05-04,1978-10-04,0,Alan,Graham,0,Morgan,Morgan,3,L6A 4ZX,W66 7GH,0,0
-20.018270801566477,9.416719160683692e-07,hospital_a,hospital_b,A0477,B0471,1960-10-24,1959-06-10,0,Samuel,Lee,0,Foster,Foster,3,W13HP,M46 1GN,0,0
-20.018270801566477,9.416719160683692e-07,hospital_a,hospital_b,A0478,B0428,2000-10-17,1986-07-30,0,Albert,uSsan,0,Simpson,Simpson,3,LN4 2QB,N68FA,0,0
-20.018270801566477,9.416719160683692e-07,hospital_a,hospital_b,A0480,B0489,1956-09-04,1937-03-01,0,Gordon,Wendy,0,Lee,Lee,3,N35 7PE,M96 8FT,0,0
-20.018270801566477,9.416719160683692e-07,hospital_a,hospital_b,A0481,B0403,1965-11-10,1947-08-02,0,Bernard,Lynda,0,Patterson,Patterson,3,G8D 9FZ,L2B 2WQ,0,0
22.986540461169,0.9999998796733648,hospital_a,hospital_b,A0486,B0489,1937-03-01,1937-03-01,1,Wendy,Wendy,3,Lee,Lee,3,M96 8FT,M96 8FT,1,0
-20.018270801566477,9.416719160683692e-07,hospital_a,hospital_b,A0488,B0452,1979-11-26,1966-12-07,0,Joseph,Tina,0,Hughes,Hughes,3,DD0P 9RY,BL3B 1BB,0,0
-20.018270801566477,9.416719160683692e-07,hospital_a,hospital_b,A0489,B0577,1963-11-30,1976-10-02,0,eWndy,Matthew,0,Roberts,Roberts,3,NP7 1JE,WF13ZU,0,0
22.986540461169,0.9999998796733648,hospital_a,hospital_b,A0493,B0495,1951-01-09,1951-01-09,1,Karen,Karen,3,Fry,Fry,3,EH0A 8EW,EH0A 8EW,1,0
8.439139447432636,0.9971271270496563,hospital_a,hospital_b,A0494,B0496,1962-11-13,1962-11-13,1,aHrry,aHrry,3,Bradley,Bradley,3,CO411WS,CO41 1WS,0,0
-20.018270801566477,9.416719160683692e-07,hospital_a,hospital_b,A0495,B0509,1936-12-28,2003-12-11,0,Diane,Claire,0,Lewis,Lewis,3,LE3 4YU,KT01 8FL,0,0
-20.018270801566477,9.416719160683692e-07,hospital_a,hospital_b,A0496,B0581,1950-06-11,1979-10-16,0,Neli,Danny,0,Moore,Moore,3,PE31 6ZU,ME4 8BH,0,0
-20.018270801566477,9.416719160683692e-07,hospital_a,hospital_b,A0500,B0694,1949-05-06,1999-06-26,0,Teresa,Sam,0,Brown,Brown,3,UB6 5ZR,CO5Y 3EN,0,0
-20.018270801566477,9.416719160683692e-07,hospital_a,hospital_b,A0501,B0581,1944-07-13,1979-10-16,0,Marcus,Danny,0,Moore,Moore,3,S5K 9UH,ME4 8BH,0,0
22.986540461169,0.9999998796733648,hospital_a,hospital_b,A0505,B0508,2000-07-25,2000-07-25,1,Lauren,Lauren,3,Day,Day,3,G21 1BT,G21 1BT,1,0
22.986540461169,0.9999998796733648,hospital_a,hospital_b,A0506,B0509,2003-12-11,2003-12-11,1,Claire,Claire,3,Lewis,Lewis,3,KT01 8FL,KT01 8FL,1,0
-20.018270801566477,9.416719160683692e-07,hospital_a,hospital_b,A0507,B0194,1960-03-17,1994-01-08,0,Chelsea,Margaret,0,Dodd,Dodd,3,E9H 1DG,OX1P 4UJ,0,0
17.53402081439428,0.9999947309599222,hospital_a,hospital_b,A0508,B0511,1984-12-27,1984-12-27,1,Louis,Luois,2,Brookes,Brookes,3,G40 4GL,G40 4GL,1,0
-20.018270801566477,9.416719160683692e-07,hospital_a,hospital_b,A0509,B0513,1954-08-05,1972-01-22,0,Grary,Glenn,0,Harrison,Harrison,3,HU95 8TG,TQ4B 4HT,0,0
17.53402081439428,0.9999947309599222,hospital_a,hospital_b,A0510,B0513,1972-01-22,1972-01-22,1,Glnen,Glenn,2,Harrison,Harrison,3,TQ4B 4HT,TQ4B 4HT,1,0
-20.018270801566477,9.416719160683692e-07,hospital_a,hospital_b,A0511,B0401,1937-10-02,1994-03-07,0,Katy,Setwart,0,Fox,Fox,3,CF5A 6UP,N9 8LZ,0,0
8.439139447432636,0.9971271270496563,hospital_a,hospital_b,A0512,B0518,1969-10-05,1969-10-05,1,Amelia,Amelia,3,Kelly,Kelly,3,WA73 6FP,WA736FP,0,0
17.53402081439428,0.9999947309599222,hospital_a,hospital_b,A0513,B0519,1978-02-03,1978-02-03,1,Aimee,Aieme,2,Cox,Cox,3,G35 5WA,G35 5WA,1,0
-20.018270801566477,9.416719160683692e-07,hospital_a,hospital_b,A0514,B0472,1966-05-12,1937-08-21,0,Jacqueline,Marcus,0,Lambert,Lambert,3,HA6 0LS,EX352HX,0,0
17.53402081439428,0.9999947309599222,hospital_a,hospital_b,A0515,B0521,1977-03-27,1977-03-27,1,Sahun,Shaun,2,Newton,Newton,3,SL70 6SB,SL70 6SB,1,0
17.53402081439428,0.9999947309599222,hospital_a,hospital_b,A0516,B0523,1979-01-13,1979-01-13,1,Claier,Claire,2,Parker,Parker,3,EN6 4AX,EN6 4AX,1,0
-20.018270801566477,9.416719160683692e-07,hospital_a,hospital_b,A0517,B0552,1974-08-23,1995-05-20,0,Leon,Christnie,0,Richards,Richards,3,B59 3SL,DD282QE,0,0
22.986540461169,0.9999998796733648,hospital_a,hospital_b,A0520,B0528,2005-12-05,2005-12-05,1,Irene,Irene,3,Davis,Davis,3,LU8N 3WQ,LU8N 3WQ,1,0
-20.018270801566477,9.416719160683692e-07,hospital_a,hospital_b,A0526,B0113,1940-05-19,1968-04-24,0,Bethany,Jennifer,0,Atkinson,Atkinson,3,BD6V 6DS,M0 0PE,0,0
-20.018270801566477,9.416719160683692e-07,hospital_a,hospital_b,A0527,B0790,1972-08-17,1964-09-08,0,Tracey,Tina,0,Edwards,Edwards,3,LA6B 2LY,S42 2ZU,0,0
-20.018270801566477,9.416719160683692e-07,hospital_a,hospital_b,A0529,B0581,1987-05-23,1979-10-16,0,Lauren,Danny,0,Moore,Moore,3,SP2 7TN,ME4 8BH,0,0
-20.018270801566477,9.416719160683692e-07,hospital_a,hospital_b,A0530,B0111,1977-12-07,1953-09-23,0,Carole,Ashleigh,0,Stokes,Stokes,3,HX8 7ZG,S61 9UY,0,0
-20.018270801566477,9.416719160683692e-07,hospital_a,hospital_b,A0531,B0674,1979-10-02,1994-05-18,0,Edwrad,Lesley,0,Thomas,Thomas,3,M1T 1FW,NP14 9XJ,0,0
-20.018270801566477,9.416719160683692e-07,hospital_a,hospital_b,A0532,B0521,1981-07-23,1977-03-27,0,Lee,Shaun,0,Newton,Newton,3,W17 7HE,SL70 6SB,0,0
22.986540461169,0.9999998796733648,hospital_a,hospital_b,A0533,B0538,1980-02-19,1980-02-19,1,Joan,Joan,3,Nelson,Nelson,3,AB46 7GP,AB46 7GP,1,0
-20.018270801566477,9.416719160683692e-07,hospital_a,hospital_b,A0534,B0825,2006-08-15,2002-03-01,0,Kayleigh,Georgina,0,Williams,Williams,3,W05 7GG,M5C 5LG,0,0
17.53402081439428,0.9999947309599222,hospital_a,hospital_b,A0535,B0540,1950-11-06,1950-11-06,1,Ryamond,Raymond,2,Miller,Miller,3,M5U 1NZ,M5U 1NZ,1,0
-20.018270801566477,9.416719160683692e-07,hospital_a,hospital_b,A0536,B0191,2005-02-14,1979-03-26,0,Cheyrl,Christian,0,Fraser,Fraser,3,SA96 3LU,L6 1UU,0,0
-20.018270801566477,9.416719160683692e-07,hospital_a,hospital_b,A0539,B0825,1959-03-20,2002-03-01,0,Cragi,Georgina,0,Williams,Williams,3,M8J 0FD,M5C 5LG,0,0
-20.018270801566477,9.416719160683692e-07,hospital_a,hospital_b,A0541,B0750,1981-08-04,1959-02-16,0,Lawrence,John,0,Allen,Allen,3,BS9B 8GW,G94 2AY,0,0
22.986540461169,0.9999998796733648,hospital_a,hospital_b,A0542,B0546,1977-04-10,1977-04-10,1,Liam,Liam,3,Clayton,Clayton,3,NG60 9NA,NG60 9NA,1,0
-20.018270801566477,9.416719160683692e-07,hospital_a,hospital_b,A0543,B0465,1991-06-28,1963-11-03,0,Hilary,Laura,0,King,King,3,N9C 2HN,TR1R 6FA,0,0
17.53402081439428,0.9999947309599222,hospital_a,hospital_b,A0544,B0548,1957-05-25,1957-05-25,1,Sylvia,Slyvia,2,Martin,Martin,3,FK33 0FT,FK33 0FT,1,0
17.53402081439428,0.9999947309599222,hospital_a,hospital_b,A0545,B0550,2004-04-05,2004-04-05,1,Conor,Conro,2,Bond,Bond,3,B6 6EQ,B6 6EQ,1,0
2.9866198006579197,0.8879695849880381,hospital_a,hospital_b,A0546,B0551,1955-05-04,1955-05-04,1,Andrew,Andrwe,2,Watson,Watson,3,YO5A 3GY,YO5A3GY,0,0
2.9866198006579197,0.8879695849880381,hospital_a,hospital_b,A0547,B0552,1995-05-20,1995-05-20,1,Christine,Christnie,2,Richards,Richards,3,DD28 2QE,DD282QE,0,0
-20.018270801566477,9.416719160683692e-07,hospital_a,hospital_b,A0548,B0345,1959-06-28,1974-07-10,0,Matthew,Leslie,0,Gill,Gill,3,BD26 8RZ,NW70 7ZN,0,0
-20.018270801566477,9.416719160683692e-07,hospital_a,hospital_b,A0549,B0775,1997-10-13,1970-05-30,0,Gillian,Georgia,0,Robinson,Robinson,3,W2W 4UU,NW23 2YZ,0,0
-20.018270801566477,9.416719160683692e-07,hospital_a,hospital_b,A0550,B0722,1954-10-02,2003-09-09,0,Melissa,Sheila,0,Scott,Scott,3,N65 9BR,EX6W 1WG,0,0
-20.018270801566477,9.416719160683692e-07,hospital_a,hospital_b,A0551,B0830,1997-11-23,1941-12-21,0,Alexandra,Josuha,0,Jones,Jones,3,S73 9LX,W0 6ZU,0,0
-20.018270801566477,9.416719160683692e-07,hospital_a,hospital_b,A0553,B0211,1975-09-04,1986-06-02,0,Mohammad,Marian,0,Price,Price,3,G62JA,DG50 0XA,0,0
-20.018270801566477,9.416719160683692e-07,hospital_a,hospital_b,A0557,B0133,1985-10-04,1998-07-03,0,Leslie,Brian,0,Hawkins,Hawkins,3,TA43 1ZZ,HG1 0QH,0,0
-20.018270801566477,9.416719160683692e-07,hospital_a,hospital_b,A0558,B0437,1965-12-01,1954-10-26,0,Ruth,rFancis,0,Buckley,Buckley,3,HU11UJ,EX4P 0SB,0,0
22.986540461169,0.9999998796733648,hospital_a,hospital_b,A0559,B0567,1938-01-01,1938-01-01,1,Marion,Marion,3,Taylor,Taylor,3,TW60 9GA,TW60 9GA,1,0
-20.018270801566477,9.416719160683692e-07,hospital_a,hospital_b,A0560,B0428,1953-06-09,1986-07-30,0,Jay,uSsan,0,Simpson,Simpson,3,TN05 4GH,N68FA,0,0
22.986540461169,0.9999998796733648,hospital_a,hospital_b,A0561,B0568,1942-09-05,1942-09-05,1,Elliott,Elliott,3,Norton,Norton,3,CA6N 2RH,CA6N 2RH,1,0
-20.018270801566477,9.416719160683692e-07,hospital_a,hospital_b,A0563,B0381,1942-11-06,1961-08-31,0,Aaron,Joshua,0,Woodward,Woodward,3,TW4W 5JT,SK0Y4ZT,0,0
-20.018270801566477,9.416719160683692e-07,hospital_a,hospital_b,A0568,B0495,1942-02-26,1951-01-09,0,Trevor,Karen,0,Fry,Fry,3,OX66 7FP,EH0A 8EW,0,0
22.986540461169,0.9999998796733648,hospital_a,hospital_b,A0569,B0576,2007-03-27,2007-03-27,1,Marc,Marc,3,Wilson,Wilson,3,BT5R 8LA,BT5R 8LA,1,0
8.439139447432636,0.9971271270496563,hospital_a,hospital_b,A0570,B0577,1976-10-02,1976-10-02,1,Matthew,Matthew,3,Roberts,Roberts,3,WF1 3ZU,WF13ZU,0,0
22.986540461169,0.9999998796733648,hospital_a,hospital_b,A0572,B0579,1963-09-02,1963-09-02,1,Katy,Katy,3,French,French,3,CH81 3QF,CH81 3QF,1,0
-14.44359436615754,4.487715947894868e-05,hospital_a,hospital_b,A0575,B0470,1998-05-03,1969-11-12,0,Gail,Gavin,1,Tyler,Tyler,3,HA3X 6AS,HU9 1TS,0,0
22.986540461169,0.9999998796733648,hospital_a,hospital_b,A0578,B0585,1989-03-08,1989-03-08,1,Amber,Amber,3,Middleton,Middleton,3,PH08 3PB,PH08 3PB,1,0
-20.018270801566477,9.416719160683692e-07,hospital_a,hospital_b,A0580,B0441,1936-07-22,1990-11-01,0,Michelle,Daniel,0,Weston,Weston,3,DA5N 2EJ,N13 5FJ,0,0
-20.018270801566477,9.416719160683692e-07,hospital_a,hospital_b,A0581,B0079,1982-08-26,1972-02-04,0,Janice,Gerard,0,Ford,Ford,3,OX64 7JU,M9S 2ER,0,0
-20.018270801566477,9.416719160683692e-07,hospital_a,hospital_b,A0583,B0837,1968-04-20,1976-08-21,0,Helen,Sophie,0,Hall,Hall,3,LL55 6FW,JE09 3DG,0,0
-20.018270801566477,9.416719160683692e-07,hospital_a,hospital_b,A0585,B0422,1973-01-22,1977-09-10,0,Katy,Bernard,0,Cooper,Cooper,3,W03 9GL,NG93 3QA,0,0
22.986540461169,0.9999998796733648,hospital_a,hospital_b,A0586,B0590,1979-12-26,1979-12-26,1,Kathryn,Kathryn,3,Begum,Begum,3,RG0X 1DA,RG0X 1DA,1,0
-20.018270801566477,9.416719160683692e-07,hospital_a,hospital_b,A0587,B0535,2001-08-29,1937-09-05,0,Gary,Reece,0,Evans,Evans,3,W7F 4NE,CB5V 4XX,0,0
-20.018270801566477,9.416719160683692e-07,hospital_a,hospital_b,A0589,B0262,2004-05-21,1978-10-04,0,iMchael,Graham,0,Morgan,Morgan,3,N5B 1GF,W66 7GH,0,0
-20.018270801566477,9.416719160683692e-07,hospital_a,hospital_b,A0590,B0418,1993-08-20,1962-11-13,0,Owen,James,0,Gibbs,Gibbs,3,S2 4HW,E0 2JD,0,0
-20.018270801566477,9.416719160683692e-07,hospital_a,hospital_b,A0592,B0477,1984-05-01,1952-06-11,0,Chalrotte,Patrick,0,Fowler,Fowler,3,IM5N 6PF,SA717BL,0,0
-20.018270801566477,9.416719160683692e-07,hospital_a,hospital_b,A0594,B0491,1949-05-06,1953-03-27,0,Danny,Ashleigh,0,Johnson,Johnson,3,W92 4YB,S3S 4UF,0,0
-20.018270801566477,9.416719160683692e-07,hospital_a,hospital_b,A0597,B0513,1979-06-27,1972-01-22,0,Linda,Glenn,0,Harrison,Harrison,3,M5 5UQ,TQ4B 4HT,0,0
-20.018270801566477,9.416719160683692e-07,hospital_a,hospital_b,A0598,B0656,1958-12-17,1953-06-10,0,Natalie,Gerald,0,Shaw,Shaw,3,LL77 2RS,E88 6RS,0,0
22.986540461169,0.9999998796733648,hospital_a,hospital_b,A0600,B0604,1966-11-18,1966-11-18,1,Lynda,Lynda,3,Wood,Wood,3,W05 1PU,W05 1PU,1,0
-20.018270801566477,9.416719160683692e-07,hospital_a,hospital_b,A0603,B0216,1981-07-01,1938-03-01,0,Elaine,Aaron,0,Simth,Simth,3,HU9 8FL,LA8M 3YG,0,0
-20.018270801566477,9.416719160683692e-07,hospital_a,hospital_b,A0605,B0825,1958-03-18,2002-03-01,0,Marilyn,Georgina,0,Williams,Williams,3,LE4 9TN,M5C 5LG,0,0
-20.018270801566477,9.416719160683692e-07,hospital_a,hospital_b,A0606,B0489,1962-08-29,1937-03-01,0,Guy,Wendy,0,Lee,Lee,3,S5 2PZ,M96 8FT,0,0
-20.018270801566477,9.416719160683692e-07,hospital_a,hospital_b,A0608,B0496,1968-01-09,1962-11-13,0,Cragi,aHrry,0,Bradley,Bradley,3,M3 0XA,CO41 1WS,0,0
-14.44359436615754,4.487715947894868e-05,hospital_a,hospital_b,A0609,B0422,1981-08-03,1977-09-10,0,Brandon,Bernard,1,Cooper,Cooper,3,BA84 0SX,NG93 3QA,0,0
-20.018270801566477,9.416719160683692e-07,hospital_a,hospital_b,A0610,B0550,1995-10-21,2004-04-05,0,Laura,Conro,0,Bond,Bond,3,DN28 9NL,B6 6EQ,0,0
-20.018270801566477,9.416719160683692e-07,hospital_a,hospital_b,A0611,B0178,1956-02-12,1938-04-01,0,Lias,Katherine,0,Baldwin,Baldwin,3,W9 3GE,NW4 2YL,0,0
-20.018270801566477,9.416719160683692e-07,hospital_a,hospital_b,A0612,B0837,1982-07-29,1976-08-21,0,Rebecca,Sophie,0,Hall,Hall,3,M38 4AH,JE09 3DG,0,0
-20.018270801566477,9.416719160683692e-07,hospital_a,hospital_b,A0615,B0396,1988-03-12,1944-03-11,0,Stephen,Trevor,0,Clark,Clark,3,WR98 4AY,SG8H 9YY,0,0
-20.018270801566477,9.416719160683692e-07,hospital_a,hospital_b,A0617,B0551,1970-12-12,1955-05-04,0,Yvonne,Andrwe,0,Watson,Watson,3,B45 9QT,YO5A3GY,0,0
8.439139447432636,0.9971271270496563,hospital_a,hospital_b,A0618,B0622,2002-04-27,2002-04-27,1,Luke,Luke,3,Ward,Ward,3,CT9N9FH,CT9N 9FH,0,0
-20.018270801566477,9.416719160683692e-07,hospital_a,hospital_b,A0620,B0489,2000-08-20,1937-03-01,0,Dean,Wendy,0,Lee,Lee,3,B81 2DN,M96 8FT,0,0
-20.018270801566477,9.416719160683692e-07,hospital_a,hospital_b,A0621,B0548,1995-09-14,1957-05-25,0,Treovr,Slyvia,0,Martin,Martin,3,BS1M 1SQ,FK33 0FT,0,0
22.986540461169,0.9999998796733648,hospital_a,hospital_b,A0623,B0625,1990-09-11,1990-09-11,1,Ian,Ian,3,Hunt,Hunt,3,W4 1JE,W4 1JE,1,0
-20.018270801566477,9.416719160683692e-07,hospital_a,hospital_b,A0625,B0513,1971-02-18,1972-01-22,0,Terence,Glenn,0,Harrison,Harrison,3,GY20 9PS,TQ4B 4HT,0,0
-20.018270801566477,9.416719160683692e-07,hospital_a,hospital_b,A0626,B0546,1960-02-09,1977-04-10,0,Josh,Liam,0,Clayton,Clayton,3,PA7H1EG,NG60 9NA,0,0
-20.018270801566477,9.416719160683692e-07,hospital_a,hospital_b,A0628,B0674,1958-09-05,1994-05-18,0,Ann,Lesley,0,Thomas,Thomas,3,BB357ZJ,NP14 9XJ,0,0
-20.018270801566477,9.416719160683692e-07,hospital_a,hospital_b,A0630,B0076,2001-05-29,1987-09-22,0,Julina,Gareth,0,Webster,Webster,3,L54 5WS,WN5P 5WX,0,0
2.9866198006579197,0.8879695849880381,hospital_a,hospital_b,A0631,B0637,1950-03-17,1950-03-17,1,Joanna,Jonana,2,Fisher,Fisher,3,PA82 4JH,PA824JH,0,0
-20.018270801566477,9.416719160683692e-07,hospital_a,hospital_b,A0634,B0607,1976-08-22,1958-03-02,0,Simon,Paulnie,0,Ball,Ball,3,E54SJ,S2 1WU,0,0
-20.018270801566477,9.416719160683692e-07,hospital_a,hospital_b,A0638,B0452,1988-02-24,1966-12-07,0,Michael,Tina,0,Hughes,Hughes,3,CA64 3LQ,BL3B 1BB,0,0
-20.018270801566477,9.416719160683692e-07,hospital_a,hospital_b,A0639,B0775,1961-11-23,1970-05-30,0,Alan,Georgia,0,Robinson,Robinson,3,E21 4DW,NW23 2YZ,0,0
-20.018270801566477,9.416719160683692e-07,hospital_a,hospital_b,A0640,B0072,1998-12-04,1992-02-12,0,Maria,Malcolm,0,Rice,Rice,3,B9S 4XU,HX69FT,0,0
22.986540461169,0.9999998796733648,hospital_a,hospital_b,A0641,B0647,1948-04-30,1948-04-30,1,Max,Max,3,Warren,Warren,3,W8 2FX,W8 2FX,1,0
-20.018270801566477,9.416719160683692e-07,hospital_a,hospital_b,A0642,B0640,1969-07-11,2005-10-31,0,Barry,Gerald,0,Thompson,Thompson,3,L95 7JT,DL89 2DY,0,0
-20.018270801566477,9.416719160683692e-07,hospital_a,hospital_b,A0643,B0548,1979-01-26,1957-05-25,0,lAan,Slyvia,0,Martin,Martin,3,WC49SR,FK33 0FT,0,0
22.986540461169,0.9999998796733648,hospital_a,hospital_b,A0644,B0650,1957-04-29,1957-04-29,1,Bradley,Bradley,3,Brooks,Brooks,3,G03 4UR,G03 4UR,1,0
-20.018270801566477,9.416719160683692e-07,hospital_a,hospital_b,A0648,B0643,2002-02-02,1961-01-26,0,Gary,Gavin,0,Lloyd,Lloyd,3,W11 5ZQ,EH4 6ZU,0,0
-20.018270801566477,9.416719160683692e-07,hospital_a,hospital_b,A0650,B0090,1959-03-01,1985-05-14,0,Tom,Mohammad,0,Walsh,Walsh,3,WF11 1AF,TD4Y 4QZ,0,0
-20.018270801566477,9.416719160683692e-07,hospital_a,hospital_b,A0654,B0347,1969-10-30,2005-04-16,0,Craolyn,Maruice,0,Klely,Klely,3,N2 3QD,BA2 9UA,0,0
-20.018270801566477,9.416719160683692e-07,hospital_a,hospital_b,A0655,B0291,1986-12-03,1943-12-10,0,Toby,Matthew,0,Morris,Morris,3,HD9Y0GL,G34 3FD,0,0
-20.018270801566477,9.416719160683692e-07,hospital_a,hospital_b,A0656,B0113,1965-10-15,1968-04-24,0,Reeec,Jennifer,0,Atkinson,Atkinson,3,N5 5AE,M0 0PE,0,0
-20.018270801566477,9.416719160683692e-07,hospital_a,hospital_b,A0657,B0607,2007-10-27,1958-03-02,0,eDborah,Paulnie,0,Ball,Ball,3,L6U 7YX,S2 1WU,0,0
-20.018270801566477,9.416719160683692e-07,hospital_a,hospital_b,A0659,B0065,1966-09-03,1962-08-01,0,Shane,Alexander,0,Frost,Frost,3,M8 0WN,BT53 5EP,0,0
-20.018270801566477,9.416719160683692e-07,hospital_a,hospital_b,A0660,B0362,1985-04-18,1949-08-21,0,Abbie,Janice,0,Thorpe,Thorpe,3,N3 0EF,EN4 3ZF,0,0
-20.018270801566477,9.416719160683692e-07,hospital_a,hospital_b,A0663,B0293,1960-02-12,1997-09-16,0,Julia,Damien,0,Parsons,Parsons,3,TQ61 3GH,PO3V 1YA,0,0
22.986540461169,0.9999998796733648,hospital_a,hospital_b,A0665,B0671,1976-04-07,1976-04-07,1,Lewis,Lewis,3,Wright,Wright,3,G7 8XP,G7 8XP,1,0
-20.018270801566477,9.416719160683692e-07,hospital_a,hospital_b,A0666,B0465,2008-03-02,1963-11-03,0,Clifford,Laura,0,King,King,3,EX6E 5SD,TR1R 6FA,0,0
8.439139447432636,0.9971271270496563,hospital_a,hospital_b,A0667,B0674,1994-05-18,1994-05-18,1,Lesley,Lesley,3,Thomas,Thomas,3,NP149XJ,NP14 9XJ,0,0
-14.44359436615754,4.487715947894868e-05,hospital_a,hospital_b,A0668,B0722,1935-09-01,2003-09-09,0,Shane,Sheila,1,Scott,Scott,3,M9U7XJ,EX6W 1WG,0,0
-20.018270801566477,9.416719160683692e-07,hospital_a,hospital_b,A0670,B0576,1953-07-13,2007-03-27,0,Simon,Marc,0,Wilson,Wilson,3,E6 3LE,BT5R 8LA,0,0
-20.018270801566477,9.416719160683692e-07,hospital_a,hospital_b,A0674,B0306,1943-04-20,1988-04-29,0,Jemma,Tarcy,0,McDonald,McDonald,3,IG8M4WN,L52JF,0,0
22.986540461169,0.9999998796733648,hospital_a,hospital_b,A0675,B0681,1942-10-25,1942-10-25,1,Andrew,Andrew,3,Marshall,Marshall,3,L60 7SX,L60 7SX,1,0
17.53402081439428,0.9999947309599222,hospital_a,hospital_b,A0677,B0683,1947-06-23,1947-06-23,1,Chalrene,Charlene,2,White,White,3,SS0R 6PE,SS0R 6PE,1,0
-20.018270801566477,9.416719160683692e-07,hospital_a,hospital_b,A0680,B0518,1946-07-04,1969-10-05,0,Chalres,Amelia,0,Kelly,Kelly,3,S3 4WX,WA736FP,0,0
-20.018270801566477,9.416719160683692e-07,hospital_a,hospital_b,A0682,B0302,1977-09-02,1940-01-24,0,Hannah,Graham,0,Walker,Walker,3,TW2A 8JF,CH5 0XP,0,0
-20.018270801566477,9.416719160683692e-07,hospital_a,hospital_b,A0683,B0683,1997-02-17,1947-06-23,0,Gail,Charlene,0,White,White,3,B0 0AD,SS0R 6PE,0,0
-20.018270801566477,9.416719160683692e-07,hospital_a,hospital_b,A0685,B0830,1971-02-19,1941-12-21,0,Sheila,Josuha,0,Jones,Jones,3,G2 8ZB,W0 6ZU,0,0
-20.018270801566477,9.416719160683692e-07,hospital_a,hospital_b,A0686,B0773,1953-03-19,1962-06-20,0,Irnee,Rsoemary,0,Smith,Smith,3,RH5 5WL,S7 0AZ,0,0
-20.018270801566477,9.416719160683692e-07,hospital_a,hospital_b,A0687,B0523,1957-12-03,1979-01-13,0,Irene,Claire,0,Parker,Parker,3,S087BS,EN6 4AX,0,0
22.986540461169,0.9999998796733648,hospital_a,hospital_b,A0688,B0692,1954-10-31,1954-10-31,1,Malcolm,Malcolm,3,Collins,Collins,3,E6 8EX,E6 8EX,1,0
22.986540461169,0.9999998796733648,hospital_a,hospital_b,A0689,B0694,1999-06-26,1999-06-26,1,Sam,Sam,3,Brown,Brown,3,CO5Y 3EN,CO5Y 3EN,1,0
-20.018270801566477,9.416719160683692e-07,hospital_a,hospital_b,A0690,B0567,1938-05-16,1938-01-01,0,Gregory,Marion,0,Taylor,Taylor,3,TN35 8GN,TW60 9GA,0,0
-20.018270801566477,9.416719160683692e-07,hospital_a,hospital_b,A0691,B0427,2007-10-13,1937-08-24,0,Joyce,Reece,0,Dawson,Dawson,3,EC3 3QH,BT9 9UB,0,0
22.986540461169,0.9999998796733648,hospital_a,hospital_b,A0692,B0698,1969-05-02,1969-05-02,1,Grace,Grace,3,Murphy,Murphy,3,B9 3YD,B9 3YD,1,0
-20.018270801566477,9.416719160683692e-07,hospital_a,hospital_b,A0694,B0723,1978-11-17,1999-09-15,0,Georgina,Eielen,0,Clarke,Clarke,3,L6 7UL,WD9 1NQ,0,0
-20.018270801566477,9.416719160683692e-07,hospital_a,hospital_b,A0695,B0300,1939-07-07,1987-07-14,0,Denis,Sharon,0,Macdonald,Macdonald,3,PL1 8YN,TA19 8XY,0,0
-20.018270801566477,9.416719160683692e-07,hospital_a,hospital_b,A0697,B0183,1989-10-28,1968-03-19,0,Paula,Garry,0,Miles,Miles,3,RG0 3UR,KY50 1XA,0,0
-20.018270801566477,9.416719160683692e-07,hospital_a,hospital_b,A0700,B0406,1970-02-04,1966-07-21,0,Glenn,Karen,0,Burns,Burns,3,NR8E0HJ,M17 2FQ,0,0
-20.018270801566477,9.416719160683692e-07,hospital_a,hospital_b,A0702,B0291,1984-08-16,1943-12-10,0,Grcae,Matthew,0,Morris,Morris,3,CA84 8QY,G34 3FD,0,0
-20.018270801566477,9.416719160683692e-07,hospital_a,hospital_b,A0707,B0396,2006-10-19,1944-03-11,0,William,Trevor,0,Clark,Clark,3,MK31 3ZP,SG8H 9YY,0,0
-20.018270801566477,9.416719160683692e-07,hospital_a,hospital_b,A0708,B0211,1991-10-05,1986-06-02,0,Alexander,Marian,0,Price,Price,3,NE3W 6FB,DG50 0XA,0,0
-20.018270801566477,9.416719160683692e-07,hospital_a,hospital_b,A0709,B0790,1968-01-23,1964-09-08,0,Kevin,Tina,0,Edwards,Edwards,3,S62 5AX,S42 2ZU,0,0
22.986540461169,0.9999998796733648,hospital_a,hospital_b,A0713,B0722,2003-09-09,2003-09-09,1,Sheila,Sheila,3,Scott,Scott,3,EX6W 1WG,EX6W 1WG,1,0
2.9866198006579197,0.8879695849880381,hospital_a,hospital_b,A0715,B0723,1999-09-15,1999-09-15,1,Eileen,Eielen,2,Clarke,Clarke,3,WD91NQ,WD9 1NQ,0,0
-20.018270801566477,9.416719160683692e-07,hospital_a,hospital_b,A0716,B0773,1974-12-29,1962-06-20,0,Antony,Rsoemary,0,Smith,Smith,3,IP73 0ZT,S7 0AZ,0,0
-20.018270801566477,9.416719160683692e-07,hospital_a,hospital_b,A0718,B0260,1999-09-29,1978-11-29,0,Lee,lAan,0,Booth,Booth,3,YO5P 9PT,SS9 0UY,0,0
-20.018270801566477,9.416719160683692e-07,hospital_a,hospital_b,A0719,B0546,1973-07-03,1977-04-10,0,oTny,Liam,0,Clayton,Clayton,3,PE63 5ZN,NG60 9NA,0,0
-20.018270801566477,9.416719160683692e-07,hospital_a,hospital_b,A0720,B0321,2001-02-04,1979-04-02,0,Gordon,Steven,0,Kaur,Kaur,3,E5G 4DP,S4 3RD,0,0
-20.018270801566477,9.416719160683692e-07,hospital_a,hospital_b,A0725,B0698,1980-03-25,1969-05-02,0,Edwrad,Grace,0,Murphy,Murphy,3,W8 9FU,B9 3YD,0,0
-20.018270801566477,9.416719160683692e-07,hospital_a,hospital_b,A0727,B0205,1961-10-31,1945-02-05,0,oJan,Edward,0,Oliver,Oliver,3,TN9 2WF,NE8Y7NL,0,0
22.986540461169,0.9999998796733648,hospital_a,hospital_b,A0731,B0737,1957-07-16,1957-07-16,1,Leah,Leah,3,Bailey,Bailey,3,B6 1WJ,B6 1WJ,1,0
-20.018270801566477,9.416719160683692e-07,hospital_a,hospital_b,A0732,B0084,1983-11-03,1985-09-02,0,Maureen,Gerard,0,Cole,Cole,3,G575LQ,HD75 4EY,0,0
-20.018270801566477,9.416719160683692e-07,hospital_a,hospital_b,A0733,B0647,1997-09-09,1948-04-30,0,Denise,Max,0,Warren,Warren,3,LE6X 1RB,W8 2FX,0,0
-20.018270801566477,9.416719160683692e-07,hospital_a,hospital_b,A0735,B0637,1945-10-14,1950-03-17,0,Damian,Jonana,0,Fisher,Fisher,3,N53 5XN,PA824JH,0,0
-20.018270801566477,9.416719160683692e-07,hospital_a,hospital_b,A0736,B0392,2004-01-16,2005-11-02,0,Lisa,Olivia,0,Harris,Harris,3,N4W 9UZ,N2 3BG,0,0
22.986540461169,0.9999998796733648,hospital_a,hospital_b,A0737,B0744,1988-04-15,1988-04-15,1,Patricia,Patricia,3,Elliott,Elliott,3,L20LX,L20LX,1,0
-20.018270801566477,9.416719160683692e-07,hospital_a,hospital_b,A0738,B0773,1974-05-03,1962-06-20,0,eJffrey,Rsoemary,0,Smith,Smith,3,B3 4NJ,S7 0AZ,0,0
-20.018270801566477,9.416719160683692e-07,hospital_a,hospital_b,A0739,B0694,1946-03-05,1999-06-26,0,oClin,Sam,0,Brown,Brown,3,G9T 0DN,CO5Y 3EN,0,0
-20.018270801566477,9.416719160683692e-07,hospital_a,hospital_b,A0740,B0518,1978-08-10,1969-10-05,0,Jaek,Amelia,0,Kelly,Kelly,3,E20FF,WA736FP,0,0
22.986540461169,0.9999998796733648,hospital_a,hospital_b,A0742,B0750,1959-02-16,1959-02-16,1,John,John,3,Allen,Allen,3,G94 2AY,G94 2AY,1,0
-20.018270801566477,9.416719160683692e-07,hospital_a,hospital_b,A0746,B0552,2001-07-26,1995-05-20,0,Andrwe,Christnie,0,Richards,Richards,3,ME97 6NZ,DD282QE,0,0
-20.018270801566477,9.416719160683692e-07,hospital_a,hospital_b,A0748,B0509,1975-01-09,2003-12-11,0,Mary,Claire,0,Lewis,Lewis,3,E5H 2YA,KT01 8FL,0,0
-20.018270801566477,9.416719160683692e-07,hospital_a,hospital_b,A0749,B0837,1952-01-06,1976-08-21,0,lAexander,Sophie,0,Hall,Hall,3,B48LU,JE09 3DG,0,0
-20.018270801566477,9.416719160683692e-07,hospital_a,hospital_b,A0750,B0144,1973-11-01,1935-05-02,0,Damien,Michael,0,Hill,Hill,3,LD69LU,L2F 5BA,0,0
-20.018270801566477,9.416719160683692e-07,hospital_a,hospital_b,A0754,B0104,1964-02-13,1958-03-29,0,Jean,Antnoy,0,Murray,Murray,3,W3S 3TY,G61 2YJ,0,0
-20.018270801566477,9.416719160683692e-07,hospital_a,hospital_b,A0755,B0302,2007-12-20,1940-01-24,0,Shilrey,Graham,0,Walker,Walker,3,TS01 2SF,CH5 0XP,0,0
-20.018270801566477,9.416719160683692e-07,hospital_a,hospital_b,A0757,B0104,1972-05-20,1958-03-29,0,Gregory,Antnoy,0,Murray,Murray,3,S4 8FG,G61 2YJ,0,0
-20.018270801566477,9.416719160683692e-07,hospital_a,hospital_b,A0760,B0674,1979-06-06,1994-05-18,0,Ruth,Lesley,0,Thomas,Thomas,3,SN49 6XJ,NP14 9XJ,0,0
-20.018270801566477,9.416719160683692e-07,hospital_a,hospital_b,A0761,B0581,1942-09-29,1979-10-16,0,Carl,Danny,0,Moore,Moore,3,G59 6LX,ME4 8BH,0,0
-20.018270801566477,9.416719160683692e-07,hospital_a,hospital_b,A0762,B0656,1945-04-26,1953-06-10,0,Luke,Gerald,0,Shaw,Shaw,3,IV7 8TZ,E88 6RS,0,0
-20.018270801566477,9.416719160683692e-07,hospital_a,hospital_b,A0764,B0694,1947-05-15,1999-06-26,0,Beth,Sam,0,Brown,Brown,3,SY4 2LE,CO5Y 3EN,0,0
-20.018270801566477,9.416719160683692e-07,hospital_a,hospital_b,A0767,B0590,1963-02-09,1979-12-26,0,Graeme,Kathryn,0,Begum,Begum,3,SM1 5YL,RG0X 1DA,0,0
2.9866198006579197,0.8879695849880381,hospital_a,hospital_b,A0769,B0773,1962-06-20,1962-06-20,1,Rosemary,Rsoemary,2,Smith,Smith,3,S70AZ,S7 0AZ,0,0
-20.018270801566477,9.416719160683692e-07,hospital_a,hospital_b,A0771,B0173,1949-04-27,1956-08-06,0,Stnaley,Ashleigh,0,Arnold,Arnold,3,B6C 5LR,N1A 7FS,0,0
-20.018270801566477,9.416719160683692e-07,hospital_a,hospital_b,A0773,B0540,1980-01-20,1950-11-06,0,Aaron,Raymond,0,Miller,Miller,3,BB11 4ED,M5U 1NZ,0,0
17.53402081439428,0.9999947309599222,hospital_a,hospital_b,A0774,B0775,1970-05-30,1970-05-30,1,Goergia,Georgia,2,Robinson,Robinson,3,NW23 2YZ,NW23 2YZ,1,0
-20.018270801566477,9.416719160683692e-07,hospital_a,hospital_b,A0775,B0744,2002-05-30,1988-04-15,0,Sean,Patricia,0,Elliott,Elliott,3,L8 3UP,L20LX,0,0
-20.018270801566477,9.416719160683692e-07,hospital_a,hospital_b,A0776,B0775,2004-06-27,1970-05-30,0,Lauar,Georgia,0,Robinson,Robinson,3,M218PL,NW23 2YZ,0,0
-20.018270801566477,9.416719160683692e-07,hospital_a,hospital_b,A0777,B0519,1998-10-14,1978-02-03,0,Declna,Aieme,0,Cox,Cox,3,E2 2TN,G35 5WA,0,0
-20.018270801566477,9.416719160683692e-07,hospital_a,hospital_b,A0780,B0790,1964-03-19,1964-09-08,0,Brian,Tina,0,Edwards,Edwards,3,MK48 6QG,S42 2ZU,0,0
-20.018270801566477,9.416719160683692e-07,hospital_a,hospital_b,A0784,B0451,1943-08-26,1946-04-12,0,Bethany,wOen,0,Willimas,Willimas,3,W6 0XD,S8F 7LQ,0,0
-20.018270801566477,9.416719160683692e-07,hospital_a,hospital_b,A0786,B0552,1962-02-04,1995-05-20,0,Zoe,Christnie,0,Richards,Richards,3,L6G4XF,DD282QE,0,0
-20.018270801566477,9.416719160683692e-07,hospital_a,hospital_b,A0787,B0671,1944-07-08,1976-04-07,0,Hazel,Lewis,0,Wright,Wright,3,G6 7WY,G7 8XP,0,0
-20.018270801566477,9.416719160683692e-07,hospital_a,hospital_b,A0788,B0272,1958-03-25,1944-02-05,0,Rebecca,Kyle,0,Goodwin,Goodwin,3,W7 4DF,S25 7JY,0,0
8.439139447432636,0.9971271270496563,hospital_a,hospital_b,A0789,B0790,1964-09-08,1964-09-08,1,Tina,Tina,3,Edwards,Edwards,3,S422ZU,S42 2ZU,0,0
-20.018270801566477,9.416719160683692e-07,hospital_a,hospital_b,A0791,B0692,1964-06-06,1954-10-31,0,Adam,Malcolm,0,Collins,Collins,3,ZE5P 0TG,E6 8EX,0,0
-20.018270801566477,9.416719160683692e-07,hospital_a,hospital_b,A0793,B0298,1982-02-10,1937-06-14,0,Bruce,Teresa,0,Hewitt,Hewitt,3,E1 0ZG,BL1R 2RZ,0,0
-20.018270801566477,9.416719160683692e-07,hospital_a,hospital_b,A0795,B0185,1976-09-16,1938-05-01,0,Leah,Suzanne,0,Dale,Dale,3,KA98 6QF,S8J 4HQ,0,0
-20.018270801566477,9.416719160683692e-07,hospital_a,hospital_b,A0796,B0538,1994-06-25,1980-02-19,0,Reeec,Joan,0,Nelson,Nelson,3,L1 4PB,AB46 7GP,0,0
-20.018270801566477,9.416719160683692e-07,hospital_a,hospital_b,A0797,B0272,1941-02-15,1944-02-05,0,Jamsine,Kyle,0,Goodwin,Goodwin,3,CW39 0ZB,S25 7JY,0,0
-20.018270801566477,9.416719160683692e-07,hospital_a,hospital_b,A0800,B0145,1998-04-09,1958-10-31,0,Jamie,Oliver,0,Holt,Holt,3,N94 9PB,S75 8ZQ,0,0
-20.018270801566477,9.416719160683692e-07,hospital_a,hospital_b,A0801,B0523,1961-02-11,1979-01-13,0,Georgina,Claire,0,Parker,Parker,3,PE5X 3DB,EN6 4AX,0,0
-20.018270801566477,9.416719160683692e-07,hospital_a,hospital_b,A0802,B0656,1966-07-23,1953-06-10,0,Ryan,Gerald,0,Shaw,Shaw,3,M1B9EJ,E88 6RS,0,0
-20.018270801566477,9.416719160683692e-07,hospital_a,hospital_b,A0805,B0491,1983-07-29,1953-03-27,0,Benjamin,Ashleigh,0,Johnson,Johnson,3,G3U 4PE,S3S 4UF,0,0
-20.018270801566477,9.416719160683692e-07,hospital_a,hospital_b,A0806,B0540,1974-10-11,1950-11-06,0,Kim,Raymond,0,Miller,Miller,3,ML43 2ED,M5U 1NZ,0,0
-20.018270801566477,9.416719160683692e-07,hospital_a,hospital_b,A0808,B0585,1973-04-16,1989-03-08,0,Clare,Amber,0,Middleton,Middleton,3,M70ZF,PH08 3PB,0,0
-20.018270801566477,9.416719160683692e-07,hospital_a,hospital_b,A0811,B0579,1962-09-09,1963-09-02,0,Joseph,Katy,0,French,French,3,W28 5NB,CH81 3QF,0,0
-20.018270801566477,9.416719160683692e-07,hospital_a,hospital_b,A0812,B0798,1936-01-11,1957-06-13,0,Carolyn,Stephanie,0,Chapman,Chapman,3,B20 0LF,N36 6FX,0,0
-20.018270801566477,9.416719160683692e-07,hospital_a,hospital_b,A0813,B0674,1991-12-29,1994-05-18,0,Gordon,Lesley,0,Thomas,Thomas,3,E65 6LR,NP14 9XJ,0,0
-20.018270801566477,9.416719160683692e-07,hospital_a,hospital_b,A0818,B0153,1997-05-06,1980-07-24,0,Oliver,Alexnadra,0,Davies,Davies,3,WV0V 9ZE,W2 3HF,0,0
-20.018270801566477,9.416719160683692e-07,hospital_a,hospital_b,A0819,B0212,1952-10-04,1958-01-10,0,vYonne,Charlie,0,Cook,Cook,3,M72 0QX,IG70 1FB,0,0
-20.018270801566477,9.416719160683692e-07,hospital_a,hospital_b,A0820,B0508,2006-11-01,2000-07-25,0,Caorl,Lauren,0,Day,Day,3,IG7 9LU,G21 1BT,0,0
-20.018270801566477,9.416719160683692e-07,hospital_a,hospital_b,A0821,B0722,1955-01-21,2003-09-09,0,Megan,Sheila,0,Scott,Scott,3,SS98 1SH,EX6W 1WG,0,0
-20.018270801566477,9.416719160683692e-07,hospital_a,hospital_b,A0822,B0641,1957-08-24,1955-09-07,0,Marain,Kyel,0,Bell,Bell,3,N2 9FP,L4 9ZR,0,0
-20.018270801566477,9.416719160683692e-07,hospital_a,hospital_b,A0823,B0080,1962-02-21,1959-08-06,0,Martyn,Ian,0,Khan,Khan,3,PE1M 6EN,NE72 5ZP,0,0
-20.018270801566477,9.416719160683692e-07,hospital_a,hospital_b,A0827,B0683,1939-10-21,1947-06-23,0,Nathan,Charlene,0,White,White,3,N28DA,SS0R 6PE,0,0
-20.018270801566477,9.416719160683692e-07,hospital_a,hospital_b,A0828,B0322,1969-02-02,1981-04-28,0,Dylan,Janye,0,Birch,Birch,3,E60 3YE,B8 7JF,0,0
-20.018270801566477,9.416719160683692e-07,hospital_a,hospital_b,A0829,B0622,1987-01-20,2002-04-27,0,Brenda,Luke,0,Ward,Ward,3,S2T9GY,CT9N 9FH,0,0
22.986540461169,0.9999998796733648,hospital_a,hospital_b,A0831,B0830,1941-12-21,1941-12-21,1,Josuha,Josuha,3,Jones,Jones,3,W0 6ZU,W0 6ZU,1,0
-20.018270801566477,9.416719160683692e-07,hospital_a,hospital_b,A0833,B0775,2005-09-01,1970-05-30,0,Rhys,Georgia,0,Robinson,Robinson,3,CV2E 1ZN,NW23 2YZ,0,0
-20.018270801566477,9.416719160683692e-07,hospital_a,hospital_b,A0837,B0393,1976-08-13,1988-05-03,0,Max,Deborah,0,Hammond,Hammond,3,HR5P 0YD,SN3 1FP,0,0
-20.018270801566477,9.416719160683692e-07,hospital_a,hospital_b,A0841,B0604,1977-06-29,1966-11-18,0,Ellie,Lynda,0,Wood,Wood,3,DE3 2BG,W05 1PU,0,0
-20.018270801566477,9.416719160683692e-07,hospital_a,hospital_b,A0842,B0830,1987-03-09,1941-12-21,0,lGen,Josuha,0,Jones,Jones,3,G6 6NN,W0 6ZU,0,0
-20.018270801566477,9.416719160683692e-07,hospital_a,hospital_b,A0843,B0681,1937-09-30,1942-10-25,0,Rcahel,Andrew,0,Marshall,Marshall,3,BD0 3QP,L60 7SX,0,0
-20.018270801566477,9.416719160683692e-07,hospital_a,hospital_b,A0844,B0837,1984-07-07,1976-08-21,0,Shaun,Sophie,0,Hall,Hall,3,GU31 9NW,JE09 3DG,0,0
-20.018270801566477,9.416719160683692e-07,hospital_a,hospital_b,A0846,B0750,1954-12-19,1959-02-16,0,Eric,John,0,Allen,Allen,3,EX08 2JB,G94 2AY,0,0
-20.018270801566477,9.416719160683692e-07,hospital_a,hospital_b,A0847,B0830,1978-01-12,1941-12-21,0,oTm,Josuha,0,Jones,Jones,3,B30 4LY,W0 6ZU,0,0
-20.018270801566477,9.416719160683692e-07,hospital_a,hospital_b,A0001,B0008,1989-06-01,1961-10-12,0,Ruth,Jack,0,Griffiths,Griffiths,3,L21 9SB,EC0 9DD,0,0
-20.018270801566477,9.416719160683692e-07,hospital_a,hospital_b,A0002,B0632,1995-10-31,1981-01-21,0,Jason,Charlotte,0,Fisher,Fisher,3,N9D 0JN,G2 1UW,0,0
-20.018270801566477,9.416719160683692e-07,hospital_a,hospital_b,A0004,B0069,1946-10-30,1938-06-25,0,Ntahan,Alan,0,Harris,Harris,3,M8 8EN,B54 8UL,0,0
22.986540461169,0.9999998796733648,hospital_a,hospital_b,A0005,B0008,1961-10-12,1961-10-12,1,Jack,Jack,3,Griffiths,Griffiths,3,EC0 9DD,EC0 9DD,1,0
8.439139447432636,0.9971271270496563,hospital_a,hospital_b,A0006,B0009,2003-02-04,2003-02-04,1,Mary,Mary,3,Arnold,Arnold,3,SM3Y6QT,SM3Y 6QT,0,0
-20.018270801566477,9.416719160683692e-07,hospital_a,hospital_b,A0013,B0645,1994-03-15,1961-11-23,0,Molly,Alan,0,Robinson,Robinson,3,B8E2LE,E21 4DW,0,0
-20.018270801566477,9.416719160683692e-07,hospital_a,hospital_b,A0014,B0772,2001-07-31,2003-01-31,0,Wedny,Rebecca,0,Smith,Smith,3,E6 0AP,BH5B 7DS,0,0
-20.018270801566477,9.416719160683692e-07,hospital_a,hospital_b,A0017,B0314,1983-06-20,2004-06-30,0,Julian,Alexadnra,0,Wilson,Wilson,3,HP41 5WR,L1H 4GB,0,0
-20.018270801566477,9.416719160683692e-07,hospital_a,hospital_b,A0018,B0407,1959-02-04,2004-07-07,0,Dylan,Shaun,0,King,King,3,GY8E 6RG,FK1P 8UF,0,0
-20.018270801566477,9.416719160683692e-07,hospital_a,hospital_b,A0019,B0787,1984-08-08,1975-10-30,0,Natalie,Sheila,0,Williams,Williams,3,W2S 4WZ,OL1R 9DQ,0,0
-20.018270801566477,9.416719160683692e-07,hospital_a,hospital_b,A0020,B0284,1999-12-21,1947-06-05,0,Liam,Glen,0,Murphy,Murphy,3,L6H 3FA,M22 2JE,0,0
22.986540461169,0.9999998796733648,hospital_a,hospital_b,A0021,B0021,2000-06-22,2000-06-22,1,Abdul,Abdul,3,Goodwin,Goodwin,3,G2 6FH,G2 6FH,1,0
-20.018270801566477,9.416719160683692e-07,hospital_a,hospital_b,A0022,B0769,2004-02-08,1989-04-30,0,Jessica,Philip,0,Jones,Jones,3,SY6 8XZ,BR8E 9XY,0,0
-20.018270801566477,9.416719160683692e-07,hospital_a,hospital_b,A0023,B0645,1974-04-10,1961-11-23,0,Scott,Alan,0,Robinson,Robinson,3,PE90 6FT,E21 4DW,0,0
22.986540461169,0.9999998796733648,hospital_a,hospital_b,A0024,B0025,1960-08-17,1960-08-17,1,Anna,Anna,3,Gill,Gill,3,SE51 0SU,SE51 0SU,1,0
-20.018270801566477,9.416719160683692e-07,hospital_a,hospital_b,A0025,B0755,1995-07-25,1952-01-06,0,Pamela,Alxeander,0,Hall,Hall,3,M5W 1LT,B48LU,0,0
-20.018270801566477,9.416719160683692e-07,hospital_a,hospital_b,A0027,B0069,1964-10-20,1938-06-25,0,Colin,Alan,0,Harris,Harris,3,M95 8WQ,B54 8UL,0,0
22.986540461169,0.9999998796733648,hospital_a,hospital_b,A0029,B0028,1975-09-05,1975-09-05,1,Jordan,Jordan,3,Simpson,Simpson,3,CO7B 9NU,CO7B 9NU,1,0
22.986540461169,0.9999998796733648,hospital_a,hospital_b,A0032,B0032,1967-05-05,1967-05-05,1,Shirley,Shirley,3,Woodward,Woodward,3,SM46 8XU,SM46 8XU,1,0
-20.018270801566477,9.416719160683692e-07,hospital_a,hospital_b,A0033,B0332,2008-04-02,1972-12-17,0,Ktae,Clare,0,Watson,Watson,3,UB4W 2UW,HX0R 0WD,0,0
-20.018270801566477,9.416719160683692e-07,hospital_a,hospital_b,A0034,B0116,1997-11-24,1958-02-22,0,Danny,Graham,0,Davies,Davies,3,KA7 6XB,M12 2WR,0,0
-20.018270801566477,9.416719160683692e-07,hospital_a,hospital_b,A0036,B0596,1965-01-24,1944-08-31,0,Lynn,Geoffrey,0,Brown,Brown,3,E71 7NW,L1 5DF,0,0
-20.018270801566477,9.416719160683692e-07,hospital_a,hospital_b,A0038,B0772,1963-03-29,2003-01-31,0,Amelia,Rebecca,0,Smith,Smith,3,BH57 6FU,BH5B 7DS,0,0
22.986540461169,0.9999998796733648,hospital_a,hospital_b,A0039,B0039,1940-09-29,1940-09-29,1,Abbie,Abbie,3,Morgan,Morgan,3,HR9 1PX,HR9 1PX,1,0
-20.018270801566477,9.416719160683692e-07,hospital_a,hospital_b,A0042,B0476,1992-02-06,1953-02-09,0,Anna,Iain,0,Taylor,Taylor,3,W4 9QJ,HD8 0QS,0,0
17.53402081439428,0.9999947309599222,hospital_a,hospital_b,A0045,B0046,2004-08-03,2004-08-03,1,Sandra,Snadra,2,Middleton,Middleton,3,NP6W 6EU,NP6W 6EU,1,0
-20.018270801566477,9.416719160683692e-07,hospital_a,hospital_b,A0047,B0246,1951-01-18,1985-04-28,0,Andrea,Jack,0,Martin,Martin,3,N29 4FF,BR2 0PR,0,0
-20.018270801566477,9.416719160683692e-07,hospital_a,hospital_b,A0052,B0053,1942-11-05,1958-12-18,0,Grace,Luaren,0,Webster,Webster,3,L2S3EQ,E0C 9BD,0,0
17.53402081439428,0.9999947309599222,hospital_a,hospital_b,A0054,B0053,1958-12-18,1958-12-18,1,Lauren,Luaren,2,Webster,Webster,3,E0C 9BD,E0C 9BD,1,0
-20.018270801566477,9.416719160683692e-07,hospital_a,hospital_b,A0056,B0596,1958-12-28,1944-08-31,0,Carol,Geoffrey,0,Brown,Brown,3,W5B 1JS,L1 5DF,0,0
-20.018270801566477,9.416719160683692e-07,hospital_a,hospital_b,A0058,B0116,1999-09-03,1958-02-22,0,uLcy,Graham,0,Davies,Davies,3,RH9N 2TD,M12 2WR,0,0
17.53402081439428,0.9999947309599222,hospital_a,hospital_b,A0061,B0060,1953-09-05,1953-09-05,1,Josephine,Joesphine,2,Cooper,Cooper,3,PL2N 9FQ,PL2N 9FQ,1,0
-20.018270801566477,9.416719160683692e-07,hospital_a,hospital_b,A0062,B0116,1995-10-19,1958-02-22,0,Scott,Graham,0,Davies,Davies,3,SL8B8QA,M12 2WR,0,0
-20.018270801566477,9.416719160683692e-07,hospital_a,hospital_b,A0066,B0129,1946-03-13,2002-08-19,0,oDuglas,Marcus,0,Stevens,Stevens,3,PL8P4JN,MK48 6RD,0,0
-20.018270801566477,9.416719160683692e-07,hospital_a,hospital_b,A0067,B0779,1956-07-18,1964-03-19,0,Cameron,Brian,0,Edwards,Edwards,3,N3 2DW,MK48 6QG,0,0
22.986540461169,0.9999998796733648,hospital_a,hospital_b,A0068,B0069,1938-06-25,1938-06-25,1,Alan,Alan,3,Harris,Harris,3,B54 8UL,B54 8UL,1,0
17.53402081439428,0.9999947309599222,hospital_a,hospital_b,A0069,B0070,1963-07-05,1963-07-05,1,Chloe,Chole,2,Lawrence,Lawrence,3,W75 1SD,W75 1SD,1,0
-20.018270801566477,9.416719160683692e-07,hospital_a,hospital_b,A0070,B0779,1947-06-13,1964-03-19,0,Mandy,Brian,0,Edwards,Edwards,3,HS70 9SL,MK48 6QG,0,0
-20.018270801566477,9.416719160683692e-07,hospital_a,hospital_b,A0073,B0039,2007-04-22,1940-09-29,0,Jill,Abbie,0,Morgan,Morgan,3,HS1V 4GG,HR9 1PX,0,0
-20.018270801566477,9.416719160683692e-07,hospital_a,hospital_b,A0074,B0545,1969-05-27,1981-08-04,0,Anrdea,Lawrence,0,Allen,Allen,3,G9B4RU,BS9B 8GW,0,0
-20.018270801566477,9.416719160683692e-07,hospital_a,hospital_b,A0075,B0234,1995-10-21,1937-03-12,0,eLigh,Kenneth,0,Clarke,Clarke,3,G2G 1WF,M9K 9JJ,0,0
22.986540461169,0.9999998796733648,hospital_a,hospital_b,A0077,B0075,1981-12-06,1981-12-06,1,Alexandra,Alexandra,3,Fletcher,Fletcher,3,WV84 7JR,WV84 7JR,1,0
-20.018270801566477,9.416719160683692e-07,hospital_a,hospital_b,A0078,B0053,1987-09-22,1958-12-18,0,Gareth,Luaren,0,Webster,Webster,3,WN5P 5WX,E0C 9BD,0,0
-20.018270801566477,9.416719160683692e-07,hospital_a,hospital_b,A0083,B0772,1977-01-30,2003-01-31,0,Gail,Rebecca,0,Smith,Smith,3,CH3A 5SF,BH5B 7DS,0,0
-20.018270801566477,9.416719160683692e-07,hospital_a,hospital_b,A0086,B0772,1970-04-04,2003-01-31,0,Abbie,Rebecca,0,Smith,Smith,3,M84 1ZY,BH5B 7DS,0,0
22.986540461169,0.9999998796733648,hospital_a,hospital_b,A0087,B0086,1935-08-30,1935-08-30,1,Gail,Gail,3,Welch,Welch,3,G6S 7HN,G6S 7HN,1,0
17.53402081439428,0.9999947309599222,hospital_a,hospital_b,A0088,B0087,1937-12-07,1937-12-07,1,Edward,Edwrad,2,McDonald,McDonald,3,TN720AN,TN720AN,1,0
-20.018270801566477,9.416719160683692e-07,hospital_a,hospital_b,A0095,B0110,1985-02-14,1994-11-21,0,Gemma,Victor,0,Patel,Patel,3,WR8E 1GX,HX19 9XG,0,0
-20.018270801566477,9.416719160683692e-07,hospital_a,hospital_b,A0097,B0787,1974-09-08,1975-10-30,0,Joanne,Sheila,0,Williams,Williams,3,G8 3YP,OL1R 9DQ,0,0
-20.018270801566477,9.416719160683692e-07,hospital_a,hospital_b,A0098,B0602,2001-10-30,1958-12-17,0,Marei,Natalie,0,Shaw,Shaw,3,SK6V 0QR,LL77 2RS,0,0
-20.018270801566477,9.416719160683692e-07,hospital_a,hospital_b,A0100,B0110,1979-06-12,1994-11-21,0,Max,Victor,0,Patel,Patel,3,E3 7HP,HX19 9XG,0,0
-20.018270801566477,9.416719160683692e-07,hospital_a,hospital_b,A0101,B0632,1991-11-24,1981-01-21,0,Shnae,Charlotte,0,Fisher,Fisher,3,LL85 4QW,G2 1UW,0,0
-20.018270801566477,9.416719160683692e-07,hospital_a,hospital_b,A0102,B0772,2003-07-10,2003-01-31,0,Anrdew,Rebecca,0,Smith,Smith,3,S4C 5JR,BH5B 7DS,0,0
-20.018270801566477,9.416719160683692e-07,hospital_a,hospital_b,A0103,B0769,2002-03-21,1989-04-30,0,Janice,Philip,0,Jones,Jones,3,B8A0AS,BR8E 9XY,0,0
-20.018270801566477,9.416719160683692e-07,hospital_a,hospital_b,A0104,B0526,1983-12-16,1974-08-23,0,Darren,eLon,0,Richards,Richards,3,W7A 8XS,B59 3SL,0,0
-20.018270801566477,9.416719160683692e-07,hospital_a,hospital_b,A0111,B0493,1959-05-04,1963-11-30,0,Jessica,Wendy,0,Roberts,Roberts,3,KY9 4PZ,NP7 1JE,0,0
17.53402081439428,0.9999947309599222,hospital_a,hospital_b,A0112,B0110,1994-11-21,1994-11-21,1,Vicotr,Victor,2,Patel,Patel,3,HX19 9XG,HX19 9XG,1,0
22.986540461169,0.9999998796733648,hospital_a,hospital_b,A0119,B0116,1958-02-22,1958-02-22,1,Graham,Graham,3,Davies,Davies,3,M12 2WR,M12 2WR,1,0
2.9866198006579197,0.8879695849880381,hospital_a,hospital_b,A0125,B0124,1961-08-05,1961-08-05,1,Henry,eHnry,2,Green,Green,3,N26NJ,N2 6NJ,0,0
-20.018270801566477,9.416719160683692e-07,hospital_a,hospital_b,A0126,B0241,1960-05-13,1999-09-07,0,John,Grace,0,Bailey,Bailey,3,S2 1JR,PR8 0GF,0,0
-20.018270801566477,9.416719160683692e-07,hospital_a,hospital_b,A0127,B0504,1979-11-02,1944-07-13,0,Melanie,Marcsu,0,Moore,Moore,3,W53 6ZT,S5K 9UH,0,0
-20.018270801566477,9.416719160683692e-07,hospital_a,hospital_b,A0128,B0516,1973-11-06,1947-04-04,0,Kim,Joanne,0,Wright,Wright,3,N5 6YS,M989FF,0,0
17.53402081439428,0.9999947309599222,hospital_a,hospital_b,A0129,B0129,2002-08-19,2002-08-19,1,Marucs,Marcus,2,Stevens,Stevens,3,MK48 6RD,MK48 6RD,1,0
-20.018270801566477,9.416719160683692e-07,hospital_a,hospital_b,A0132,B0241,1965-03-20,1999-09-07,0,Derek,Grace,0,Bailey,Bailey,3,N05 6NE,PR8 0GF,0,0
-20.018270801566477,9.416719160683692e-07,hospital_a,hospital_b,A0135,B0206,1991-07-09,1976-03-10,0,Paula,Elliot,0,Evans,Evans,3,HA741GN,HS0 1QZ,0,0
-20.018270801566477,9.416719160683692e-07,hospital_a,hospital_b,A0137,B0129,1948-12-11,2002-08-19,0,Owen,Marcus,0,Stevens,Stevens,3,LD2 9ZZ,MK48 6RD,0,0
17.53402081439428,0.9999947309599222,hospital_a,hospital_b,A0138,B0141,1982-03-13,1982-03-13,1,Ahsley,Ashley,2,Burton,Burton,3,L8U 6QU,L8U 6QU,1,0
-20.018270801566477,9.416719160683692e-07,hospital_a,hospital_b,A0148,B0769,1983-07-16,1989-04-30,0,Megan,Philip,0,Jones,Jones,3,S2 6QG,BR8E 9XY,0,0
-20.018270801566477,9.416719160683692e-07,hospital_a,hospital_b,A0150,B0116,1980-07-24,1958-02-22,0,Alexadnra,Graham,0,Davies,Davies,3,W2 3HF,M12 2WR,0,0
-20.018270801566477,9.416719160683692e-07,hospital_a,hospital_b,A0152,B0602,1999-05-16,1958-12-17,0,Paula,Natalie,0,Shaw,Shaw,3,IP7 0GL,LL77 2RS,0,0
-20.018270801566477,9.416719160683692e-07,hospital_a,hospital_b,A0153,B0476,1995-03-21,1953-02-09,0,Georgia,Iain,0,Taylor,Taylor,3,G1E 2WY,HD8 0QS,0,0
-20.018270801566477,9.416719160683692e-07,hospital_a,hospital_b,A0159,B0556,1958-02-28,1954-10-02,0,uJlia,Melissa,0,Scott,Scott,3,B7 3GY,N65 9BR,0,0
-20.018270801566477,9.416719160683692e-07,hospital_a,hospital_b,A0162,B0297,1942-09-04,1955-08-13,0,Keith,Diane,0,Wood,Wood,3,RM3 4LT,TD9W 6QU,0,0
-20.018270801566477,9.416719160683692e-07,hospital_a,hospital_b,A0163,B0449,1947-09-24,2006-07-23,0,Ashley,Leslye,0,Adams,Adams,3,YO7 1QP,TD7 1LN,0,0
-20.018270801566477,9.416719160683692e-07,hospital_a,hospital_b,A0165,B0787,1977-02-11,1975-10-30,0,Kelly,Sheila,0,Williams,Williams,3,W71UA,OL1R 9DQ,0,0
-20.018270801566477,9.416719160683692e-07,hospital_a,hospital_b,A0166,B0009,1956-08-06,2003-02-04,0,Ashleigh,Mary,0,Arnold,Arnold,3,N1A 7FS,SM3Y 6QT,0,0
-20.018270801566477,9.416719160683692e-07,hospital_a,hospital_b,A0172,B0453,1990-03-24,1995-06-10,0,Billy,Oliver,0,Lloyd,Lloyd,3,W8W 1QT,FK7H 3QN,0,0
-20.018270801566477,9.416719160683692e-07,hospital_a,hospital_b,A0173,B0297,1937-01-31,1955-08-13,0,Sheila,Diane,0,Wood,Wood,3,N8U 7BN,TD9W 6QU,0,0
-20.018270801566477,9.416719160683692e-07,hospital_a,hospital_b,A0174,B0457,1950-11-05,1983-10-12,0,Vanessa,Grgeory,0,Johnson,Johnson,3,KW1H 1FA,LU4 4AT,0,0
-20.018270801566477,9.416719160683692e-07,hospital_a,hospital_b,A0175,B0107,1968-03-19,1937-03-14,0,aGrry,Sally,0,Miles,Miles,3,KY50 1XA,NR1 6AN,0,0
-20.018270801566477,9.416719160683692e-07,hospital_a,hospital_b,A0176,B0360,1967-03-27,1978-02-27,0,Lawrence,Jordan,0,Miller,Miller,3,UB07 8JF,M2F 0LF,0,0
-20.018270801566477,9.416719160683692e-07,hospital_a,hospital_b,A0177,B0116,1976-09-11,1958-02-22,0,Jeremy,Graham,0,Davies,Davies,3,W8 4DL,M12 2WR,0,0
-20.018270801566477,9.416719160683692e-07,hospital_a,hospital_b,A0178,B0769,1959-04-03,1989-04-30,0,Elloitt,Philip,0,Jones,Jones,3,HA9E 5SG,BR8E 9XY,0,0
-20.018270801566477,9.416719160683692e-07,hospital_a,hospital_b,A0181,B0449,1997-03-09,2006-07-23,0,Mark,Leslye,0,Adams,Adams,3,G8C 2GY,TD7 1LN,0,0
-20.018270801566477,9.416719160683692e-07,hospital_a,hospital_b,A0182,B0407,1973-02-01,2004-07-07,0,Luke,Shaun,0,King,King,3,IP7 0BP,FK1P 8UF,0,0
-20.018270801566477,9.416719160683692e-07,hospital_a,hospital_b,A0185,B0132,2000-04-24,1939-05-01,0,Harriet,aCroline,0,Lewis,Lewis,3,B24 8RZ,G5C 1YE,0,0
-20.018270801566477,9.416719160683692e-07,hospital_a,hospital_b,A0186,B0445,1993-04-16,1973-10-09,0,Victoria,Glen,0,Foster,Foster,3,M25 9YD,M9 9SS,0,0
22.986540461169,0.9999998796733648,hospital_a,hospital_b,A0193,B0199,1992-03-14,1992-03-14,1,Nicholas,Nicholas,3,Turner,Turner,3,SG6 9HW,SG6 9HW,1,0
-20.018270801566477,9.416719160683692e-07,hospital_a,hospital_b,A0195,B0504,1991-06-29,1944-07-13,0,Gmema,Marcsu,0,Moore,Moore,3,TF7 9AU,S5K 9UH,0,0
-20.018270801566477,9.416719160683692e-07,hospital_a,hospital_b,A0196,B0512,1954-07-04,1954-08-05,0,John,Garry,0,Harrison,Harrison,3,CA6 1XG,HU958TG,0,0
-20.018270801566477,9.416719160683692e-07,hospital_a,hospital_b,A0197,B0314,1996-03-26,2004-06-30,0,Russell,Alexadnra,0,Wilson,Wilson,3,N2U 1DU,L1H 4GB,0,0
-20.018270801566477,9.416719160683692e-07,hospital_a,hospital_b,A0198,B0241,1984-06-29,1999-09-07,0,Charlene,Grace,0,Bailey,Bailey,3,PA159LG,PR8 0GF,0,0
-20.018270801566477,9.416719160683692e-07,hospital_a,hospital_b,A0199,B0512,1962-06-18,1954-08-05,0,aSmantha,Garry,0,Harrison,Harrison,3,FY729JE,HU958TG,0,0
2.9866198006579197,0.8879695849880381,hospital_a,hospital_b,A0201,B0207,1969-02-19,1969-02-19,1,Margaret,Maragret,2,Osborne,Osborne,3,G56 1DG,G561DG,0,0
-20.018270801566477,9.416719160683692e-07,hospital_a,hospital_b,A0202,B0224,1973-04-24,1997-04-18,0,Linda,Julian,0,Morris,Morris,3,KA22 2JL,S0 8BP,0,0
22.986540461169,0.9999998796733648,hospital_a,hospital_b,A0204,B0209,1975-04-30,1975-04-30,1,Sheila,Sheila,3,Hudson,Hudson,3,G99 9SW,G99 9SW,1,0
22.986540461169,0.9999998796733648,hospital_a,hospital_b,A0209,B0213,1967-08-15,1967-08-15,1,Emma,Emma,3,Vaughan,Vaughan,3,BD3R 8HU,BD3R 8HU,1,0
-20.018270801566477,9.416719160683692e-07,hospital_a,hospital_b,A0210,B0206,1939-01-31,1976-03-10,0,Joe,Elliot,0,Evans,Evans,3,DN1H 5AG,HS0 1QZ,0,0
-20.018270801566477,9.416719160683692e-07,hospital_a,hospital_b,A0211,B0772,1938-03-01,2003-01-31,0,Aaron,Rebecca,0,Smith,Smith,3,LA8M 3YG,BH5B 7DS,0,0
-20.018270801566477,9.416719160683692e-07,hospital_a,hospital_b,A0215,B0545,1984-07-09,1981-08-04,0,Kmi,Lawrence,0,Allen,Allen,3,SG6B 2XR,BS9B 8GW,0,0
22.986540461169,0.9999998796733648,hospital_a,hospital_b,A0216,B0221,1976-05-23,1976-05-23,1,Brandon,Brandon,3,Jenkins,Jenkins,3,S84 7TR,S84 7TR,1,0
-20.018270801566477,9.416719160683692e-07,hospital_a,hospital_b,A0217,B0213,2004-02-24,1967-08-15,0,Daniel,Emma,0,Vaughan,Vaughan,3,NR8 1BT,BD3R 8HU,0,0
22.986540461169,0.9999998796733648,hospital_a,hospital_b,A0218,B0224,1997-04-18,1997-04-18,1,Julian,Julian,3,Morris,Morris,3,S0 8BP,S0 8BP,1,0
-20.018270801566477,9.416719160683692e-07,hospital_a,hospital_b,A0219,B0124,1966-10-25,1961-08-05,0,Leanne,eHnry,0,Green,Green,3,CT25 7YB,N2 6NJ,0,0
-20.018270801566477,9.416719160683692e-07,hospital_a,hospital_b,A0221,B0556,1980-04-07,1954-10-02,0,Leslie,Melissa,0,Scott,Scott,3,PR27 3HQ,N65 9BR,0,0
-20.018270801566477,9.416719160683692e-07,hospital_a,hospital_b,A0222,B0493,1957-07-22,1963-11-30,0,Annette,Wendy,0,Roberts,Roberts,3,BA53 3XW,NP7 1JE,0,0
-20.018270801566477,9.416719160683692e-07,hospital_a,hospital_b,A0224,B0772,1946-06-07,2003-01-31,0,Helen,Rebecca,0,Smith,Smith,3,PL5 8FH,BH5B 7DS,0,0
22.986540461169,0.9999998796733648,hospital_a,hospital_b,A0226,B0234,1937-03-12,1937-03-12,1,Kenneth,Kenneth,3,Clarke,Clarke,3,M9K 9JJ,M9K 9JJ,1,0
-20.018270801566477,9.416719160683692e-07,hospital_a,hospital_b,A0236,B0633,1960-10-22,1958-09-05,0,Amy,Ann,0,Thomas,Thomas,3,DN0X 4LD,BB35 7ZJ,0,0
-20.018270801566477,9.416719160683692e-07,hospital_a,hospital_b,A0241,B0504,1942-10-03,1944-07-13,0,Brenda,Marcsu,0,Moore,Moore,3,N8F 2NY,S5K 9UH,0,0
-20.018270801566477,9.416719160683692e-07,hospital_a,hospital_b,A0245,B0755,1978-05-24,1952-01-06,0,Stcaey,Alxeander,0,Hall,Hall,3,L826DP,B48LU,0,0
-20.018270801566477,9.416719160683692e-07,hospital_a,hospital_b,A0247,B0787,1950-09-13,1975-10-30,0,Margaret,Sheila,0,Williams,Williams,3,W23 5SF,OL1R 9DQ,0,0
-20.018270801566477,9.416719160683692e-07,hospital_a,hospital_b,A0252,B0772,1980-03-27,2003-01-31,0,Ricky,Rebecca,0,Smith,Smith,3,WF4 1ZG,BH5B 7DS,0,0
-20.018270801566477,9.416719160683692e-07,hospital_a,hospital_b,A0260,B0376,1952-04-16,1959-04-12,0,Kieran,Louise,0,Cox,Cox,3,B2 0UZ,HD0 4AJ,0,0
-20.018270801566477,9.416719160683692e-07,hospital_a,hospital_b,A0261,B0484,1939-12-14,1956-09-04,0,Rnoald,Godron,0,Lee,Lee,3,E71HS,N35 7PE,0,0
-20.018270801566477,9.416719160683692e-07,hospital_a,hospital_b,A0262,B0021,1944-02-05,2000-06-22,0,Kyle,Abdul,0,Goodwin,Goodwin,3,S25 7JY,G2 6FH,0,0
-20.018270801566477,9.416719160683692e-07,hospital_a,hospital_b,A0265,B0787,1959-09-08,1975-10-30,0,Ryhs,Sheila,0,Williams,Williams,3,BH10 2AU,OL1R 9DQ,0,0
-20.018270801566477,9.416719160683692e-07,hospital_a,hospital_b,A0266,B0772,1965-05-27,2003-01-31,0,Nigel,Rebecca,0,Smith,Smith,3,S319UB,BH5B 7DS,0,0
-20.018270801566477,9.416719160683692e-07,hospital_a,hospital_b,A0269,B0645,1938-03-17,1961-11-23,0,Helen,Alan,0,Robinson,Robinson,3,SS80 8RU,E21 4DW,0,0
-20.018270801566477,9.416719160683692e-07,hospital_a,hospital_b,A0273,B0512,1971-07-08,1954-08-05,0,Nathan,Garry,0,Harrison,Harrison,3,B46 7QS,HU958TG,0,0
-20.018270801566477,9.416719160683692e-07,hospital_a,hospital_b,A0274,B0475,1982-06-12,2002-04-21,0,Rosemary,Gordon,0,Ward,Ward,3,LU97NY,L19 3SX,0,0
-20.018270801566477,9.416719160683692e-07,hospital_a,hospital_b,A0279,B0005,2005-05-15,2001-12-10,0,Albert,aMx,0,Collins,Collins,3,CA066GX,N3S 6TF,0,0
-20.018270801566477,9.416719160683692e-07,hospital_a,hospital_b,A0281,B0199,1940-02-26,1992-03-14,0,Valerie,Nicholas,0,Turner,Turner,3,HX9R 4UE,SG6 9HW,0,0
-20.018270801566477,9.416719160683692e-07,hospital_a,hospital_b,A0284,B0224,1943-12-10,1997-04-18,0,Matthew,Julian,0,Morris,Morris,3,G34 3FD,S0 8BP,0,0
-20.018270801566477,9.416719160683692e-07,hospital_a,hospital_b,A0286,B0512,1948-10-18,1954-08-05,0,Claire,Garry,0,Harrison,Harrison,3,CF2N 6HW,HU958TG,0,0
-20.018270801566477,9.416719160683692e-07,hospital_a,hospital_b,A0287,B0297,1941-04-15,1955-08-13,0,Nicole,Diane,0,Wood,Wood,3,CH64 9NT,TD9W 6QU,0,0
17.53402081439428,0.9999947309599222,hospital_a,hospital_b,A0288,B0296,1942-12-17,1942-12-17,1,Fracnes,Frances,2,Hughes,Hughes,3,NE11 6RY,NE11 6RY,1,0
22.986540461169,0.9999998796733648,hospital_a,hospital_b,A0289,B0297,1955-08-13,1955-08-13,1,Diane,Diane,3,Wood,Wood,3,TD9W 6QU,TD9W 6QU,1,0
-20.018270801566477,9.416719160683692e-07,hospital_a,hospital_b,A0290,B0449,1971-01-27,2006-07-23,0,Billy,Leslye,0,Adams,Adams,3,NP5 0SE,TD7 1LN,0,0
-20.018270801566477,9.416719160683692e-07,hospital_a,hospital_b,A0295,B0399,2008-01-04,2004-04-29,0,Arthur,Clifford,0,Parker,Parker,3,TR39 9EY,SE8 2YU,0,0
-20.018270801566477,9.416719160683692e-07,hospital_a,hospital_b,A0296,B0445,1964-11-29,1973-10-09,0,Jyoce,Glen,0,Foster,Foster,3,G3 3NT,M9 9SS,0,0
-20.018270801566477,9.416719160683692e-07,hospital_a,hospital_b,A0299,B0129,1955-04-29,2002-08-19,0,Cilve,Marcus,0,Stevens,Stevens,3,EN90 8QE,MK48 6RD,0,0
22.986540461169,0.9999998796733648,hospital_a,hospital_b,A0300,B0311,2000-04-09,2000-04-09,1,Joel,Joel,3,Kelly,Kelly,3,RG56 4DU,RG56 4DU,1,0
-20.018270801566477,9.416719160683692e-07,hospital_a,hospital_b,A0301,B0141,1988-07-08,1982-03-13,0,Jay,Ashley,0,Burton,Burton,3,N7T 0GT,L8U 6QU,0,0
-20.018270801566477,9.416719160683692e-07,hospital_a,hospital_b,A0302,B0779,1991-04-27,1964-03-19,0,Georgia,Brian,0,Edwards,Edwards,3,TA2W 5TU,MK48 6QG,0,0
-20.018270801566477,9.416719160683692e-07,hospital_a,hospital_b,A0304,B0772,1942-03-28,2003-01-31,0,Jodie,Rebecca,0,Smith,Smith,3,B5 7QZ,BH5B 7DS,0,0
-20.018270801566477,9.416719160683692e-07,hospital_a,hospital_b,A0307,B0600,1978-01-14,1985-03-07,0,Lynne,Abbie,0,Ball,Ball,3,B8U 6DJ,SY2 0DU,0,0
-20.018270801566477,9.416719160683692e-07,hospital_a,hospital_b,A0310,B0493,1989-01-01,1963-11-30,0,Abigail,Wendy,0,Roberts,Roberts,3,ZE9 5EQ,NP7 1JE,0,0
-20.018270801566477,9.416719160683692e-07,hospital_a,hospital_b,A0313,B0596,1989-05-05,1944-08-31,0,Setphanie,Geoffrey,0,Brown,Brown,3,DD26 1SN,L1 5DF,0,0
-20.018270801566477,9.416719160683692e-07,hospital_a,hospital_b,A0314,B0224,1979-05-19,1997-04-18,0,Jason,Julian,0,Morris,Morris,3,CF6V0RE,S0 8BP,0,0
-20.018270801566477,9.416719160683692e-07,hospital_a,hospital_b,A0315,B0206,1984-06-21,1976-03-10,0,Amber,Elliot,0,Evans,Evans,3,SK6M 2FA,HS0 1QZ,0,0
-20.018270801566477,9.416719160683692e-07,hospital_a,hospital_b,A0318,B0070,1965-09-25,1963-07-05,0,Mxa,Chole,0,Lawrence,Lawrence,3,CH79 7SA,W75 1SD,0,0
-20.018270801566477,9.416719160683692e-07,hospital_a,hospital_b,A0319,B0769,1999-10-03,1989-04-30,0,Sylvia,Philip,0,Jones,Jones,3,SP6P 7GZ,BR8E 9XY,0,0
-20.018270801566477,9.416719160683692e-07,hospital_a,hospital_b,A0323,B0772,1994-05-09,2003-01-31,0,Thomas,Rebecca,0,Smith,Smith,3,GL81LQ,BH5B 7DS,0,0
22.986540461169,0.9999998796733648,hospital_a,hospital_b,A0324,B0332,1972-12-17,1972-12-17,1,Clare,Clare,3,Watson,Watson,3,HX0R 0WD,HX0R 0WD,1,0
-20.018270801566477,9.416719160683692e-07,hospital_a,hospital_b,A0325,B0645,1993-08-13,1961-11-23,0,Julai,Alan,0,Robinson,Robinson,3,M6G5QA,E21 4DW,0,0
-20.018270801566477,9.416719160683692e-07,hospital_a,hospital_b,A0327,B0484,1957-06-21,1956-09-04,0,Cameron,Godron,0,Lee,Lee,3,MK10 4WQ,N35 7PE,0,0
-20.018270801566477,9.416719160683692e-07,hospital_a,hospital_b,A0331,B0445,1965-02-10,1973-10-09,0,Terence,Glen,0,Foster,Foster,3,N9 0WF,M9 9SS,0,0
-20.018270801566477,9.416719160683692e-07,hospital_a,hospital_b,A0334,B0124,2006-10-23,1961-08-05,0,Douglas,eHnry,0,Green,Green,3,G4C 4DF,N2 6NJ,0,0
-20.018270801566477,9.416719160683692e-07,hospital_a,hospital_b,A0336,B0769,1965-01-11,1989-04-30,0,Gary,Philip,0,Jones,Jones,3,B483XF,BR8E 9XY,0,0
-20.018270801566477,9.416719160683692e-07,hospital_a,hospital_b,A0337,B0432,1947-01-25,1938-01-28,0,Denise,Geoffrey,0,White,White,3,E4B 1FX,W23 9BZ,0,0
-20.018270801566477,9.416719160683692e-07,hospital_a,hospital_b,A0338,B0311,2005-04-16,2000-04-09,0,Maurice,Joel,0,Kelly,Kelly,3,BA2 9UA,RG56 4DU,0,0
-20.018270801566477,9.416719160683692e-07,hospital_a,hospital_b,A0339,B0787,1944-04-16,1975-10-30,0,Vansesa,Sheila,0,Williams,Williams,3,UB952AE,OL1R 9DQ,0,0
-20.018270801566477,9.416719160683692e-07,hospital_a,hospital_b,A0344,B0209,1996-08-22,1975-04-30,0,Kayleigh,Sheila,0,Hudson,Hudson,3,E73 0PW,G99 9SW,0,0
-20.018270801566477,9.416719160683692e-07,hospital_a,hospital_b,A0345,B0110,2000-04-05,1994-11-21,0,Joshua,Victor,0,Patel,Patel,3,BR2A 0NZ,HX19 9XG,0,0
-20.018270801566477,9.416719160683692e-07,hospital_a,hospital_b,A0348,B0769,1979-04-30,1989-04-30,0,Sean,Philip,0,Jones,Jones,3,IG0 0JW,BR8E 9XY,0,0
-20.018270801566477,9.416719160683692e-07,hospital_a,hospital_b,A0349,B0772,1988-11-28,2003-01-31,0,Allan,Rebecca,0,Smith,Smith,3,TS6 6GA,BH5B 7DS,0,0
-20.018270801566477,9.416719160683692e-07,hospital_a,hospital_b,A0350,B0633,1937-06-13,1958-09-05,0,Rebecca,Ann,0,Thomas,Thomas,3,M23 2PX,BB35 7ZJ,0,0
-20.018270801566477,9.416719160683692e-07,hospital_a,hospital_b,A0356,B0476,1951-11-24,1953-02-09,0,Kieran,Iain,0,Taylor,Taylor,3,SW3R8YX,HD8 0QS,0,0
-20.018270801566477,9.416719160683692e-07,hospital_a,hospital_b,A0357,B0369,1937-06-24,1964-03-28,0,Barbara,Tracey,0,Davis,Davis,3,G40 5PJ,M1 5TU,0,0
-20.018270801566477,9.416719160683692e-07,hospital_a,hospital_b,A0362,B0357,1967-09-11,1997-06-24,0,Janet,Grace,0,Marshall,Marshall,3,B0U 3JQ,N9E5GE,0,0
-20.018270801566477,9.416719160683692e-07,hospital_a,hospital_b,A0363,B0493,1995-11-28,1963-11-30,0,Lewis,Wendy,0,Roberts,Roberts,3,G06 5PX,NP7 1JE,0,0
-20.018270801566477,9.416719160683692e-07,hospital_a,hospital_b,A0364,B0596,1983-01-10,1944-08-31,0,Kyle,Geoffrey,0,Brown,Brown,3,S33DL,L1 5DF,0,0
-20.018270801566477,9.416719160683692e-07,hospital_a,hospital_b,A0365,B0772,1942-03-14,2003-01-31,0,Ronald,Rebecca,0,Smith,Smith,3,RG6 5GP,BH5B 7DS,0,0
22.986540461169,0.9999998796733648,hospital_a,hospital_b,A0367,B0376,1959-04-12,1959-04-12,1,Louise,Louise,3,Cox,Cox,3,HD0 4AJ,HD0 4AJ,1,0
-20.018270801566477,9.416719160683692e-07,hospital_a,hospital_b,A0372,B0032,1961-08-31,1967-05-05,0,Joshua,Shirley,0,Woodward,Woodward,3,SK0Y 4ZT,SM46 8XU,0,0
22.986540461169,0.9999998796733648,hospital_a,hospital_b,A0374,B0384,1948-10-31,1948-10-31,1,Kirsty,Kirsty,3,Bradley,Bradley,3,G3 6TZ,G3 6TZ,1,0
-14.44359436615754,4.487715947894868e-05,hospital_a,hospital_b,A0377,B0476,1955-09-07,1953-02-09,0,Adrain,Iain,1,Taylor,Taylor,3,SY3N9UW,HD8 0QS,0,0
-20.018270801566477,9.416719160683692e-07,hospital_a,hospital_b,A0381,B0241,1997-07-04,1999-09-07,0,Hannah,Grace,0,Bailey,Bailey,3,CT4 7TF,PR8 0GF,0,0
-20.018270801566477,9.416719160683692e-07,hospital_a,hospital_b,A0382,B0069,2005-11-02,1938-06-25,0,Oilvia,Alan,0,Harris,Harris,3,N2 3BG,B54 8UL,0,0
-20.018270801566477,9.416719160683692e-07,hospital_a,hospital_b,A0383,B0457,1964-10-10,1983-10-12,0,Kieran,Grgeory,0,Johnson,Johnson,3,E3 7NZ,LU4 4AT,0,0
22.986540461169,0.9999998796733648,hospital_a,hospital_b,A0387,B0399,2004-04-29,2004-04-29,1,Clifford,Clifford,3,Parker,Parker,3,SE8 2YU,SE8 2YU,1,0
-20.018270801566477,9.416719160683692e-07,hospital_a,hospital_b,A0388,B0369,1950-12-29,1964-03-28,0,Clifford,Tracey,0,Davis,Davis,3,L95 2ZS,M1 5TU,0,0
-20.018270801566477,9.416719160683692e-07,hospital_a,hospital_b,A0390,B0008,1975-04-25,1961-10-12,0,Stacey,Jack,0,Griffiths,Griffiths,3,N1 5LF,EC0 9DD,0,0
-20.018270801566477,9.416719160683692e-07,hospital_a,hospital_b,A0392,B0769,1944-08-05,1989-04-30,0,Sophie,Philip,0,Jones,Jones,3,G26YL,BR8E 9XY,0,0
-20.018270801566477,9.416719160683692e-07,hospital_a,hospital_b,A0398,B0404,1966-07-21,1956-09-17,0,Karen,Gregoyr,0,Burns,Burns,3,M172FQ,B96 4WB,0,0
17.53402081439428,0.9999947309599222,hospital_a,hospital_b,A0399,B0407,2004-07-07,2004-07-07,1,Sahun,Shaun,2,King,King,3,FK1P 8UF,FK1P 8UF,1,0
-20.018270801566477,9.416719160683692e-07,hospital_a,hospital_b,A0401,B0772,2000-08-17,2003-01-31,0,Samantha,Rebecca,0,Smith,Smith,3,B00 3NU,BH5B 7DS,0,0
-20.018270801566477,9.416719160683692e-07,hospital_a,hospital_b,A0402,B0787,1942-06-26,1975-10-30,0,Geraldine,Sheila,0,Williams,Williams,3,N4T 3XF,OL1R 9DQ,0,0
-20.018270801566477,9.416719160683692e-07,hospital_a,hospital_b,A0404,B0504,1963-10-09,1944-07-13,0,Jacqueline,Marcsu,0,Moore,Moore,3,M3C 2YH,S5K 9UH,0,0
-20.018270801566477,9.416719160683692e-07,hospital_a,hospital_b,A0405,B0633,1952-09-02,1958-09-05,0,Francis,Ann,0,Thomas,Thomas,3,G4 4BJ,BB35 7ZJ,0,0
-20.018270801566477,9.416719160683692e-07,hospital_a,hospital_b,A0408,B0769,1976-05-15,1989-04-30,0,Bradley,Philip,0,Jones,Jones,3,TW24 7FJ,BR8E 9XY,0,0
-20.018270801566477,9.416719160683692e-07,hospital_a,hospital_b,A0412,B0199,1948-07-23,1992-03-14,0,Brandon,Nicholas,0,Turner,Turner,3,HU57 7SZ,SG6 9HW,0,0
-20.018270801566477,9.416719160683692e-07,hospital_a,hospital_b,A0413,B0060,1977-09-10,1953-09-05,0,eBrnard,Joesphine,0,Cooper,Cooper,3,NG933QA,PL2N 9FQ,0,0
17.53402081439428,0.9999947309599222,hospital_a,hospital_b,A0420,B0429,1945-09-10,1945-09-10,1,eLwis,Lewis,2,Nelson,Nelson,3,NR1 1TP,NR1 1TP,1,0
-20.018270801566477,9.416719160683692e-07,hospital_a,hospital_b,A0422,B0772,1999-03-14,2003-01-31,0,Barbara,Rebecca,0,Smith,Smith,3,BH9X 3XA,BH5B 7DS,0,0
-20.018270801566477,9.416719160683692e-07,hospital_a,hospital_b,A0423,B0407,1960-10-03,2004-07-07,0,Bethany,Shaun,0,King,King,3,RM87 1GE,FK1P 8UF,0,0
22.986540461169,0.9999998796733648,hospital_a,hospital_b,A0424,B0432,1938-01-28,1938-01-28,1,Geoffrey,Geoffrey,3,White,White,3,W23 9BZ,W23 9BZ,1,0
-20.018270801566477,9.416719160683692e-07,hospital_a,hospital_b,A0426,B0087,1971-09-29,1937-12-07,0,lCare,Edwrad,0,McDonald,McDonald,3,CH6 8AT,TN720AN,0,0
-20.018270801566477,9.416719160683692e-07,hospital_a,hospital_b,A0431,B0772,2000-10-30,2003-01-31,0,Christian,Rebecca,0,Smith,Smith,3,DG8 6LB,BH5B 7DS,0,0
-20.018270801566477,9.416719160683692e-07,hospital_a,hospital_b,A0436,B0221,1966-08-16,1976-05-23,0,Raymond,Brandon,0,Jenkins,Jenkins,3,N5S 7GB,S84 7TR,0,0
-20.018270801566477,9.416719160683692e-07,hospital_a,hospital_b,A0439,B0124,1993-11-13,1961-08-05,0,Pauline,eHnry,0,Green,Green,3,GU4N 6DX,N2 6NJ,0,0
22.986540461169,0.9999998796733648,hospital_a,hospital_b,A0440,B0447,1938-10-10,1938-10-10,1,Timothy,Timothy,3,Day,Day,3,G1 6JG,G1 6JG,1,0
2.9866198006579197,0.8879695849880381,hospital_a,hospital_b,A0441,B0449,2006-07-23,2006-07-23,1,Lesley,Leslye,2,Adams,Adams,3,TD71LN,TD7 1LN,0,0
-20.018270801566477,9.416719160683692e-07,hospital_a,hospital_b,A0443,B0787,1946-04-12,1975-10-30,0,Owen,Sheila,0,Williams,Williams,3,S8F 7LQ,OL1R 9DQ,0,0
-20.018270801566477,9.416719160683692e-07,hospital_a,hospital_b,A0444,B0296,1966-12-07,1942-12-17,0,Tina,Frances,0,Hughes,Hughes,3,BL3B 1BB,NE11 6RY,0,0
17.53402081439428,0.9999947309599222,hospital_a,hospital_b,A0445,B0453,1995-06-10,1995-06-10,1,Oilver,Oliver,2,Lloyd,Lloyd,3,FK7H 3QN,FK7H 3QN,1,0
-20.018270801566477,9.416719160683692e-07,hospital_a,hospital_b,A0446,B0116,1947-06-13,1958-02-22,0,Guy,Graham,0,Davies,Davies,3,ZE7 0US,M12 2WR,0,0
-20.018270801566477,9.416719160683692e-07,hospital_a,hospital_b,A0448,B0769,1961-11-16,1989-04-30,0,Cheyrl,Philip,0,Jones,Jones,3,N48ZU,BR8E 9XY,0,0
-20.018270801566477,9.416719160683692e-07,hospital_a,hospital_b,A0449,B0772,1989-05-18,2003-01-31,0,Robert,Rebecca,0,Smith,Smith,3,HX31 6EL,BH5B 7DS,0,0
17.53402081439428,0.9999947309599222,hospital_a,hospital_b,A0451,B0457,1983-10-12,1983-10-12,1,Gregory,Grgeory,2,Johnson,Johnson,3,LU4 4AT,LU4 4AT,1,0
-20.018270801566477,9.416719160683692e-07,hospital_a,hospital_b,A0457,B0787,1983-05-01,1975-10-30,0,Gail,Sheila,0,Williams,Williams,3,S2 2FJ,OL1R 9DQ,0,0
-20.018270801566477,9.416719160683692e-07,hospital_a,hospital_b,A0458,B0407,1963-11-03,2004-07-07,0,Laura,Shaun,0,King,King,3,TR1R 6FA,FK1P 8UF,0,0
-20.018270801566477,9.416719160683692e-07,hospital_a,hospital_b,A0460,B0779,1992-09-17,1964-03-19,0,Kelly,Brian,0,Edwards,Edwards,3,TN4 1UR,MK48 6QG,0,0
-20.018270801566477,9.416719160683692e-07,hospital_a,hospital_b,A0461,B0633,1997-06-25,1958-09-05,0,Joseph,Ann,0,Thomas,Thomas,3,L11 7PJ,BB35 7ZJ,0,0
-20.018270801566477,9.416719160683692e-07,hospital_a,hospital_b,A0465,B0445,1959-06-10,1973-10-09,0,Lee,Glen,0,Foster,Foster,3,M46 1GN,M9 9SS,0,0
-20.018270801566477,9.416719160683692e-07,hospital_a,hospital_b,A0469,B0445,2000-04-14,1973-10-09,0,Bruce,Glen,0,Foster,Foster,3,CO9 7ED,M9 9SS,0,0
22.986540461169,0.9999998796733648,hospital_a,hospital_b,A0470,B0476,1953-02-09,1953-02-09,1,Iain,Iain,3,Taylor,Taylor,3,HD8 0QS,HD8 0QS,1,0
-20.018270801566477,9.416719160683692e-07,hospital_a,hospital_b,A0472,B0787,1951-09-01,1975-10-30,0,Jacqueline,Sheila,0,Williams,Williams,3,DE68 4BX,OL1R 9DQ,0,0
-20.018270801566477,9.416719160683692e-07,hospital_a,hospital_b,A0474,B0213,1956-11-16,1967-08-15,0,Frederick,Emma,0,Vaughan,Vaughan,3,S0K 5LL,BD3R 8HU,0,0
-20.018270801566477,9.416719160683692e-07,hospital_a,hospital_b,A0475,B0039,1970-05-04,1940-09-29,0,Alan,Abbie,0,Morgan,Morgan,3,L6A 4ZX,HR9 1PX,0,0
-20.018270801566477,9.416719160683692e-07,hospital_a,hospital_b,A0477,B0445,1960-10-24,1973-10-09,0,Samuel,Glen,0,Foster,Foster,3,W13HP,M9 9SS,0,0
-20.018270801566477,9.416719160683692e-07,hospital_a,hospital_b,A0478,B0028,2000-10-17,1975-09-05,0,Albert,Jordan,0,Simpson,Simpson,3,LN4 2QB,CO7B 9NU,0,0
17.53402081439428,0.9999947309599222,hospital_a,hospital_b,A0480,B0484,1956-09-04,1956-09-04,1,Gordon,Godron,2,Lee,Lee,3,N35 7PE,N35 7PE,1,0
-20.018270801566477,9.416719160683692e-07,hospital_a,hospital_b,A0486,B0484,1937-03-01,1956-09-04,0,Wendy,Godron,0,Lee,Lee,3,M96 8FT,N35 7PE,0,0
-20.018270801566477,9.416719160683692e-07,hospital_a,hospital_b,A0488,B0296,1979-11-26,1942-12-17,0,Joseph,Frances,0,Hughes,Hughes,3,DD0P 9RY,NE11 6RY,0,0
17.53402081439428,0.9999947309599222,hospital_a,hospital_b,A0489,B0493,1963-11-30,1963-11-30,1,eWndy,Wendy,2,Roberts,Roberts,3,NP7 1JE,NP7 1JE,1,0
-20.018270801566477,9.416719160683692e-07,hospital_a,hospital_b,A0494,B0384,1962-11-13,1948-10-31,0,aHrry,Kirsty,0,Bradley,Bradley,3,CO411WS,G3 6TZ,0,0
-20.018270801566477,9.416719160683692e-07,hospital_a,hospital_b,A0495,B0132,1936-12-28,1939-05-01,0,Diane,aCroline,0,Lewis,Lewis,3,LE3 4YU,G5C 1YE,0,0
-20.018270801566477,9.416719160683692e-07,hospital_a,hospital_b,A0496,B0504,1950-06-11,1944-07-13,0,Neli,Marcsu,0,Moore,Moore,3,PE31 6ZU,S5K 9UH,0,0
-20.018270801566477,9.416719160683692e-07,hospital_a,hospital_b,A0500,B0596,1949-05-06,1944-08-31,0,Teresa,Geoffrey,0,Brown,Brown,3,UB6 5ZR,L1 5DF,0,0
17.53402081439428,0.9999947309599222,hospital_a,hospital_b,A0501,B0504,1944-07-13,1944-07-13,1,Marcus,Marcsu,2,Moore,Moore,3,S5K 9UH,S5K 9UH,1,0
-20.018270801566477,9.416719160683692e-07,hospital_a,hospital_b,A0505,B0447,2000-07-25,1938-10-10,0,Lauren,Timothy,0,Day,Day,3,G21 1BT,G1 6JG,0,0
-14.44359436615754,4.487715947894868e-05,hospital_a,hospital_b,A0506,B0132,2003-12-11,1939-05-01,0,Claire,aCroline,1,Lewis,Lewis,3,KT01 8FL,G5C 1YE,0,0
2.9866198006579197,0.8879695849880381,hospital_a,hospital_b,A0509,B0512,1954-08-05,1954-08-05,1,Grary,Garry,2,Harrison,Harrison,3,HU95 8TG,HU958TG,0,0
-20.018270801566477,9.416719160683692e-07,hospital_a,hospital_b,A0510,B0512,1972-01-22,1954-08-05,0,Glnen,Garry,0,Harrison,Harrison,3,TQ4B 4HT,HU958TG,0,0
-20.018270801566477,9.416719160683692e-07,hospital_a,hospital_b,A0512,B0311,1969-10-05,2000-04-09,0,Amelia,Joel,0,Kelly,Kelly,3,WA73 6FP,RG56 4DU,0,0
-20.018270801566477,9.416719160683692e-07,hospital_a,hospital_b,A0513,B0376,1978-02-03,1959-04-12,0,Aimee,Louise,0,Cox,Cox,3,G35 5WA,HD0 4AJ,0,0
-14.44359436615754,4.487715947894868e-05,hospital_a,hospital_b,A0516,B0399,1979-01-13,2004-04-29,0,Claier,Clifford,1,Parker,Parker,3,EN6 4AX,SE8 2YU,0,0
17.53402081439428,0.9999947309599222,hospital_a,hospital_b,A0517,B0526,1974-08-23,1974-08-23,1,Leon,eLon,2,Richards,Richards,3,B59 3SL,B59 3SL,1,0
-20.018270801566477,9.416719160683692e-07,hospital_a,hospital_b,A0520,B0369,2005-12-05,1964-03-28,0,Irene,Tracey,0,Davis,Davis,3,LU8N 3WQ,M1 5TU,0,0
-20.018270801566477,9.416719160683692e-07,hospital_a,hospital_b,A0527,B0779,1972-08-17,1964-03-19,0,Tracey,Brian,0,Edwards,Edwards,3,LA6B 2LY,MK48 6QG,0,0
-20.018270801566477,9.416719160683692e-07,hospital_a,hospital_b,A0529,B0504,1987-05-23,1944-07-13,0,Lauren,Marcsu,0,Moore,Moore,3,SP2 7TN,S5K 9UH,0,0
-20.018270801566477,9.416719160683692e-07,hospital_a,hospital_b,A0531,B0633,1979-10-02,1958-09-05,0,Edwrad,Ann,0,Thomas,Thomas,3,M1T 1FW,BB35 7ZJ,0,0
-20.018270801566477,9.416719160683692e-07,hospital_a,hospital_b,A0533,B0429,1980-02-19,1945-09-10,0,Joan,Lewis,0,Nelson,Nelson,3,AB46 7GP,NR1 1TP,0,0
-20.018270801566477,9.416719160683692e-07,hospital_a,hospital_b,A0534,B0787,2006-08-15,1975-10-30,0,Kayleigh,Sheila,0,Williams,Williams,3,W05 7GG,OL1R 9DQ,0,0
-20.018270801566477,9.416719160683692e-07,hospital_a,hospital_b,A0535,B0360,1950-11-06,1978-02-27,0,Ryamond,Jordan,0,Miller,Miller,3,M5U 1NZ,M2F 0LF,0,0
-20.018270801566477,9.416719160683692e-07,hospital_a,hospital_b,A0539,B0787,1959-03-20,1975-10-30,0,Cragi,Sheila,0,Williams,Williams,3,M8J 0FD,OL1R 9DQ,0,0
22.986540461169,0.9999998796733648,hospital_a,hospital_b,A0541,B0545,1981-08-04,1981-08-04,1,Lawrence,Lawrence,3,Allen,Allen,3,BS9B 8GW,BS9B 8GW,1,0
-20.018270801566477,9.416719160683692e-07,hospital_a,hospital_b,A0543,B0407,1991-06-28,2004-07-07,0,Hilary,Shaun,0,King,King,3,N9C 2HN,FK1P 8UF,0,0
-20.018270801566477,9.416719160683692e-07,hospital_a,hospital_b,A0544,B0246,1957-05-25,1985-04-28,0,Sylvia,Jack,0,Martin,Martin,3,FK33 0FT,BR2 0PR,0,0
-20.018270801566477,9.416719160683692e-07,hospital_a,hospital_b,A0546,B0332,1955-05-04,1972-12-17,0,Andrew,Clare,0,Watson,Watson,3,YO5A 3GY,HX0R 0WD,0,0
-20.018270801566477,9.416719160683692e-07,hospital_a,hospital_b,A0547,B0526,1995-05-20,1974-08-23,0,Christine,eLon,0,Richards,Richards,3,DD28 2QE,B59 3SL,0,0
-20.018270801566477,9.416719160683692e-07,hospital_a,hospital_b,A0548,B0025,1959-06-28,1960-08-17,0,Matthew,Anna,0,Gill,Gill,3,BD26 8RZ,SE51 0SU,0,0
-20.018270801566477,9.416719160683692e-07,hospital_a,hospital_b,A0549,B0645,1997-10-13,1961-11-23,0,Gillian,Alan,0,Robinson,Robinson,3,W2W 4UU,E21 4DW,0,0
22.986540461169,0.9999998796733648,hospital_a,hospital_b,A0550,B0556,1954-10-02,1954-10-02,1,Melissa,Melissa,3,Scott,Scott,3,N65 9BR,N65 9BR,1,0
-20.018270801566477,9.416719160683692e-07,hospital_a,hospital_b,A0551,B0769,1997-11-23,1989-04-30,0,Alexandra,Philip,0,Jones,Jones,3,S73 9LX,BR8E 9XY,0,0
-14.44359436615754,4.487715947894868e-05,hospital_a,hospital_b,A0559,B0476,1938-01-01,1953-02-09,0,Marion,Iain,1,Taylor,Taylor,3,TW60 9GA,HD8 0QS,0,0
-20.018270801566477,9.416719160683692e-07,hospital_a,hospital_b,A0560,B0028,1953-06-09,1975-09-05,0,Jay,Jordan,0,Simpson,Simpson,3,TN05 4GH,CO7B 9NU,0,0
-20.018270801566477,9.416719160683692e-07,hospital_a,hospital_b,A0563,B0032,1942-11-06,1967-05-05,0,Aaron,Shirley,0,Woodward,Woodward,3,TW4W 5JT,SM46 8XU,0,0
-20.018270801566477,9.416719160683692e-07,hospital_a,hospital_b,A0569,B0314,2007-03-27,2004-06-30,0,Marc,Alexadnra,0,Wilson,Wilson,3,BT5R 8LA,L1H 4GB,0,0
-20.018270801566477,9.416719160683692e-07,hospital_a,hospital_b,A0570,B0493,1976-10-02,1963-11-30,0,Matthew,Wendy,0,Roberts,Roberts,3,WF1 3ZU,NP7 1JE,0,0
-20.018270801566477,9.416719160683692e-07,hospital_a,hospital_b,A0572,B0175,1963-09-02,1958-03-14,0,Katy,Rita,0,French,French,3,CH81 3QF,NR3H 9NQ,0,0
-20.018270801566477,9.416719160683692e-07,hospital_a,hospital_b,A0578,B0046,1989-03-08,2004-08-03,0,Amber,Snadra,0,Middleton,Middleton,3,PH08 3PB,NP6W 6EU,0,0
-20.018270801566477,9.416719160683692e-07,hospital_a,hospital_b,A0583,B0755,1968-04-20,1952-01-06,0,Helen,Alxeander,0,Hall,Hall,3,LL55 6FW,B48LU,0,0
-20.018270801566477,9.416719160683692e-07,hospital_a,hospital_b,A0585,B0060,1973-01-22,1953-09-05,0,Katy,Joesphine,0,Cooper,Cooper,3,W03 9GL,PL2N 9FQ,0,0
-20.018270801566477,9.416719160683692e-07,hospital_a,hospital_b,A0587,B0206,2001-08-29,1976-03-10,0,Gary,Elliot,0,Evans,Evans,3,W7F 4NE,HS0 1QZ,0,0
-20.018270801566477,9.416719160683692e-07,hospital_a,hospital_b,A0589,B0039,2004-05-21,1940-09-29,0,iMchael,Abbie,0,Morgan,Morgan,3,N5B 1GF,HR9 1PX,0,0
-20.018270801566477,9.416719160683692e-07,hospital_a,hospital_b,A0594,B0457,1949-05-06,1983-10-12,0,Danny,Grgeory,0,Johnson,Johnson,3,W92 4YB,LU4 4AT,0,0
-20.018270801566477,9.416719160683692e-07,hospital_a,hospital_b,A0597,B0512,1979-06-27,1954-08-05,0,Linda,Garry,0,Harrison,Harrison,3,M5 5UQ,HU958TG,0,0
22.986540461169,0.9999998796733648,hospital_a,hospital_b,A0598,B0602,1958-12-17,1958-12-17,1,Natalie,Natalie,3,Shaw,Shaw,3,LL77 2RS,LL77 2RS,1,0
-20.018270801566477,9.416719160683692e-07,hospital_a,hospital_b,A0600,B0297,1966-11-18,1955-08-13,0,Lynda,Diane,0,Wood,Wood,3,W05 1PU,TD9W 6QU,0,0
-20.018270801566477,9.416719160683692e-07,hospital_a,hospital_b,A0605,B0787,1958-03-18,1975-10-30,0,Marilyn,Sheila,0,Williams,Williams,3,LE4 9TN,OL1R 9DQ,0,0
-20.018270801566477,9.416719160683692e-07,hospital_a,hospital_b,A0606,B0484,1962-08-29,1956-09-04,0,Guy,Godron,0,Lee,Lee,3,S5 2PZ,N35 7PE,0,0
-20.018270801566477,9.416719160683692e-07,hospital_a,hospital_b,A0608,B0384,1968-01-09,1948-10-31,0,Cragi,Kirsty,0,Bradley,Bradley,3,M3 0XA,G3 6TZ,0,0
-20.018270801566477,9.416719160683692e-07,hospital_a,hospital_b,A0609,B0060,1981-08-03,1953-09-05,0,Brandon,Joesphine,0,Cooper,Cooper,3,BA84 0SX,PL2N 9FQ,0,0
-20.018270801566477,9.416719160683692e-07,hospital_a,hospital_b,A0612,B0755,1982-07-29,1952-01-06,0,Rebecca,Alxeander,0,Hall,Hall,3,M38 4AH,B48LU,0,0
-20.018270801566477,9.416719160683692e-07,hospital_a,hospital_b,A0615,B0309,1988-03-12,1988-11-25,0,Stephen,Damian,0,Clark,Clark,3,WR98 4AY,M7 3ZE,0,0
-20.018270801566477,9.416719160683692e-07,hospital_a,hospital_b,A0617,B0332,1970-12-12,1972-12-17,0,Yvonne,Clare,0,Watson,Watson,3,B45 9QT,HX0R 0WD,0,0
-20.018270801566477,9.416719160683692e-07,hospital_a,hospital_b,A0618,B0475,2002-04-27,2002-04-21,0,Luke,Gordon,0,Ward,Ward,3,CT9N9FH,L19 3SX,0,0
-20.018270801566477,9.416719160683692e-07,hospital_a,hospital_b,A0620,B0484,2000-08-20,1956-09-04,0,Dean,Godron,0,Lee,Lee,3,B81 2DN,N35 7PE,0,0
-20.018270801566477,9.416719160683692e-07,hospital_a,hospital_b,A0621,B0246,1995-09-14,1985-04-28,0,Treovr,Jack,0,Martin,Martin,3,BS1M 1SQ,BR2 0PR,0,0
-20.018270801566477,9.416719160683692e-07,hospital_a,hospital_b,A0623,B0237,1990-09-11,1949-02-21,0,Ian,Hrariet,0,Hunt,Hunt,3,W4 1JE,IV44 2SN,0,0
-20.018270801566477,9.416719160683692e-07,hospital_a,hospital_b,A0625,B0512,1971-02-18,1954-08-05,0,Terence,Garry,0,Harrison,Harrison,3,GY20 9PS,HU958TG,0,0
8.439139447432636,0.9971271270496563,hospital_a,hospital_b,A0628,B0633,1958-09-05,1958-09-05,1,Ann,Ann,3,Thomas,Thomas,3,BB357ZJ,BB35 7ZJ,0,0
-20.018270801566477,9.416719160683692e-07,hospital_a,hospital_b,A0630,B0053,2001-05-29,1958-12-18,0,Julina,Luaren,0,Webster,Webster,3,L54 5WS,E0C 9BD,0,0
-20.018270801566477,9.416719160683692e-07,hospital_a,hospital_b,A0631,B0632,1950-03-17,1981-01-21,0,Joanna,Charlotte,0,Fisher,Fisher,3,PA82 4JH,G2 1UW,0,0
-20.018270801566477,9.416719160683692e-07,hospital_a,hospital_b,A0634,B0600,1976-08-22,1985-03-07,0,Simon,Abbie,0,Ball,Ball,3,E54SJ,SY2 0DU,0,0
-20.018270801566477,9.416719160683692e-07,hospital_a,hospital_b,A0638,B0296,1988-02-24,1942-12-17,0,Michael,Frances,0,Hughes,Hughes,3,CA64 3LQ,NE11 6RY,0,0
22.986540461169,0.9999998796733648,hospital_a,hospital_b,A0639,B0645,1961-11-23,1961-11-23,1,Alan,Alan,3,Robinson,Robinson,3,E21 4DW,E21 4DW,1,0
-20.018270801566477,9.416719160683692e-07,hospital_a,hospital_b,A0641,B0416,1948-04-30,1951-05-23,0,Max,Russell,0,Warren,Warren,3,W8 2FX,DL9 2TJ,0,0
-20.018270801566477,9.416719160683692e-07,hospital_a,hospital_b,A0642,B0500,1969-07-11,1967-03-25,0,Barry,Adrian,0,Thompson,Thompson,3,L95 7JT,B6 2WU,0,0
-20.018270801566477,9.416719160683692e-07,hospital_a,hospital_b,A0643,B0246,1979-01-26,1985-04-28,0,lAan,Jack,0,Martin,Martin,3,WC49SR,BR2 0PR,0,0
-20.018270801566477,9.416719160683692e-07,hospital_a,hospital_b,A0648,B0453,2002-02-02,1995-06-10,0,Gary,Oliver,0,Lloyd,Lloyd,3,W11 5ZQ,FK7H 3QN,0,0
-20.018270801566477,9.416719160683692e-07,hospital_a,hospital_b,A0655,B0224,1986-12-03,1997-04-18,0,Toby,Julian,0,Morris,Morris,3,HD9Y0GL,S0 8BP,0,0
-20.018270801566477,9.416719160683692e-07,hospital_a,hospital_b,A0657,B0600,2007-10-27,1985-03-07,0,eDborah,Abbie,0,Ball,Ball,3,L6U 7YX,SY2 0DU,0,0
-20.018270801566477,9.416719160683692e-07,hospital_a,hospital_b,A0665,B0516,1976-04-07,1947-04-04,0,Lewis,Joanne,0,Wright,Wright,3,G7 8XP,M989FF,0,0
-20.018270801566477,9.416719160683692e-07,hospital_a,hospital_b,A0666,B0407,2008-03-02,2004-07-07,0,Clifford,Shaun,0,King,King,3,EX6E 5SD,FK1P 8UF,0,0
-20.018270801566477,9.416719160683692e-07,hospital_a,hospital_b,A0667,B0633,1994-05-18,1958-09-05,0,Lesley,Ann,0,Thomas,Thomas,3,NP149XJ,BB35 7ZJ,0,0
-20.018270801566477,9.416719160683692e-07,hospital_a,hospital_b,A0668,B0556,1935-09-01,1954-10-02,0,Shane,Melissa,0,Scott,Scott,3,M9U7XJ,N65 9BR,0,0
-20.018270801566477,9.416719160683692e-07,hospital_a,hospital_b,A0670,B0314,1953-07-13,2004-06-30,0,Simon,Alexadnra,0,Wilson,Wilson,3,E6 3LE,L1H 4GB,0,0
-20.018270801566477,9.416719160683692e-07,hospital_a,hospital_b,A0674,B0087,1943-04-20,1937-12-07,0,Jemma,Edwrad,0,McDonald,McDonald,3,IG8M4WN,TN720AN,0,0
-20.018270801566477,9.416719160683692e-07,hospital_a,hospital_b,A0675,B0357,1942-10-25,1997-06-24,0,Andrew,Grace,0,Marshall,Marshall,3,L60 7SX,N9E5GE,0,0
-20.018270801566477,9.416719160683692e-07,hospital_a,hospital_b,A0677,B0432,1947-06-23,1938-01-28,0,Chalrene,Geoffrey,0,White,White,3,SS0R 6PE,W23 9BZ,0,0
-20.018270801566477,9.416719160683692e-07,hospital_a,hospital_b,A0680,B0311,1946-07-04,2000-04-09,0,Chalres,Joel,0,Kelly,Kelly,3,S3 4WX,RG56 4DU,0,0
-20.018270801566477,9.416719160683692e-07,hospital_a,hospital_b,A0683,B0432,1997-02-17,1938-01-28,0,Gail,Geoffrey,0,White,White,3,B0 0AD,W23 9BZ,0,0
-20.018270801566477,9.416719160683692e-07,hospital_a,hospital_b,A0685,B0769,1971-02-19,1989-04-30,0,Sheila,Philip,0,Jones,Jones,3,G2 8ZB,BR8E 9XY,0,0
-20.018270801566477,9.416719160683692e-07,hospital_a,hospital_b,A0686,B0772,1953-03-19,2003-01-31,0,Irnee,Rebecca,0,Smith,Smith,3,RH5 5WL,BH5B 7DS,0,0
-20.018270801566477,9.416719160683692e-07,hospital_a,hospital_b,A0687,B0399,1957-12-03,2004-04-29,0,Irene,Clifford,0,Parker,Parker,3,S087BS,SE8 2YU,0,0
-20.018270801566477,9.416719160683692e-07,hospital_a,hospital_b,A0688,B0005,1954-10-31,2001-12-10,0,Malcolm,aMx,0,Collins,Collins,3,E6 8EX,N3S 6TF,0,0
-20.018270801566477,9.416719160683692e-07,hospital_a,hospital_b,A0689,B0596,1999-06-26,1944-08-31,0,Sam,Geoffrey,0,Brown,Brown,3,CO5Y 3EN,L1 5DF,0,0
-20.018270801566477,9.416719160683692e-07,hospital_a,hospital_b,A0690,B0476,1938-05-16,1953-02-09,0,Gregory,Iain,0,Taylor,Taylor,3,TN35 8GN,HD8 0QS,0,0
-20.018270801566477,9.416719160683692e-07,hospital_a,hospital_b,A0692,B0284,1969-05-02,1947-06-05,0,Grace,Glen,0,Murphy,Murphy,3,B9 3YD,M22 2JE,0,0
-20.018270801566477,9.416719160683692e-07,hospital_a,hospital_b,A0694,B0234,1978-11-17,1937-03-12,0,Georgina,Kenneth,0,Clarke,Clarke,3,L6 7UL,M9K 9JJ,0,0
-20.018270801566477,9.416719160683692e-07,hospital_a,hospital_b,A0697,B0107,1989-10-28,1937-03-14,0,Paula,Sally,0,Miles,Miles,3,RG0 3UR,NR1 6AN,0,0
-20.018270801566477,9.416719160683692e-07,hospital_a,hospital_b,A0700,B0404,1970-02-04,1956-09-17,0,Glenn,Gregoyr,0,Burns,Burns,3,NR8E0HJ,B96 4WB,0,0
-20.018270801566477,9.416719160683692e-07,hospital_a,hospital_b,A0702,B0224,1984-08-16,1997-04-18,0,Grcae,Julian,0,Morris,Morris,3,CA84 8QY,S0 8BP,0,0
-20.018270801566477,9.416719160683692e-07,hospital_a,hospital_b,A0707,B0309,2006-10-19,1988-11-25,0,William,Damian,0,Clark,Clark,3,MK31 3ZP,M7 3ZE,0,0
-20.018270801566477,9.416719160683692e-07,hospital_a,hospital_b,A0709,B0779,1968-01-23,1964-03-19,0,Kevin,Brian,0,Edwards,Edwards,3,S62 5AX,MK48 6QG,0,0
-20.018270801566477,9.416719160683692e-07,hospital_a,hospital_b,A0713,B0556,2003-09-09,1954-10-02,0,Sheila,Melissa,0,Scott,Scott,3,EX6W 1WG,N65 9BR,0,0
-20.018270801566477,9.416719160683692e-07,hospital_a,hospital_b,A0715,B0234,1999-09-15,1937-03-12,0,Eileen,Kenneth,0,Clarke,Clarke,3,WD91NQ,M9K 9JJ,0,0
-20.018270801566477,9.416719160683692e-07,hospital_a,hospital_b,A0716,B0772,1974-12-29,2003-01-31,0,Antony,Rebecca,0,Smith,Smith,3,IP73 0ZT,BH5B 7DS,0,0
-20.018270801566477,9.416719160683692e-07,hospital_a,hospital_b,A0725,B0284,1980-03-25,1947-06-05,0,Edwrad,Glen,0,Murphy,Murphy,3,W8 9FU,M22 2JE,0,0
-20.018270801566477,9.416719160683692e-07,hospital_a,hospital_b,A0731,B0241,1957-07-16,1999-09-07,0,Leah,Grace,0,Bailey,Bailey,3,B6 1WJ,PR8 0GF,0,0
-20.018270801566477,9.416719160683692e-07,hospital_a,hospital_b,A0733,B0416,1997-09-09,1951-05-23,0,Denise,Russell,0,Warren,Warren,3,LE6X 1RB,DL9 2TJ,0,0
-20.018270801566477,9.416719160683692e-07,hospital_a,hospital_b,A0735,B0632,1945-10-14,1981-01-21,0,Damian,Charlotte,0,Fisher,Fisher,3,N53 5XN,G2 1UW,0,0
-20.018270801566477,9.416719160683692e-07,hospital_a,hospital_b,A0736,B0069,2004-01-16,1938-06-25,0,Lisa,Alan,0,Harris,Harris,3,N4W 9UZ,B54 8UL,0,0
-20.018270801566477,9.416719160683692e-07,hospital_a,hospital_b,A0738,B0772,1974-05-03,2003-01-31,0,eJffrey,Rebecca,0,Smith,Smith,3,B3 4NJ,BH5B 7DS,0,0
-20.018270801566477,9.416719160683692e-07,hospital_a,hospital_b,A0739,B0596,1946-03-05,1944-08-31,0,oClin,Geoffrey,0,Brown,Brown,3,G9T 0DN,L1 5DF,0,0
-20.018270801566477,9.416719160683692e-07,hospital_a,hospital_b,A0740,B0311,1978-08-10,2000-04-09,0,Jaek,Joel,0,Kelly,Kelly,3,E20FF,RG56 4DU,0,0
-20.018270801566477,9.416719160683692e-07,hospital_a,hospital_b,A0742,B0545,1959-02-16,1981-08-04,0,John,Lawrence,0,Allen,Allen,3,G94 2AY,BS9B 8GW,0,0
-20.018270801566477,9.416719160683692e-07,hospital_a,hospital_b,A0746,B0526,2001-07-26,1974-08-23,0,Andrwe,eLon,0,Richards,Richards,3,ME97 6NZ,B59 3SL,0,0
-20.018270801566477,9.416719160683692e-07,hospital_a,hospital_b,A0748,B0132,1975-01-09,1939-05-01,0,Mary,aCroline,0,Lewis,Lewis,3,E5H 2YA,G5C 1YE,0,0
17.53402081439428,0.9999947309599222,hospital_a,hospital_b,A0749,B0755,1952-01-06,1952-01-06,1,lAexander,Alxeander,2,Hall,Hall,3,B48LU,B48LU,1,0
-20.018270801566477,9.416719160683692e-07,hospital_a,hospital_b,A0760,B0633,1979-06-06,1958-09-05,0,Ruth,Ann,0,Thomas,Thomas,3,SN49 6XJ,BB35 7ZJ,0,0
-20.018270801566477,9.416719160683692e-07,hospital_a,hospital_b,A0761,B0504,1942-09-29,1944-07-13,0,Carl,Marcsu,0,Moore,Moore,3,G59 6LX,S5K 9UH,0,0
-20.018270801566477,9.416719160683692e-07,hospital_a,hospital_b,A0762,B0602,1945-04-26,1958-12-17,0,Luke,Natalie,0,Shaw,Shaw,3,IV7 8TZ,LL77 2RS,0,0
-20.018270801566477,9.416719160683692e-07,hospital_a,hospital_b,A0764,B0596,1947-05-15,1944-08-31,0,Beth,Geoffrey,0,Brown,Brown,3,SY4 2LE,L1 5DF,0,0
-20.018270801566477,9.416719160683692e-07,hospital_a,hospital_b,A0769,B0772,1962-06-20,2003-01-31,0,Rosemary,Rebecca,0,Smith,Smith,3,S70AZ,BH5B 7DS,0,0
-20.018270801566477,9.416719160683692e-07,hospital_a,hospital_b,A0771,B0009,1949-04-27,2003-02-04,0,Stnaley,Mary,0,Arnold,Arnold,3,B6C 5LR,SM3Y 6QT,0,0
-20.018270801566477,9.416719160683692e-07,hospital_a,hospital_b,A0773,B0360,1980-01-20,1978-02-27,0,Aaron,Jordan,0,Miller,Miller,3,BB11 4ED,M2F 0LF,0,0
-20.018270801566477,9.416719160683692e-07,hospital_a,hospital_b,A0774,B0645,1970-05-30,1961-11-23,0,Goergia,Alan,0,Robinson,Robinson,3,NW23 2YZ,E21 4DW,0,0
-20.018270801566477,9.416719160683692e-07,hospital_a,hospital_b,A0776,B0645,2004-06-27,1961-11-23,0,Lauar,Alan,0,Robinson,Robinson,3,M218PL,E21 4DW,0,0
-20.018270801566477,9.416719160683692e-07,hospital_a,hospital_b,A0777,B0376,1998-10-14,1959-04-12,0,Declna,Louise,0,Cox,Cox,3,E2 2TN,HD0 4AJ,0,0
22.986540461169,0.9999998796733648,hospital_a,hospital_b,A0780,B0779,1964-03-19,1964-03-19,1,Brian,Brian,3,Edwards,Edwards,3,MK48 6QG,MK48 6QG,1,0
-20.018270801566477,9.416719160683692e-07,hospital_a,hospital_b,A0786,B0526,1962-02-04,1974-08-23,0,Zoe,eLon,0,Richards,Richards,3,L6G4XF,B59 3SL,0,0
-20.018270801566477,9.416719160683692e-07,hospital_a,hospital_b,A0787,B0516,1944-07-08,1947-04-04,0,Hazel,Joanne,0,Wright,Wright,3,G6 7WY,M989FF,0,0
-20.018270801566477,9.416719160683692e-07,hospital_a,hospital_b,A0788,B0021,1958-03-25,2000-06-22,0,Rebecca,Abdul,0,Goodwin,Goodwin,3,W7 4DF,G2 6FH,0,0
-20.018270801566477,9.416719160683692e-07,hospital_a,hospital_b,A0789,B0779,1964-09-08,1964-03-19,0,Tina,Brian,0,Edwards,Edwards,3,S422ZU,MK48 6QG,0,0
-20.018270801566477,9.416719160683692e-07,hospital_a,hospital_b,A0791,B0005,1964-06-06,2001-12-10,0,Adam,aMx,0,Collins,Collins,3,ZE5P 0TG,N3S 6TF,0,0
-20.018270801566477,9.416719160683692e-07,hospital_a,hospital_b,A0796,B0429,1994-06-25,1945-09-10,0,Reeec,Lewis,0,Nelson,Nelson,3,L1 4PB,NR1 1TP,0,0
-20.018270801566477,9.416719160683692e-07,hospital_a,hospital_b,A0797,B0021,1941-02-15,2000-06-22,0,Jamsine,Abdul,0,Goodwin,Goodwin,3,CW39 0ZB,G2 6FH,0,0
-20.018270801566477,9.416719160683692e-07,hospital_a,hospital_b,A0801,B0399,1961-02-11,2004-04-29,0,Georgina,Clifford,0,Parker,Parker,3,PE5X 3DB,SE8 2YU,0,0
-20.018270801566477,9.416719160683692e-07,hospital_a,hospital_b,A0802,B0602,1966-07-23,1958-12-17,0,Ryan,Natalie,0,Shaw,Shaw,3,M1B9EJ,LL77 2RS,0,0
-20.018270801566477,9.416719160683692e-07,hospital_a,hospital_b,A0805,B0457,1983-07-29,1983-10-12,0,Benjamin,Grgeory,0,Johnson,Johnson,3,G3U 4PE,LU4 4AT,0,0
-20.018270801566477,9.416719160683692e-07,hospital_a,hospital_b,A0806,B0360,1974-10-11,1978-02-27,0,Kim,Jordan,0,Miller,Miller,3,ML43 2ED,M2F 0LF,0,0
-20.018270801566477,9.416719160683692e-07,hospital_a,hospital_b,A0808,B0046,1973-04-16,2004-08-03,0,Clare,Snadra,0,Middleton,Middleton,3,M70ZF,NP6W 6EU,0,0
-20.018270801566477,9.416719160683692e-07,hospital_a,hospital_b,A0811,B0175,1962-09-09,1958-03-14,0,Joseph,Rita,0,French,French,3,W28 5NB,NR3H 9NQ,0,0
-20.018270801566477,9.416719160683692e-07,hospital_a,hospital_b,A0813,B0633,1991-12-29,1958-09-05,0,Gordon,Ann,0,Thomas,Thomas,3,E65 6LR,BB35 7ZJ,0,0
-20.018270801566477,9.416719160683692e-07,hospital_a,hospital_b,A0818,B0116,1997-05-06,1958-02-22,0,Oliver,Graham,0,Davies,Davies,3,WV0V 9ZE,M12 2WR,0,0
-20.018270801566477,9.416719160683692e-07,hospital_a,hospital_b,A0820,B0447,2006-11-01,1938-10-10,0,Caorl,Timothy,0,Day,Day,3,IG7 9LU,G1 6JG,0,0
-20.018270801566477,9.416719160683692e-07,hospital_a,hospital_b,A0821,B0556,1955-01-21,1954-10-02,0,Megan,Melissa,0,Scott,Scott,3,SS98 1SH,N65 9BR,0,0
-20.018270801566477,9.416719160683692e-07,hospital_a,hospital_b,A0822,B0139,1957-08-24,1940-10-03,0,Marain,Garry,0,Bell,Bell,3,N2 9FP,L7 1PE,0,0
-20.018270801566477,9.416719160683692e-07,hospital_a,hospital_b,A0827,B0432,1939-10-21,1938-01-28,0,Nathan,Geoffrey,0,White,White,3,N28DA,W23 9BZ,0,0
-20.018270801566477,9.416719160683692e-07,hospital_a,hospital_b,A0829,B0475,1987-01-20,2002-04-21,0,Brenda,Gordon,0,Ward,Ward,3,S2T9GY,L19 3SX,0,0
-20.018270801566477,9.416719160683692e-07,hospital_a,hospital_b,A0831,B0769,1941-12-21,1989-04-30,0,Josuha,Philip,0,Jones,Jones,3,W0 6ZU,BR8E 9XY,0,0
-20.018270801566477,9.416719160683692e-07,hospital_a,hospital_b,A0833,B0645,2005-09-01,1961-11-23,0,Rhys,Alan,0,Robinson,Robinson,3,CV2E 1ZN,E21 4DW,0,0
-20.018270801566477,9.416719160683692e-07,hospital_a,hospital_b,A0841,B0297,1977-06-29,1955-08-13,0,Ellie,Diane,0,Wood,Wood,3,DE3 2BG,TD9W 6QU,0,0
-20.018270801566477,9.416719160683692e-07,hospital_a,hospital_b,A0842,B0769,1987-03-09,1989-04-30,0,lGen,Philip,0,Jones,Jones,3,G6 6NN,BR8E 9XY,0,0
-20.018270801566477,9.416719160683692e-07,hospital_a,hospital_b,A0843,B0357,1937-09-30,1997-06-24,0,Rcahel,Grace,0,Marshall,Marshall,3,BD0 3QP,N9E5GE,0,0
-20.018270801566477,9.416719160683692e-07,hospital_a,hospital_b,A0844,B0755,1984-07-07,1952-01-06,0,Shaun,Alxeander,0,Hall,Hall,3,GU31 9NW,B48LU,0,0
-20.018270801566477,9.416719160683692e-07,hospital_a,hospital_b,A0846,B0545,1954-12-19,1981-08-04,0,Eric,Lawrence,0,Allen,Allen,3,EX08 2JB,BS9B 8GW,0,0
-20.018270801566477,9.416719160683692e-07,hospital_a,hospital_b,A0847,B0769,1978-01-12,1989-04-30,0,oTm,Philip,0,Jones,Jones,3,B30 4LY,BR8E 9XY,0,0
-20.018270801566477,9.416719160683692e-07,hospital_a,hospital_b,A0002,B0099,1995-10-31,1991-11-24,0,Jason,Shane,0,Fisher,Fisher,3,N9D 0JN,LL85 4QW,0,0
17.53402081439428,0.9999947309599222,hospital_a,hospital_b,A0004,B0007,1946-10-30,1946-10-30,1,Ntahan,Nathan,2,Harris,Harris,3,M8 8EN,M8 8EN,1,0
-20.018270801566477,9.416719160683692e-07,hospital_a,hospital_b,A0013,B0554,1994-03-15,1997-10-13,0,Molly,Gillian,0,Robinson,Robinson,3,B8E2LE,W2W 4UU,0,0
-20.018270801566477,9.416719160683692e-07,hospital_a,hospital_b,A0014,B0745,2001-07-31,1974-05-03,0,Wedny,Jeffrye,0,Smith,Smith,3,E6 0AP,B3 4NJ,0,0
22.986540461169,0.9999998796733648,hospital_a,hospital_b,A0017,B0015,1983-06-20,1983-06-20,1,Julian,Julian,3,Wilson,Wilson,3,HP41 5WR,HP41 5WR,1,0
-20.018270801566477,9.416719160683692e-07,hospital_a,hospital_b,A0018,B0189,1959-02-04,1973-02-01,0,Dylan,Lkue,0,King,King,3,GY8E 6RG,IP7 0BP,0,0
-20.018270801566477,9.416719160683692e-07,hospital_a,hospital_b,A0019,B0774,1984-08-08,1965-03-31,0,Natalie,Tracy,0,Williams,Williams,3,W2S 4WZ,TQ6 2AN,0,0
22.986540461169,0.9999998796733648,hospital_a,hospital_b,A0020,B0019,1999-12-21,1999-12-21,1,Liam,Liam,3,Murphy,Murphy,3,L6H 3FA,L6H 3FA,1,0
-20.018270801566477,9.416719160683692e-07,hospital_a,hospital_b,A0022,B0689,2004-02-08,1971-02-19,0,Jessica,Shelia,0,Jones,Jones,3,SY6 8XZ,G2 8ZB,0,0
-20.018270801566477,9.416719160683692e-07,hospital_a,hospital_b,A0023,B0554,1974-04-10,1997-10-13,0,Scott,Gillian,0,Robinson,Robinson,3,PE90 6FT,W2W 4UU,0,0
-20.018270801566477,9.416719160683692e-07,hospital_a,hospital_b,A0025,B0649,1995-07-25,1993-08-07,0,Pamela,Gerard,0,Hall,Hall,3,M5W 1LT,SY6V8TW,0,0
-20.018270801566477,9.416719160683692e-07,hospital_a,hospital_b,A0027,B0007,1964-10-20,1946-10-30,0,Colin,Nathan,0,Harris,Harris,3,M95 8WQ,M8 8EN,0,0
2.9866198006579197,0.8879695849880381,hospital_a,hospital_b,A0033,B0033,2008-04-02,2008-04-02,1,Ktae,Kate,2,Watson,Watson,3,UB4W 2UW,UB4W2UW,0,0
-20.018270801566477,9.416719160683692e-07,hospital_a,hospital_b,A0034,B0057,1997-11-24,1999-09-03,0,Danny,uLcy,0,Davies,Davies,3,KA7 6XB,RH9N 2TD,0,0
-20.018270801566477,9.416719160683692e-07,hospital_a,hospital_b,A0036,B0503,1965-01-24,1949-05-06,0,Lynn,Teresa,0,Brown,Brown,3,E71 7NW,UB6 5ZR,0,0
-20.018270801566477,9.416719160683692e-07,hospital_a,hospital_b,A0038,B0745,1963-03-29,1974-05-03,0,Amelia,Jeffrye,0,Smith,Smith,3,BH57 6FU,B3 4NJ,0,0
-20.018270801566477,9.416719160683692e-07,hospital_a,hospital_b,A0042,B0424,1992-02-06,1937-06-26,0,Anna,Marilyn,0,Taylor,Taylor,3,W4 9QJ,CT1 1AY,0,0
-20.018270801566477,9.416719160683692e-07,hospital_a,hospital_b,A0047,B0092,1951-01-18,1977-11-08,0,Andrea,Gail,0,Martin,Martin,3,N29 4FF,W0 2WS,0,0
-20.018270801566477,9.416719160683692e-07,hospital_a,hospital_b,A0056,B0503,1958-12-28,1949-05-06,0,Carol,Teresa,0,Brown,Brown,3,W5B 1JS,UB6 5ZR,0,0
22.986540461169,0.9999998796733648,hospital_a,hospital_b,A0058,B0057,1999-09-03,1999-09-03,1,uLcy,uLcy,3,Davies,Davies,3,RH9N 2TD,RH9N 2TD,1,0
-20.018270801566477,9.416719160683692e-07,hospital_a,hospital_b,A0062,B0057,1995-10-19,1999-09-03,0,Scott,uLcy,0,Davies,Davies,3,SL8B8QA,RH9N 2TD,0,0
2.9866198006579197,0.8879695849880381,hospital_a,hospital_b,A0066,B0066,1946-03-13,1946-03-13,1,oDuglas,Doulgas,2,Stevens,Stevens,3,PL8P4JN,PL8P 4JN,0,0
-20.018270801566477,9.416719160683692e-07,hospital_a,hospital_b,A0067,B0714,1956-07-18,1968-01-23,0,Cameron,Kvein,0,Edwards,Edwards,3,N3 2DW,S62 5AX,0,0
-20.018270801566477,9.416719160683692e-07,hospital_a,hospital_b,A0068,B0007,1938-06-25,1946-10-30,0,Alan,Nathan,0,Harris,Harris,3,B54 8UL,M8 8EN,0,0
-20.018270801566477,9.416719160683692e-07,hospital_a,hospital_b,A0070,B0714,1947-06-13,1968-01-23,0,Mandy,Kvein,0,Edwards,Edwards,3,HS70 9SL,S62 5AX,0,0
-20.018270801566477,9.416719160683692e-07,hospital_a,hospital_b,A0074,B0220,1969-05-27,1984-07-09,0,Anrdea,Kmi,0,Allen,Allen,3,G9B4RU,SG6B 2XR,0,0
17.53402081439428,0.9999947309599222,hospital_a,hospital_b,A0075,B0074,1995-10-21,1995-10-21,1,eLigh,Leigh,2,Clarke,Clarke,3,G2G 1WF,G2G 1WF,1,0
-20.018270801566477,9.416719160683692e-07,hospital_a,hospital_b,A0083,B0745,1977-01-30,1974-05-03,0,Gail,Jeffrye,0,Smith,Smith,3,CH3A 5SF,B3 4NJ,0,0
-20.018270801566477,9.416719160683692e-07,hospital_a,hospital_b,A0086,B0745,1970-04-04,1974-05-03,0,Abbie,Jeffrye,0,Smith,Smith,3,M84 1ZY,B3 4NJ,0,0
22.986540461169,0.9999998796733648,hospital_a,hospital_b,A0095,B0094,1985-02-14,1985-02-14,1,Gemma,Gemma,3,Patel,Patel,3,WR8E 1GX,WR8E 1GX,1,0
-20.018270801566477,9.416719160683692e-07,hospital_a,hospital_b,A0097,B0774,1974-09-08,1965-03-31,0,Joanne,Tracy,0,Williams,Williams,3,G8 3YP,TQ6 2AN,0,0
17.53402081439428,0.9999947309599222,hospital_a,hospital_b,A0098,B0097,2001-10-30,2001-10-30,1,Marei,Marie,2,Shaw,Shaw,3,SK6V 0QR,SK6V 0QR,1,0
-20.018270801566477,9.416719160683692e-07,hospital_a,hospital_b,A0100,B0094,1979-06-12,1985-02-14,0,Max,Gemma,0,Patel,Patel,3,E3 7HP,WR8E 1GX,0,0
17.53402081439428,0.9999947309599222,hospital_a,hospital_b,A0101,B0099,1991-11-24,1991-11-24,1,Shnae,Shane,2,Fisher,Fisher,3,LL85 4QW,LL85 4QW,1,0
-20.018270801566477,9.416719160683692e-07,hospital_a,hospital_b,A0102,B0745,2003-07-10,1974-05-03,0,Anrdew,Jeffrye,0,Smith,Smith,3,S4C 5JR,B3 4NJ,0,0
-20.018270801566477,9.416719160683692e-07,hospital_a,hospital_b,A0103,B0689,2002-03-21,1971-02-19,0,Janice,Shelia,0,Jones,Jones,3,B8A0AS,G2 8ZB,0,0
-20.018270801566477,9.416719160683692e-07,hospital_a,hospital_b,A0104,B0501,1983-12-16,1962-05-31,0,Darren,Brandon,0,Richards,Richards,3,W7A 8XS,DA2M 9QW,0,0
-20.018270801566477,9.416719160683692e-07,hospital_a,hospital_b,A0111,B0490,1959-05-04,1989-08-13,0,Jessica,Owen,0,Roberts,Roberts,3,KY9 4PZ,E52 4TW,0,0
-20.018270801566477,9.416719160683692e-07,hospital_a,hospital_b,A0112,B0094,1994-11-21,1985-02-14,0,Vicotr,Gemma,0,Patel,Patel,3,HX19 9XG,WR8E 1GX,0,0
-20.018270801566477,9.416719160683692e-07,hospital_a,hospital_b,A0119,B0057,1958-02-22,1999-09-03,0,Graham,uLcy,0,Davies,Davies,3,M12 2WR,RH9N 2TD,0,0
-20.018270801566477,9.416719160683692e-07,hospital_a,hospital_b,A0125,B0006,1961-08-05,1938-09-21,0,Henry,Valerie,0,Green,Green,3,N26NJ,G2 9DR,0,0
-20.018270801566477,9.416719160683692e-07,hospital_a,hospital_b,A0126,B0134,1960-05-13,1965-03-20,0,John,Derek,0,Bailey,Bailey,3,S2 1JR,N05 6NE,0,0
-20.018270801566477,9.416719160683692e-07,hospital_a,hospital_b,A0127,B0498,1979-11-02,1950-06-11,0,Melanie,Neil,0,Moore,Moore,3,W53 6ZT,PE31 6ZU,0,0
22.986540461169,0.9999998796733648,hospital_a,hospital_b,A0128,B0128,1973-11-06,1973-11-06,1,Kim,Kim,3,Wright,Wright,3,N5 6YS,N5 6YS,1,0
-20.018270801566477,9.416719160683692e-07,hospital_a,hospital_b,A0129,B0066,2002-08-19,1946-03-13,0,Marucs,Doulgas,0,Stevens,Stevens,3,MK48 6RD,PL8P 4JN,0,0
22.986540461169,0.9999998796733648,hospital_a,hospital_b,A0132,B0134,1965-03-20,1965-03-20,1,Derek,Derek,3,Bailey,Bailey,3,N05 6NE,N05 6NE,1,0
8.439139447432636,0.9971271270496563,hospital_a,hospital_b,A0135,B0137,1991-07-09,1991-07-09,1,Paula,Paula,3,Evans,Evans,3,HA741GN,HA74 1GN,0,0
-20.018270801566477,9.416719160683692e-07,hospital_a,hospital_b,A0137,B0066,1948-12-11,1946-03-13,0,Owen,Doulgas,0,Stevens,Stevens,3,LD2 9ZZ,PL8P 4JN,0,0
-20.018270801566477,9.416719160683692e-07,hospital_a,hospital_b,A0148,B0689,1983-07-16,1971-02-19,0,Megan,Shelia,0,Jones,Jones,3,S2 6QG,G2 8ZB,0,0
-20.018270801566477,9.416719160683692e-07,hospital_a,hospital_b,A0150,B0057,1980-07-24,1999-09-03,0,Alexadnra,uLcy,0,Davies,Davies,3,W2 3HF,RH9N 2TD,0,0
-20.018270801566477,9.416719160683692e-07,hospital_a,hospital_b,A0152,B0097,1999-05-16,2001-10-30,0,Paula,Marie,0,Shaw,Shaw,3,IP7 0GL,SK6V 0QR,0,0
-20.018270801566477,9.416719160683692e-07,hospital_a,hospital_b,A0153,B0424,1995-03-21,1937-06-26,0,Georgia,Marilyn,0,Taylor,Taylor,3,G1E 2WY,CT1 1AY,0,0
-20.018270801566477,9.416719160683692e-07,hospital_a,hospital_b,A0159,B0383,1958-02-28,1994-11-18,0,uJlia,Tohmas,0,Scott,Scott,3,B7 3GY,E1 8SN,0,0
-20.018270801566477,9.416719160683692e-07,hospital_a,hospital_b,A0162,B0181,1942-09-04,1937-01-31,0,Keith,Sheila,0,Wood,Wood,3,RM3 4LT,N8U 7BN,0,0
-20.018270801566477,9.416719160683692e-07,hospital_a,hospital_b,A0163,B0299,1947-09-24,1971-01-27,0,Ashley,Billy,0,Adams,Adams,3,YO7 1QP,NP50SE,0,0
-20.018270801566477,9.416719160683692e-07,hospital_a,hospital_b,A0165,B0774,1977-02-11,1965-03-31,0,Kelly,Tracy,0,Williams,Williams,3,W71UA,TQ6 2AN,0,0
-20.018270801566477,9.416719160683692e-07,hospital_a,hospital_b,A0172,B0394,1990-03-24,1989-11-30,0,Billy,Rhys,0,Lloyd,Lloyd,3,W8W 1QT,SA0N 2RS,0,0
22.986540461169,0.9999998796733648,hospital_a,hospital_b,A0173,B0181,1937-01-31,1937-01-31,1,Sheila,Sheila,3,Wood,Wood,3,N8U 7BN,N8U 7BN,1,0
-20.018270801566477,9.416719160683692e-07,hospital_a,hospital_b,A0174,B0395,1950-11-05,1964-10-10,0,Vanessa,Kieran,0,Johnson,Johnson,3,KW1H 1FA,E3 7NZ,0,0
-20.018270801566477,9.416719160683692e-07,hospital_a,hospital_b,A0176,B0265,1967-03-27,1982-07-31,0,Lawrence,Sylvia,0,Miller,Miller,3,UB07 8JF,E24 7DT,0,0
-20.018270801566477,9.416719160683692e-07,hospital_a,hospital_b,A0177,B0057,1976-09-11,1999-09-03,0,Jeremy,uLcy,0,Davies,Davies,3,W8 4DL,RH9N 2TD,0,0
-20.018270801566477,9.416719160683692e-07,hospital_a,hospital_b,A0178,B0689,1959-04-03,1971-02-19,0,Elloitt,Shelia,0,Jones,Jones,3,HA9E 5SG,G2 8ZB,0,0
-20.018270801566477,9.416719160683692e-07,hospital_a,hospital_b,A0181,B0299,1997-03-09,1971-01-27,0,Mark,Billy,0,Adams,Adams,3,G8C 2GY,NP50SE,0,0
17.53402081439428,0.9999947309599222,hospital_a,hospital_b,A0182,B0189,1973-02-01,1973-02-01,1,Luke,Lkue,2,King,King,3,IP7 0BP,IP7 0BP,1,0
-20.018270801566477,9.416719160683692e-07,hospital_a,hospital_b,A0186,B0338,1993-04-16,1965-02-10,0,Victoria,Terence,0,Foster,Foster,3,M25 9YD,N9 0WF,0,0
-20.018270801566477,9.416719160683692e-07,hospital_a,hospital_b,A0195,B0498,1991-06-29,1950-06-11,0,Gmema,Neil,0,Moore,Moore,3,TF7 9AU,PE31 6ZU,0,0
-20.018270801566477,9.416719160683692e-07,hospital_a,hospital_b,A0196,B0294,1954-07-04,1948-10-18,0,John,Claire,0,Harrison,Harrison,3,CA6 1XG,CF2N 6HW,0,0
-20.018270801566477,9.416719160683692e-07,hospital_a,hospital_b,A0197,B0015,1996-03-26,1983-06-20,0,Russell,Julian,0,Wilson,Wilson,3,N2U 1DU,HP41 5WR,0,0
-20.018270801566477,9.416719160683692e-07,hospital_a,hospital_b,A0198,B0134,1984-06-29,1965-03-20,0,Charlene,Derek,0,Bailey,Bailey,3,PA159LG,N05 6NE,0,0
-20.018270801566477,9.416719160683692e-07,hospital_a,hospital_b,A0199,B0294,1962-06-18,1948-10-18,0,aSmantha,Claire,0,Harrison,Harrison,3,FY729JE,CF2N 6HW,0,0
-20.018270801566477,9.416719160683692e-07,hospital_a,hospital_b,A0210,B0137,1939-01-31,1991-07-09,0,Joe,Paula,0,Evans,Evans,3,DN1H 5AG,HA74 1GN,0,0
-20.018270801566477,9.416719160683692e-07,hospital_a,hospital_b,A0211,B0745,1938-03-01,1974-05-03,0,Aaron,Jeffrye,0,Smith,Smith,3,LA8M 3YG,B3 4NJ,0,0
22.986540461169,0.9999998796733648,hospital_a,hospital_b,A0215,B0220,1984-07-09,1984-07-09,1,Kmi,Kmi,3,Allen,Allen,3,SG6B 2XR,SG6B 2XR,1,0
-20.018270801566477,9.416719160683692e-07,hospital_a,hospital_b,A0219,B0006,1966-10-25,1938-09-21,0,Leanne,Valerie,0,Green,Green,3,CT25 7YB,G2 9DR,0,0
-20.018270801566477,9.416719160683692e-07,hospital_a,hospital_b,A0221,B0383,1980-04-07,1994-11-18,0,Leslie,Tohmas,0,Scott,Scott,3,PR27 3HQ,E1 8SN,0,0
-20.018270801566477,9.416719160683692e-07,hospital_a,hospital_b,A0222,B0490,1957-07-22,1989-08-13,0,Annette,Owen,0,Roberts,Roberts,3,BA53 3XW,E52 4TW,0,0
-20.018270801566477,9.416719160683692e-07,hospital_a,hospital_b,A0224,B0745,1946-06-07,1974-05-03,0,Helen,Jeffrye,0,Smith,Smith,3,PL5 8FH,B3 4NJ,0,0
-20.018270801566477,9.416719160683692e-07,hospital_a,hospital_b,A0226,B0074,1937-03-12,1995-10-21,0,Kenneth,Leigh,0,Clarke,Clarke,3,M9K 9JJ,G2G 1WF,0,0
-20.018270801566477,9.416719160683692e-07,hospital_a,hospital_b,A0236,B0536,1960-10-22,1979-10-02,0,Amy,Edward,0,Thomas,Thomas,3,DN0X 4LD,M1T 1FW,0,0
-20.018270801566477,9.416719160683692e-07,hospital_a,hospital_b,A0241,B0498,1942-10-03,1950-06-11,0,Brenda,Neil,0,Moore,Moore,3,N8F 2NY,PE31 6ZU,0,0
-20.018270801566477,9.416719160683692e-07,hospital_a,hospital_b,A0245,B0649,1978-05-24,1993-08-07,0,Stcaey,Gerard,0,Hall,Hall,3,L826DP,SY6V8TW,0,0
-20.018270801566477,9.416719160683692e-07,hospital_a,hospital_b,A0247,B0774,1950-09-13,1965-03-31,0,Margaret,Tracy,0,Williams,Williams,3,W23 5SF,TQ6 2AN,0,0
-20.018270801566477,9.416719160683692e-07,hospital_a,hospital_b,A0252,B0745,1980-03-27,1974-05-03,0,Ricky,Jeffrye,0,Smith,Smith,3,WF4 1ZG,B3 4NJ,0,0
17.53402081439428,0.9999947309599222,hospital_a,hospital_b,A0261,B0271,1939-12-14,1939-12-14,1,Rnoald,Ronald,2,Lee,Lee,3,E71HS,E71HS,1,0
-20.018270801566477,9.416719160683692e-07,hospital_a,hospital_b,A0265,B0774,1959-09-08,1965-03-31,0,Ryhs,Tracy,0,Williams,Williams,3,BH10 2AU,TQ6 2AN,0,0
-20.018270801566477,9.416719160683692e-07,hospital_a,hospital_b,A0266,B0745,1965-05-27,1974-05-03,0,Nigel,Jeffrye,0,Smith,Smith,3,S319UB,B3 4NJ,0,0
-20.018270801566477,9.416719160683692e-07,hospital_a,hospital_b,A0269,B0554,1938-03-17,1997-10-13,0,Helen,Gillian,0,Robinson,Robinson,3,SS80 8RU,W2W 4UU,0,0
-20.018270801566477,9.416719160683692e-07,hospital_a,hospital_b,A0273,B0294,1971-07-08,1948-10-18,0,Nathan,Claire,0,Harrison,Harrison,3,B46 7QS,CF2N 6HW,0,0
8.439139447432636,0.9971271270496563,hospital_a,hospital_b,A0274,B0283,1982-06-12,1982-06-12,1,Rosemary,Rosemary,3,Ward,Ward,3,LU97NY,LU9 7NY,0,0
22.986540461169,0.9999998796733648,hospital_a,hospital_b,A0286,B0294,1948-10-18,1948-10-18,1,Claire,Claire,3,Harrison,Harrison,3,CF2N 6HW,CF2N 6HW,1,0
-20.018270801566477,9.416719160683692e-07,hospital_a,hospital_b,A0287,B0181,1941-04-15,1937-01-31,0,Nicole,Sheila,0,Wood,Wood,3,CH64 9NT,N8U 7BN,0,0
-20.018270801566477,9.416719160683692e-07,hospital_a,hospital_b,A0289,B0181,1955-08-13,1937-01-31,0,Diane,Sheila,0,Wood,Wood,3,TD9W 6QU,N8U 7BN,0,0
8.439139447432636,0.9971271270496563,hospital_a,hospital_b,A0290,B0299,1971-01-27,1971-01-27,1,Billy,Billy,3,Adams,Adams,3,NP5 0SE,NP50SE,0,0
22.986540461169,0.9999998796733648,hospital_a,hospital_b,A0295,B0304,2008-01-04,2008-01-04,1,Arthur,Arthur,3,Parker,Parker,3,TR39 9EY,TR39 9EY,1,0
-20.018270801566477,9.416719160683692e-07,hospital_a,hospital_b,A0296,B0338,1964-11-29,1965-02-10,0,Jyoce,Terence,0,Foster,Foster,3,G3 3NT,N9 0WF,0,0
-20.018270801566477,9.416719160683692e-07,hospital_a,hospital_b,A0299,B0066,1955-04-29,1946-03-13,0,Cilve,Doulgas,0,Stevens,Stevens,3,EN90 8QE,PL8P 4JN,0,0
-20.018270801566477,9.416719160683692e-07,hospital_a,hospital_b,A0302,B0714,1991-04-27,1968-01-23,0,Georgia,Kvein,0,Edwards,Edwards,3,TA2W 5TU,S62 5AX,0,0
-20.018270801566477,9.416719160683692e-07,hospital_a,hospital_b,A0304,B0745,1942-03-28,1974-05-03,0,Jodie,Jeffrye,0,Smith,Smith,3,B5 7QZ,B3 4NJ,0,0
8.439139447432636,0.9971271270496563,hospital_a,hospital_b,A0307,B0319,1978-01-14,1978-01-14,1,Lynne,Lynne,3,Ball,Ball,3,B8U 6DJ,B8U6DJ,0,0
-20.018270801566477,9.416719160683692e-07,hospital_a,hospital_b,A0310,B0490,1989-01-01,1989-08-13,0,Abigail,Owen,0,Roberts,Roberts,3,ZE9 5EQ,E52 4TW,0,0
-20.018270801566477,9.416719160683692e-07,hospital_a,hospital_b,A0313,B0503,1989-05-05,1949-05-06,0,Setphanie,Teresa,0,Brown,Brown,3,DD26 1SN,UB6 5ZR,0,0
-20.018270801566477,9.416719160683692e-07,hospital_a,hospital_b,A0315,B0137,1984-06-21,1991-07-09,0,Amber,Paula,0,Evans,Evans,3,SK6M 2FA,HA74 1GN,0,0
-14.44359436615754,4.487715947894868e-05,hospital_a,hospital_b,A0319,B0689,1999-10-03,1971-02-19,0,Sylvia,Shelia,1,Jones,Jones,3,SP6P 7GZ,G2 8ZB,0,0
-20.018270801566477,9.416719160683692e-07,hospital_a,hospital_b,A0323,B0745,1994-05-09,1974-05-03,0,Thomas,Jeffrye,0,Smith,Smith,3,GL81LQ,B3 4NJ,0,0
-20.018270801566477,9.416719160683692e-07,hospital_a,hospital_b,A0324,B0033,1972-12-17,2008-04-02,0,Clare,Kate,0,Watson,Watson,3,HX0R 0WD,UB4W2UW,0,0
-20.018270801566477,9.416719160683692e-07,hospital_a,hospital_b,A0325,B0554,1993-08-13,1997-10-13,0,Julai,Gillian,0,Robinson,Robinson,3,M6G5QA,W2W 4UU,0,0
-20.018270801566477,9.416719160683692e-07,hospital_a,hospital_b,A0327,B0271,1957-06-21,1939-12-14,0,Cameron,Ronald,0,Lee,Lee,3,MK10 4WQ,E71HS,0,0
22.986540461169,0.9999998796733648,hospital_a,hospital_b,A0331,B0338,1965-02-10,1965-02-10,1,Terence,Terence,3,Foster,Foster,3,N9 0WF,N9 0WF,1,0
-20.018270801566477,9.416719160683692e-07,hospital_a,hospital_b,A0334,B0006,2006-10-23,1938-09-21,0,Douglas,Valerie,0,Green,Green,3,G4C 4DF,G2 9DR,0,0
-20.018270801566477,9.416719160683692e-07,hospital_a,hospital_b,A0336,B0689,1965-01-11,1971-02-19,0,Gary,Shelia,0,Jones,Jones,3,B483XF,G2 8ZB,0,0
-20.018270801566477,9.416719160683692e-07,hospital_a,hospital_b,A0337,B0127,1947-01-25,1941-06-07,0,Denise,Louis,0,White,White,3,E4B 1FX,M0W 3WZ,0,0
-20.018270801566477,9.416719160683692e-07,hospital_a,hospital_b,A0339,B0774,1944-04-16,1965-03-31,0,Vansesa,Tracy,0,Williams,Williams,3,UB952AE,TQ6 2AN,0,0
-20.018270801566477,9.416719160683692e-07,hospital_a,hospital_b,A0345,B0094,2000-04-05,1985-02-14,0,Joshua,Gemma,0,Patel,Patel,3,BR2A 0NZ,WR8E 1GX,0,0
-20.018270801566477,9.416719160683692e-07,hospital_a,hospital_b,A0348,B0689,1979-04-30,1971-02-19,0,Sean,Shelia,0,Jones,Jones,3,IG0 0JW,G2 8ZB,0,0
-20.018270801566477,9.416719160683692e-07,hospital_a,hospital_b,A0349,B0745,1988-11-28,1974-05-03,0,Allan,Jeffrye,0,Smith,Smith,3,TS6 6GA,B3 4NJ,0,0
-20.018270801566477,9.416719160683692e-07,hospital_a,hospital_b,A0350,B0536,1937-06-13,1979-10-02,0,Rebecca,Edward,0,Thomas,Thomas,3,M23 2PX,M1T 1FW,0,0
-20.018270801566477,9.416719160683692e-07,hospital_a,hospital_b,A0356,B0424,1951-11-24,1937-06-26,0,Kieran,Marilyn,0,Taylor,Taylor,3,SW3R8YX,CT1 1AY,0,0
22.986540461169,0.9999998796733648,hospital_a,hospital_b,A0357,B0364,1937-06-24,1937-06-24,1,Barbara,Barbara,3,Davis,Davis,3,G40 5PJ,G40 5PJ,1,0
-20.018270801566477,9.416719160683692e-07,hospital_a,hospital_b,A0363,B0490,1995-11-28,1989-08-13,0,Lewis,Owen,0,Roberts,Roberts,3,G06 5PX,E52 4TW,0,0
-20.018270801566477,9.416719160683692e-07,hospital_a,hospital_b,A0364,B0503,1983-01-10,1949-05-06,0,Kyle,Teresa,0,Brown,Brown,3,S33DL,UB6 5ZR,0,0
-20.018270801566477,9.416719160683692e-07,hospital_a,hospital_b,A0365,B0745,1942-03-14,1974-05-03,0,Ronald,Jeffrye,0,Smith,Smith,3,RG6 5GP,B3 4NJ,0,0
-20.018270801566477,9.416719160683692e-07,hospital_a,hospital_b,A0377,B0424,1955-09-07,1937-06-26,0,Adrain,Marilyn,0,Taylor,Taylor,3,SY3N9UW,CT1 1AY,0,0
-20.018270801566477,9.416719160683692e-07,hospital_a,hospital_b,A0381,B0134,1997-07-04,1965-03-20,0,Hannah,Derek,0,Bailey,Bailey,3,CT4 7TF,N05 6NE,0,0
-20.018270801566477,9.416719160683692e-07,hospital_a,hospital_b,A0382,B0007,2005-11-02,1946-10-30,0,Oilvia,Nathan,0,Harris,Harris,3,N2 3BG,M8 8EN,0,0
22.986540461169,0.9999998796733648,hospital_a,hospital_b,A0383,B0395,1964-10-10,1964-10-10,1,Kieran,Kieran,3,Johnson,Johnson,3,E3 7NZ,E3 7NZ,1,0
-20.018270801566477,9.416719160683692e-07,hospital_a,hospital_b,A0387,B0304,2004-04-29,2008-01-04,0,Clifford,Arthur,0,Parker,Parker,3,SE8 2YU,TR39 9EY,0,0
-20.018270801566477,9.416719160683692e-07,hospital_a,hospital_b,A0388,B0364,1950-12-29,1937-06-24,0,Clifford,Barbara,0,Davis,Davis,3,L95 2ZS,G40 5PJ,0,0
-20.018270801566477,9.416719160683692e-07,hospital_a,hospital_b,A0392,B0689,1944-08-05,1971-02-19,0,Sophie,Shelia,0,Jones,Jones,3,G26YL,G2 8ZB,0,0
-20.018270801566477,9.416719160683692e-07,hospital_a,hospital_b,A0398,B0164,1966-07-21,1956-07-06,0,Karen,Jordan,0,Burns,Burns,3,M172FQ,NE9V6FP,0,0
-20.018270801566477,9.416719160683692e-07,hospital_a,hospital_b,A0399,B0189,2004-07-07,1973-02-01,0,Sahun,Lkue,0,King,King,3,FK1P 8UF,IP7 0BP,0,0
-20.018270801566477,9.416719160683692e-07,hospital_a,hospital_b,A0401,B0745,2000-08-17,1974-05-03,0,Samantha,Jeffrye,0,Smith,Smith,3,B00 3NU,B3 4NJ,0,0
-20.018270801566477,9.416719160683692e-07,hospital_a,hospital_b,A0402,B0774,1942-06-26,1965-03-31,0,Geraldine,Tracy,0,Williams,Williams,3,N4T 3XF,TQ6 2AN,0,0
-20.018270801566477,9.416719160683692e-07,hospital_a,hospital_b,A0404,B0498,1963-10-09,1950-06-11,0,Jacqueline,Neil,0,Moore,Moore,3,M3C 2YH,PE31 6ZU,0,0
-20.018270801566477,9.416719160683692e-07,hospital_a,hospital_b,A0405,B0536,1952-09-02,1979-10-02,0,Francis,Edward,0,Thomas,Thomas,3,G4 4BJ,M1T 1FW,0,0
-20.018270801566477,9.416719160683692e-07,hospital_a,hospital_b,A0408,B0689,1976-05-15,1971-02-19,0,Bradley,Shelia,0,Jones,Jones,3,TW24 7FJ,G2 8ZB,0,0
-20.018270801566477,9.416719160683692e-07,hospital_a,hospital_b,A0422,B0745,1999-03-14,1974-05-03,0,Barbara,Jeffrye,0,Smith,Smith,3,BH9X 3XA,B3 4NJ,0,0
-20.018270801566477,9.416719160683692e-07,hospital_a,hospital_b,A0423,B0189,1960-10-03,1973-02-01,0,Bethany,Lkue,0,King,King,3,RM87 1GE,IP7 0BP,0,0
-20.018270801566477,9.416719160683692e-07,hospital_a,hospital_b,A0424,B0127,1938-01-28,1941-06-07,0,Geoffrey,Louis,0,White,White,3,W23 9BZ,M0W 3WZ,0,0
-20.018270801566477,9.416719160683692e-07,hospital_a,hospital_b,A0431,B0745,2000-10-30,1974-05-03,0,Christian,Jeffrye,0,Smith,Smith,3,DG8 6LB,B3 4NJ,0,0
-14.44359436615754,4.487715947894868e-05,hospital_a,hospital_b,A0439,B0006,1993-11-13,1938-09-21,0,Pauline,Valerie,1,Green,Green,3,GU4N 6DX,G2 9DR,0,0
-20.018270801566477,9.416719160683692e-07,hospital_a,hospital_b,A0441,B0299,2006-07-23,1971-01-27,0,Lesley,Billy,0,Adams,Adams,3,TD71LN,NP50SE,0,0
-20.018270801566477,9.416719160683692e-07,hospital_a,hospital_b,A0443,B0774,1946-04-12,1965-03-31,0,Owen,Tracy,0,Williams,Williams,3,S8F 7LQ,TQ6 2AN,0,0
-20.018270801566477,9.416719160683692e-07,hospital_a,hospital_b,A0445,B0394,1995-06-10,1989-11-30,0,Oilver,Rhys,0,Lloyd,Lloyd,3,FK7H 3QN,SA0N 2RS,0,0
-14.44359436615754,4.487715947894868e-05,hospital_a,hospital_b,A0446,B0057,1947-06-13,1999-09-03,0,Guy,uLcy,1,Davies,Davies,3,ZE7 0US,RH9N 2TD,0,0
-20.018270801566477,9.416719160683692e-07,hospital_a,hospital_b,A0448,B0689,1961-11-16,1971-02-19,0,Cheyrl,Shelia,0,Jones,Jones,3,N48ZU,G2 8ZB,0,0
-20.018270801566477,9.416719160683692e-07,hospital_a,hospital_b,A0449,B0745,1989-05-18,1974-05-03,0,Robert,Jeffrye,0,Smith,Smith,3,HX31 6EL,B3 4NJ,0,0
-20.018270801566477,9.416719160683692e-07,hospital_a,hospital_b,A0451,B0395,1983-10-12,1964-10-10,0,Gregory,Kieran,0,Johnson,Johnson,3,LU4 4AT,E3 7NZ,0,0
-20.018270801566477,9.416719160683692e-07,hospital_a,hospital_b,A0457,B0774,1983-05-01,1965-03-31,0,Gail,Tracy,0,Williams,Williams,3,S2 2FJ,TQ6 2AN,0,0
-20.018270801566477,9.416719160683692e-07,hospital_a,hospital_b,A0458,B0189,1963-11-03,1973-02-01,0,Laura,Lkue,0,King,King,3,TR1R 6FA,IP7 0BP,0,0
-20.018270801566477,9.416719160683692e-07,hospital_a,hospital_b,A0460,B0714,1992-09-17,1968-01-23,0,Kelly,Kvein,0,Edwards,Edwards,3,TN4 1UR,S62 5AX,0,0
-20.018270801566477,9.416719160683692e-07,hospital_a,hospital_b,A0461,B0536,1997-06-25,1979-10-02,0,Joseph,Edward,0,Thomas,Thomas,3,L11 7PJ,M1T 1FW,0,0
-20.018270801566477,9.416719160683692e-07,hospital_a,hospital_b,A0465,B0338,1959-06-10,1965-02-10,0,Lee,Terence,0,Foster,Foster,3,M46 1GN,N9 0WF,0,0
-20.018270801566477,9.416719160683692e-07,hospital_a,hospital_b,A0469,B0338,2000-04-14,1965-02-10,0,Bruce,Terence,0,Foster,Foster,3,CO9 7ED,N9 0WF,0,0
-20.018270801566477,9.416719160683692e-07,hospital_a,hospital_b,A0470,B0424,1953-02-09,1937-06-26,0,Iain,Marilyn,0,Taylor,Taylor,3,HD8 0QS,CT1 1AY,0,0
-20.018270801566477,9.416719160683692e-07,hospital_a,hospital_b,A0472,B0774,1951-09-01,1965-03-31,0,Jacqueline,Tracy,0,Williams,Williams,3,DE68 4BX,TQ6 2AN,0,0
-20.018270801566477,9.416719160683692e-07,hospital_a,hospital_b,A0477,B0338,1960-10-24,1965-02-10,0,Samuel,Terence,0,Foster,Foster,3,W13HP,N9 0WF,0,0
-20.018270801566477,9.416719160683692e-07,hospital_a,hospital_b,A0480,B0271,1956-09-04,1939-12-14,0,Gordon,Ronald,0,Lee,Lee,3,N35 7PE,E71HS,0,0
-20.018270801566477,9.416719160683692e-07,hospital_a,hospital_b,A0486,B0271,1937-03-01,1939-12-14,0,Wendy,Ronald,0,Lee,Lee,3,M96 8FT,E71HS,0,0
-20.018270801566477,9.416719160683692e-07,hospital_a,hospital_b,A0489,B0490,1963-11-30,1989-08-13,0,eWndy,Owen,0,Roberts,Roberts,3,NP7 1JE,E52 4TW,0,0
17.53402081439428,0.9999947309599222,hospital_a,hospital_b,A0496,B0498,1950-06-11,1950-06-11,1,Neli,Neil,2,Moore,Moore,3,PE31 6ZU,PE31 6ZU,1,0
22.986540461169,0.9999998796733648,hospital_a,hospital_b,A0500,B0503,1949-05-06,1949-05-06,1,Teresa,Teresa,3,Brown,Brown,3,UB6 5ZR,UB6 5ZR,1,0
-20.018270801566477,9.416719160683692e-07,hospital_a,hospital_b,A0501,B0498,1944-07-13,1950-06-11,0,Marcus,Neil,0,Moore,Moore,3,S5K 9UH,PE31 6ZU,0,0
-20.018270801566477,9.416719160683692e-07,hospital_a,hospital_b,A0509,B0294,1954-08-05,1948-10-18,0,Grary,Claire,0,Harrison,Harrison,3,HU95 8TG,CF2N 6HW,0,0
-20.018270801566477,9.416719160683692e-07,hospital_a,hospital_b,A0510,B0294,1972-01-22,1948-10-18,0,Glnen,Claire,0,Harrison,Harrison,3,TQ4B 4HT,CF2N 6HW,0,0
-20.018270801566477,9.416719160683692e-07,hospital_a,hospital_b,A0516,B0304,1979-01-13,2008-01-04,0,Claier,Arthur,0,Parker,Parker,3,EN6 4AX,TR39 9EY,0,0
-20.018270801566477,9.416719160683692e-07,hospital_a,hospital_b,A0517,B0501,1974-08-23,1962-05-31,0,Leon,Brandon,0,Richards,Richards,3,B59 3SL,DA2M 9QW,0,0
-20.018270801566477,9.416719160683692e-07,hospital_a,hospital_b,A0520,B0364,2005-12-05,1937-06-24,0,Irene,Barbara,0,Davis,Davis,3,LU8N 3WQ,G40 5PJ,0,0
-20.018270801566477,9.416719160683692e-07,hospital_a,hospital_b,A0527,B0714,1972-08-17,1968-01-23,0,Tracey,Kvein,0,Edwards,Edwards,3,LA6B 2LY,S62 5AX,0,0
-20.018270801566477,9.416719160683692e-07,hospital_a,hospital_b,A0529,B0498,1987-05-23,1950-06-11,0,Lauren,Neil,0,Moore,Moore,3,SP2 7TN,PE31 6ZU,0,0
17.53402081439428,0.9999947309599222,hospital_a,hospital_b,A0531,B0536,1979-10-02,1979-10-02,1,Edwrad,Edward,2,Thomas,Thomas,3,M1T 1FW,M1T 1FW,1,0
-20.018270801566477,9.416719160683692e-07,hospital_a,hospital_b,A0534,B0774,2006-08-15,1965-03-31,0,Kayleigh,Tracy,0,Williams,Williams,3,W05 7GG,TQ6 2AN,0,0
-20.018270801566477,9.416719160683692e-07,hospital_a,hospital_b,A0535,B0265,1950-11-06,1982-07-31,0,Ryamond,Sylvia,0,Miller,Miller,3,M5U 1NZ,E24 7DT,0,0
-20.018270801566477,9.416719160683692e-07,hospital_a,hospital_b,A0539,B0774,1959-03-20,1965-03-31,0,Cragi,Tracy,0,Williams,Williams,3,M8J 0FD,TQ6 2AN,0,0
-20.018270801566477,9.416719160683692e-07,hospital_a,hospital_b,A0541,B0220,1981-08-04,1984-07-09,0,Lawrence,Kmi,0,Allen,Allen,3,BS9B 8GW,SG6B 2XR,0,0
-20.018270801566477,9.416719160683692e-07,hospital_a,hospital_b,A0543,B0189,1991-06-28,1973-02-01,0,Hilary,Lkue,0,King,King,3,N9C 2HN,IP7 0BP,0,0
-20.018270801566477,9.416719160683692e-07,hospital_a,hospital_b,A0544,B0092,1957-05-25,1977-11-08,0,Sylvia,Gail,0,Martin,Martin,3,FK33 0FT,W0 2WS,0,0
-20.018270801566477,9.416719160683692e-07,hospital_a,hospital_b,A0546,B0033,1955-05-04,2008-04-02,0,Andrew,Kate,0,Watson,Watson,3,YO5A 3GY,UB4W2UW,0,0
-20.018270801566477,9.416719160683692e-07,hospital_a,hospital_b,A0547,B0501,1995-05-20,1962-05-31,0,Christine,Brandon,0,Richards,Richards,3,DD28 2QE,DA2M 9QW,0,0
22.986540461169,0.9999998796733648,hospital_a,hospital_b,A0549,B0554,1997-10-13,1997-10-13,1,Gillian,Gillian,3,Robinson,Robinson,3,W2W 4UU,W2W 4UU,1,0
-20.018270801566477,9.416719160683692e-07,hospital_a,hospital_b,A0550,B0383,1954-10-02,1994-11-18,0,Melissa,Tohmas,0,Scott,Scott,3,N65 9BR,E1 8SN,0,0
-20.018270801566477,9.416719160683692e-07,hospital_a,hospital_b,A0551,B0689,1997-11-23,1971-02-19,0,Alexandra,Shelia,0,Jones,Jones,3,S73 9LX,G2 8ZB,0,0
-14.44359436615754,4.487715947894868e-05,hospital_a,hospital_b,A0559,B0424,1938-01-01,1937-06-26,0,Marion,Marilyn,1,Taylor,Taylor,3,TW60 9GA,CT1 1AY,0,0
-20.018270801566477,9.416719160683692e-07,hospital_a,hospital_b,A0569,B0015,2007-03-27,1983-06-20,0,Marc,Julian,0,Wilson,Wilson,3,BT5R 8LA,HP41 5WR,0,0
-20.018270801566477,9.416719160683692e-07,hospital_a,hospital_b,A0570,B0490,1976-10-02,1989-08-13,0,Matthew,Owen,0,Roberts,Roberts,3,WF1 3ZU,E52 4TW,0,0
-20.018270801566477,9.416719160683692e-07,hospital_a,hospital_b,A0583,B0649,1968-04-20,1993-08-07,0,Helen,Gerard,0,Hall,Hall,3,LL55 6FW,SY6V8TW,0,0
-20.018270801566477,9.416719160683692e-07,hospital_a,hospital_b,A0587,B0137,2001-08-29,1991-07-09,0,Gary,Paula,0,Evans,Evans,3,W7F 4NE,HA74 1GN,0,0
-20.018270801566477,9.416719160683692e-07,hospital_a,hospital_b,A0594,B0395,1949-05-06,1964-10-10,0,Danny,Kieran,0,Johnson,Johnson,3,W92 4YB,E3 7NZ,0,0
-20.018270801566477,9.416719160683692e-07,hospital_a,hospital_b,A0597,B0294,1979-06-27,1948-10-18,0,Linda,Claire,0,Harrison,Harrison,3,M5 5UQ,CF2N 6HW,0,0
-20.018270801566477,9.416719160683692e-07,hospital_a,hospital_b,A0598,B0097,1958-12-17,2001-10-30,0,Natalie,Marie,0,Shaw,Shaw,3,LL77 2RS,SK6V 0QR,0,0
-20.018270801566477,9.416719160683692e-07,hospital_a,hospital_b,A0600,B0181,1966-11-18,1937-01-31,0,Lynda,Sheila,0,Wood,Wood,3,W05 1PU,N8U 7BN,0,0
-20.018270801566477,9.416719160683692e-07,hospital_a,hospital_b,A0605,B0774,1958-03-18,1965-03-31,0,Marilyn,Tracy,0,Williams,Williams,3,LE4 9TN,TQ6 2AN,0,0
-20.018270801566477,9.416719160683692e-07,hospital_a,hospital_b,A0606,B0271,1962-08-29,1939-12-14,0,Guy,Ronald,0,Lee,Lee,3,S5 2PZ,E71HS,0,0
-20.018270801566477,9.416719160683692e-07,hospital_a,hospital_b,A0612,B0649,1982-07-29,1993-08-07,0,Rebecca,Gerard,0,Hall,Hall,3,M38 4AH,SY6V8TW,0,0
-20.018270801566477,9.416719160683692e-07,hospital_a,hospital_b,A0617,B0033,1970-12-12,2008-04-02,0,Yvonne,Kate,0,Watson,Watson,3,B45 9QT,UB4W2UW,0,0
-20.018270801566477,9.416719160683692e-07,hospital_a,hospital_b,A0618,B0283,2002-04-27,1982-06-12,0,Luke,Rosemary,0,Ward,Ward,3,CT9N9FH,LU9 7NY,0,0
-20.018270801566477,9.416719160683692e-07,hospital_a,hospital_b,A0620,B0271,2000-08-20,1939-12-14,0,Dean,Ronald,0,Lee,Lee,3,B81 2DN,E71HS,0,0
-20.018270801566477,9.416719160683692e-07,hospital_a,hospital_b,A0621,B0092,1995-09-14,1977-11-08,0,Treovr,Gail,0,Martin,Martin,3,BS1M 1SQ,W0 2WS,0,0
-20.018270801566477,9.416719160683692e-07,hospital_a,hospital_b,A0625,B0294,1971-02-18,1948-10-18,0,Terence,Claire,0,Harrison,Harrison,3,GY20 9PS,CF2N 6HW,0,0
-20.018270801566477,9.416719160683692e-07,hospital_a,hospital_b,A0628,B0536,1958-09-05,1979-10-02,0,Ann,Edward,0,Thomas,Thomas,3,BB357ZJ,M1T 1FW,0,0
-20.018270801566477,9.416719160683692e-07,hospital_a,hospital_b,A0631,B0099,1950-03-17,1991-11-24,0,Joanna,Shane,0,Fisher,Fisher,3,PA82 4JH,LL85 4QW,0,0
-20.018270801566477,9.416719160683692e-07,hospital_a,hospital_b,A0634,B0319,1976-08-22,1978-01-14,0,Simon,Lynne,0,Ball,Ball,3,E54SJ,B8U6DJ,0,0
-20.018270801566477,9.416719160683692e-07,hospital_a,hospital_b,A0639,B0554,1961-11-23,1997-10-13,0,Alan,Gillian,0,Robinson,Robinson,3,E21 4DW,W2W 4UU,0,0
-20.018270801566477,9.416719160683692e-07,hospital_a,hospital_b,A0641,B0348,1948-04-30,1980-12-04,0,Max,George,0,Warren,Warren,3,W8 2FX,DT3R 0LU,0,0
-20.018270801566477,9.416719160683692e-07,hospital_a,hospital_b,A0642,B0229,1969-07-11,1956-01-06,0,Barry,Conor,0,Thompson,Thompson,3,L95 7JT,PR4A 0DR,0,0
-20.018270801566477,9.416719160683692e-07,hospital_a,hospital_b,A0643,B0092,1979-01-26,1977-11-08,0,lAan,Gail,0,Martin,Martin,3,WC49SR,W0 2WS,0,0
-20.018270801566477,9.416719160683692e-07,hospital_a,hospital_b,A0648,B0394,2002-02-02,1989-11-30,0,Gary,Rhys,0,Lloyd,Lloyd,3,W11 5ZQ,SA0N 2RS,0,0
-20.018270801566477,9.416719160683692e-07,hospital_a,hospital_b,A0657,B0319,2007-10-27,1978-01-14,0,eDborah,Lynne,0,Ball,Ball,3,L6U 7YX,B8U6DJ,0,0
-20.018270801566477,9.416719160683692e-07,hospital_a,hospital_b,A0665,B0128,1976-04-07,1973-11-06,0,Lewis,Kim,0,Wright,Wright,3,G7 8XP,N5 6YS,0,0
-20.018270801566477,9.416719160683692e-07,hospital_a,hospital_b,A0666,B0189,2008-03-02,1973-02-01,0,Clifford,Lkue,0,King,King,3,EX6E 5SD,IP7 0BP,0,0
-20.018270801566477,9.416719160683692e-07,hospital_a,hospital_b,A0667,B0536,1994-05-18,1979-10-02,0,Lesley,Edward,0,Thomas,Thomas,3,NP149XJ,M1T 1FW,0,0
-20.018270801566477,9.416719160683692e-07,hospital_a,hospital_b,A0668,B0383,1935-09-01,1994-11-18,0,Shane,Tohmas,0,Scott,Scott,3,M9U7XJ,E1 8SN,0,0
-20.018270801566477,9.416719160683692e-07,hospital_a,hospital_b,A0670,B0015,1953-07-13,1983-06-20,0,Simon,Julian,0,Wilson,Wilson,3,E6 3LE,HP41 5WR,0,0
-20.018270801566477,9.416719160683692e-07,hospital_a,hospital_b,A0677,B0127,1947-06-23,1941-06-07,0,Chalrene,Louis,0,White,White,3,SS0R 6PE,M0W 3WZ,0,0
-20.018270801566477,9.416719160683692e-07,hospital_a,hospital_b,A0683,B0127,1997-02-17,1941-06-07,0,Gail,Louis,0,White,White,3,B0 0AD,M0W 3WZ,0,0
17.53402081439428,0.9999947309599222,hospital_a,hospital_b,A0685,B0689,1971-02-19,1971-02-19,1,Sheila,Shelia,2,Jones,Jones,3,G2 8ZB,G2 8ZB,1,0
-20.018270801566477,9.416719160683692e-07,hospital_a,hospital_b,A0686,B0745,1953-03-19,1974-05-03,0,Irnee,Jeffrye,0,Smith,Smith,3,RH5 5WL,B3 4NJ,0,0
-20.018270801566477,9.416719160683692e-07,hospital_a,hospital_b,A0687,B0304,1957-12-03,2008-01-04,0,Irene,Arthur,0,Parker,Parker,3,S087BS,TR39 9EY,0,0
-20.018270801566477,9.416719160683692e-07,hospital_a,hospital_b,A0689,B0503,1999-06-26,1949-05-06,0,Sam,Teresa,0,Brown,Brown,3,CO5Y 3EN,UB6 5ZR,0,0
-20.018270801566477,9.416719160683692e-07,hospital_a,hospital_b,A0690,B0424,1938-05-16,1937-06-26,0,Gregory,Marilyn,0,Taylor,Taylor,3,TN35 8GN,CT1 1AY,0,0
-20.018270801566477,9.416719160683692e-07,hospital_a,hospital_b,A0692,B0019,1969-05-02,1999-12-21,0,Grace,Liam,0,Murphy,Murphy,3,B9 3YD,L6H 3FA,0,0
-20.018270801566477,9.416719160683692e-07,hospital_a,hospital_b,A0694,B0074,1978-11-17,1995-10-21,0,Georgina,Leigh,0,Clarke,Clarke,3,L6 7UL,G2G 1WF,0,0
-20.018270801566477,9.416719160683692e-07,hospital_a,hospital_b,A0700,B0164,1970-02-04,1956-07-06,0,Glenn,Jordan,0,Burns,Burns,3,NR8E0HJ,NE9V6FP,0,0
17.53402081439428,0.9999947309599222,hospital_a,hospital_b,A0709,B0714,1968-01-23,1968-01-23,1,Kevin,Kvein,2,Edwards,Edwards,3,S62 5AX,S62 5AX,1,0
-20.018270801566477,9.416719160683692e-07,hospital_a,hospital_b,A0713,B0383,2003-09-09,1994-11-18,0,Sheila,Tohmas,0,Scott,Scott,3,EX6W 1WG,E1 8SN,0,0
-20.018270801566477,9.416719160683692e-07,hospital_a,hospital_b,A0715,B0074,1999-09-15,1995-10-21,0,Eileen,Leigh,0,Clarke,Clarke,3,WD91NQ,G2G 1WF,0,0
-20.018270801566477,9.416719160683692e-07,hospital_a,hospital_b,A0716,B0745,1974-12-29,1974-05-03,0,Antony,Jeffrye,0,Smith,Smith,3,IP73 0ZT,B3 4NJ,0,0
-20.018270801566477,9.416719160683692e-07,hospital_a,hospital_b,A0725,B0019,1980-03-25,1999-12-21,0,Edwrad,Liam,0,Murphy,Murphy,3,W8 9FU,L6H 3FA,0,0
-20.018270801566477,9.416719160683692e-07,hospital_a,hospital_b,A0731,B0134,1957-07-16,1965-03-20,0,Leah,Derek,0,Bailey,Bailey,3,B6 1WJ,N05 6NE,0,0
-20.018270801566477,9.416719160683692e-07,hospital_a,hospital_b,A0733,B0348,1997-09-09,1980-12-04,0,Denise,George,0,Warren,Warren,3,LE6X 1RB,DT3R 0LU,0,0
-20.018270801566477,9.416719160683692e-07,hospital_a,hospital_b,A0735,B0099,1945-10-14,1991-11-24,0,Damian,Shane,0,Fisher,Fisher,3,N53 5XN,LL85 4QW,0,0
-20.018270801566477,9.416719160683692e-07,hospital_a,hospital_b,A0736,B0007,2004-01-16,1946-10-30,0,Lisa,Nathan,0,Harris,Harris,3,N4W 9UZ,M8 8EN,0,0
17.53402081439428,0.9999947309599222,hospital_a,hospital_b,A0738,B0745,1974-05-03,1974-05-03,1,eJffrey,Jeffrye,2,Smith,Smith,3,B3 4NJ,B3 4NJ,1,0
-20.018270801566477,9.416719160683692e-07,hospital_a,hospital_b,A0739,B0503,1946-03-05,1949-05-06,0,oClin,Teresa,0,Brown,Brown,3,G9T 0DN,UB6 5ZR,0,0
-20.018270801566477,9.416719160683692e-07,hospital_a,hospital_b,A0742,B0220,1959-02-16,1984-07-09,0,John,Kmi,0,Allen,Allen,3,G94 2AY,SG6B 2XR,0,0
-20.018270801566477,9.416719160683692e-07,hospital_a,hospital_b,A0746,B0501,2001-07-26,1962-05-31,0,Andrwe,Brandon,0,Richards,Richards,3,ME97 6NZ,DA2M 9QW,0,0
-20.018270801566477,9.416719160683692e-07,hospital_a,hospital_b,A0749,B0649,1952-01-06,1993-08-07,0,lAexander,Gerard,0,Hall,Hall,3,B48LU,SY6V8TW,0,0
-20.018270801566477,9.416719160683692e-07,hospital_a,hospital_b,A0760,B0536,1979-06-06,1979-10-02,0,Ruth,Edward,0,Thomas,Thomas,3,SN49 6XJ,M1T 1FW,0,0
-20.018270801566477,9.416719160683692e-07,hospital_a,hospital_b,A0761,B0498,1942-09-29,1950-06-11,0,Carl,Neil,0,Moore,Moore,3,G59 6LX,PE31 6ZU,0,0
-20.018270801566477,9.416719160683692e-07,hospital_a,hospital_b,A0762,B0097,1945-04-26,2001-10-30,0,Luke,Marie,0,Shaw,Shaw,3,IV7 8TZ,SK6V 0QR,0,0
-20.018270801566477,9.416719160683692e-07,hospital_a,hospital_b,A0764,B0503,1947-05-15,1949-05-06,0,Beth,Teresa,0,Brown,Brown,3,SY4 2LE,UB6 5ZR,0,0
-20.018270801566477,9.416719160683692e-07,hospital_a,hospital_b,A0769,B0745,1962-06-20,1974-05-03,0,Rosemary,Jeffrye,0,Smith,Smith,3,S70AZ,B3 4NJ,0,0
-20.018270801566477,9.416719160683692e-07,hospital_a,hospital_b,A0773,B0265,1980-01-20,1982-07-31,0,Aaron,Sylvia,0,Miller,Miller,3,BB11 4ED,E24 7DT,0,0
-20.018270801566477,9.416719160683692e-07,hospital_a,hospital_b,A0774,B0554,1970-05-30,1997-10-13,0,Goergia,Gillian,0,Robinson,Robinson,3,NW23 2YZ,W2W 4UU,0,0
-20.018270801566477,9.416719160683692e-07,hospital_a,hospital_b,A0776,B0554,2004-06-27,1997-10-13,0,Lauar,Gillian,0,Robinson,Robinson,3,M218PL,W2W 4UU,0,0
-20.018270801566477,9.416719160683692e-07,hospital_a,hospital_b,A0780,B0714,1964-03-19,1968-01-23,0,Brian,Kvein,0,Edwards,Edwards,3,MK48 6QG,S62 5AX,0,0
-20.018270801566477,9.416719160683692e-07,hospital_a,hospital_b,A0786,B0501,1962-02-04,1962-05-31,0,Zoe,Brandon,0,Richards,Richards,3,L6G4XF,DA2M 9QW,0,0
-20.018270801566477,9.416719160683692e-07,hospital_a,hospital_b,A0787,B0128,1944-07-08,1973-11-06,0,Hazel,Kim,0,Wright,Wright,3,G6 7WY,N5 6YS,0,0
-20.018270801566477,9.416719160683692e-07,hospital_a,hospital_b,A0789,B0714,1964-09-08,1968-01-23,0,Tina,Kvein,0,Edwards,Edwards,3,S422ZU,S62 5AX,0,0
-20.018270801566477,9.416719160683692e-07,hospital_a,hospital_b,A0801,B0304,1961-02-11,2008-01-04,0,Georgina,Arthur,0,Parker,Parker,3,PE5X 3DB,TR39 9EY,0,0
-20.018270801566477,9.416719160683692e-07,hospital_a,hospital_b,A0802,B0097,1966-07-23,2001-10-30,0,Ryan,Marie,0,Shaw,Shaw,3,M1B9EJ,SK6V 0QR,0,0
-20.018270801566477,9.416719160683692e-07,hospital_a,hospital_b,A0805,B0395,1983-07-29,1964-10-10,0,Benjamin,Kieran,0,Johnson,Johnson,3,G3U 4PE,E3 7NZ,0,0
-20.018270801566477,9.416719160683692e-07,hospital_a,hospital_b,A0806,B0265,1974-10-11,1982-07-31,0,Kim,Sylvia,0,Miller,Miller,3,ML43 2ED,E24 7DT,0,0
-20.018270801566477,9.416719160683692e-07,hospital_a,hospital_b,A0813,B0536,1991-12-29,1979-10-02,0,Gordon,Edward,0,Thomas,Thomas,3,E65 6LR,M1T 1FW,0,0
-20.018270801566477,9.416719160683692e-07,hospital_a,hospital_b,A0818,B0057,1997-05-06,1999-09-03,0,Oliver,uLcy,0,Davies,Davies,3,WV0V 9ZE,RH9N 2TD,0,0
-20.018270801566477,9.416719160683692e-07,hospital_a,hospital_b,A0821,B0383,1955-01-21,1994-11-18,0,Megan,Tohmas,0,Scott,Scott,3,SS98 1SH,E1 8SN,0,0
-20.018270801566477,9.416719160683692e-07,hospital_a,hospital_b,A0827,B0127,1939-10-21,1941-06-07,0,Nathan,Louis,0,White,White,3,N28DA,M0W 3WZ,0,0
-20.018270801566477,9.416719160683692e-07,hospital_a,hospital_b,A0829,B0283,1987-01-20,1982-06-12,0,Brenda,Rosemary,0,Ward,Ward,3,S2T9GY,LU9 7NY,0,0
-20.018270801566477,9.416719160683692e-07,hospital_a,hospital_b,A0831,B0689,1941-12-21,1971-02-19,0,Josuha,Shelia,0,Jones,Jones,3,W0 6ZU,G2 8ZB,0,0
-20.018270801566477,9.416719160683692e-07,hospital_a,hospital_b,A0833,B0554,2005-09-01,1997-10-13,0,Rhys,Gillian,0,Robinson,Robinson,3,CV2E 1ZN,W2W 4UU,0,0
-20.018270801566477,9.416719160683692e-07,hospital_a,hospital_b,A0841,B0181,1977-06-29,1937-01-31,0,Ellie,Sheila,0,Wood,Wood,3,DE3 2BG,N8U 7BN,0,0
-20.018270801566477,9.416719160683692e-07,hospital_a,hospital_b,A0842,B0689,1987-03-09,1971-02-19,0,lGen,Shelia,0,Jones,Jones,3,G6 6NN,G2 8ZB,0,0
-20.018270801566477,9.416719160683692e-07,hospital_a,hospital_b,A0844,B0649,1984-07-07,1993-08-07,0,Shaun,Gerard,0,Hall,Hall,3,GU31 9NW,SY6V8TW,0,0
-20.018270801566477,9.416719160683692e-07,hospital_a,hospital_b,A0846,B0220,1954-12-19,1984-07-09,0,Eric,Kmi,0,Allen,Allen,3,EX08 2JB,SG6B 2XR,0,0
-20.018270801566477,9.416719160683692e-07,hospital_a,hospital_b,A0847,B0689,1978-01-12,1971-02-19,0,oTm,Shelia,0,Jones,Jones,3,B30 4LY,G2 8ZB,0,0
17.53402081439428,0.9999947309599222,hospital_a,hospital_b,A0002,B0003,1995-10-31,1995-10-31,1,Jason,aJson,2,Fisher,Fisher,3,N9D 0JN,N9D 0JN,1,0
-20.018270801566477,9.416719160683692e-07,hospital_a,hospital_b,A0013,B0277,1994-03-15,1938-03-17,0,Molly,Helen,0,Robinson,Robinson,3,B8E2LE,SS80 8RU,0,0
-20.018270801566477,9.416719160683692e-07,hospital_a,hospital_b,A0014,B0743,2001-07-31,2001-01-23,0,Wedny,Mohamed,0,Smith,Smith,3,E6 0AP,TA873UP,0,0
22.986540461169,0.9999998796733648,hospital_a,hospital_b,A0018,B0017,1959-02-04,1959-02-04,1,Dylan,Dylan,3,King,King,3,GY8E 6RG,GY8E 6RG,1,0
-20.018270801566477,9.416719160683692e-07,hospital_a,hospital_b,A0019,B0610,1984-08-08,1958-03-18,0,Natalie,Marilyn,0,Williams,Williams,3,W2S 4WZ,LE49TN,0,0
-20.018270801566477,9.416719160683692e-07,hospital_a,hospital_b,A0022,B0419,2004-02-08,1976-05-15,0,Jessica,Bradley,0,Jones,Jones,3,SY6 8XZ,TW24 7FJ,0,0
-20.018270801566477,9.416719160683692e-07,hospital_a,hospital_b,A0023,B0277,1974-04-10,1938-03-17,0,Scott,Helen,0,Robinson,Robinson,3,PE90 6FT,SS80 8RU,0,0
-20.018270801566477,9.416719160683692e-07,hospital_a,hospital_b,A0025,B0616,1995-07-25,1982-07-29,0,Pamela,Rebecca,0,Hall,Hall,3,M5W 1LT,M384AH,0,0
-20.018270801566477,9.416719160683692e-07,hospital_a,hospital_b,A0034,B0045,1997-11-24,1969-09-13,0,Danny,Raymond,0,Davies,Davies,3,KA7 6XB,N9D 7NS,0,0
-20.018270801566477,9.416719160683692e-07,hospital_a,hospital_b,A0036,B0497,1965-01-24,1971-07-26,0,Lynn,Maragret,0,Brown,Brown,3,E71 7NW,IG81 3YA,0,0
-20.018270801566477,9.416719160683692e-07,hospital_a,hospital_b,A0038,B0743,1963-03-29,2001-01-23,0,Amelia,Mohamed,0,Smith,Smith,3,BH57 6FU,TA873UP,0,0
-20.018270801566477,9.416719160683692e-07,hospital_a,hospital_b,A0042,B0387,1992-02-06,1955-09-07,0,Anna,Adrian,0,Taylor,Taylor,3,W4 9QJ,SY3N 9UW,0,0
-20.018270801566477,9.416719160683692e-07,hospital_a,hospital_b,A0056,B0497,1958-12-28,1971-07-26,0,Carol,Maragret,0,Brown,Brown,3,W5B 1JS,IG81 3YA,0,0
-20.018270801566477,9.416719160683692e-07,hospital_a,hospital_b,A0058,B0045,1999-09-03,1969-09-13,0,uLcy,Raymond,0,Davies,Davies,3,RH9N 2TD,N9D 7NS,0,0
-20.018270801566477,9.416719160683692e-07,hospital_a,hospital_b,A0062,B0045,1995-10-19,1969-09-13,0,Scott,Raymond,0,Davies,Davies,3,SL8B8QA,N9D 7NS,0,0
-20.018270801566477,9.416719160683692e-07,hospital_a,hospital_b,A0067,B0693,1956-07-18,1948-12-25,0,Cameron,Gemma,0,Edwards,Edwards,3,N3 2DW,BR6M 2DF,0,0
-20.018270801566477,9.416719160683692e-07,hospital_a,hospital_b,A0070,B0693,1947-06-13,1948-12-25,0,Mandy,Gemma,0,Edwards,Edwards,3,HS70 9SL,BR6M 2DF,0,0
2.9866198006579197,0.8879695849880381,hospital_a,hospital_b,A0074,B0073,1969-05-27,1969-05-27,1,Anrdea,Andrea,2,Allen,Allen,3,G9B4RU,G9B 4RU,0,0
-20.018270801566477,9.416719160683692e-07,hospital_a,hospital_b,A0083,B0743,1977-01-30,2001-01-23,0,Gail,Mohamed,0,Smith,Smith,3,CH3A 5SF,TA873UP,0,0
-20.018270801566477,9.416719160683692e-07,hospital_a,hospital_b,A0086,B0743,1970-04-04,2001-01-23,0,Abbie,Mohamed,0,Smith,Smith,3,M84 1ZY,TA873UP,0,0
-20.018270801566477,9.416719160683692e-07,hospital_a,hospital_b,A0097,B0610,1974-09-08,1958-03-18,0,Joanne,Marilyn,0,Williams,Williams,3,G8 3YP,LE49TN,0,0
-20.018270801566477,9.416719160683692e-07,hospital_a,hospital_b,A0101,B0003,1991-11-24,1995-10-31,0,Shnae,aJson,0,Fisher,Fisher,3,LL85 4QW,N9D 0JN,0,0
-20.018270801566477,9.416719160683692e-07,hospital_a,hospital_b,A0102,B0743,2003-07-10,2001-01-23,0,Anrdew,Mohamed,0,Smith,Smith,3,S4C 5JR,TA873UP,0,0
-20.018270801566477,9.416719160683692e-07,hospital_a,hospital_b,A0103,B0419,2002-03-21,1976-05-15,0,Janice,Bradley,0,Jones,Jones,3,B8A0AS,TW24 7FJ,0,0
22.986540461169,0.9999998796733648,hospital_a,hospital_b,A0104,B0102,1983-12-16,1983-12-16,1,Darren,Darren,3,Richards,Richards,3,W7A 8XS,W7A 8XS,1,0
-20.018270801566477,9.416719160683692e-07,hospital_a,hospital_b,A0111,B0372,1959-05-04,1995-11-28,0,Jessica,Lewis,0,Roberts,Roberts,3,KY9 4PZ,G06 5PX,0,0
-20.018270801566477,9.416719160683692e-07,hospital_a,hospital_b,A0119,B0045,1958-02-22,1969-09-13,0,Graham,Raymond,0,Davies,Davies,3,M12 2WR,N9D 7NS,0,0
17.53402081439428,0.9999947309599222,hospital_a,hospital_b,A0126,B0125,1960-05-13,1960-05-13,1,John,Jonh,2,Bailey,Bailey,3,S2 1JR,S2 1JR,1,0
-14.44359436615754,4.487715947894868e-05,hospital_a,hospital_b,A0127,B0414,1979-11-02,1963-10-09,0,Melanie,Jacqueline,1,Moore,Moore,3,W53 6ZT,M3C 2YH,0,0
-20.018270801566477,9.416719160683692e-07,hospital_a,hospital_b,A0132,B0125,1965-03-20,1960-05-13,0,Derek,Jonh,0,Bailey,Bailey,3,N05 6NE,S2 1JR,0,0
-20.018270801566477,9.416719160683692e-07,hospital_a,hospital_b,A0148,B0419,1983-07-16,1976-05-15,0,Megan,Bradley,0,Jones,Jones,3,S2 6QG,TW24 7FJ,0,0
-20.018270801566477,9.416719160683692e-07,hospital_a,hospital_b,A0150,B0045,1980-07-24,1969-09-13,0,Alexadnra,Raymond,0,Davies,Davies,3,W2 3HF,N9D 7NS,0,0
-20.018270801566477,9.416719160683692e-07,hospital_a,hospital_b,A0153,B0387,1995-03-21,1955-09-07,0,Georgia,Adrian,0,Taylor,Taylor,3,G1E 2WY,SY3N 9UW,0,0
-20.018270801566477,9.416719160683692e-07,hospital_a,hospital_b,A0159,B0227,1958-02-28,1980-04-07,0,uJlia,Leslie,0,Scott,Scott,3,B7 3GY,PR27 3HQ,0,0
-20.018270801566477,9.416719160683692e-07,hospital_a,hospital_b,A0163,B0254,1947-09-24,1940-12-19,0,Ashley,Kyel,0,Adams,Adams,3,YO7 1QP,OX7B 5XE,0,0
-20.018270801566477,9.416719160683692e-07,hospital_a,hospital_b,A0165,B0610,1977-02-11,1958-03-18,0,Kelly,Marilyn,0,Williams,Williams,3,W71UA,LE49TN,0,0
22.986540461169,0.9999998796733648,hospital_a,hospital_b,A0172,B0180,1990-03-24,1990-03-24,1,Billy,Billy,3,Lloyd,Lloyd,3,W8W 1QT,W8W 1QT,1,0
22.986540461169,0.9999998796733648,hospital_a,hospital_b,A0174,B0182,1950-11-05,1950-11-05,1,Vanessa,Vanessa,3,Johnson,Johnson,3,KW1H 1FA,KW1H 1FA,1,0
2.9866198006579197,0.8879695849880381,hospital_a,hospital_b,A0176,B0184,1967-03-27,1967-03-27,1,Lawrence,Larwence,2,Miller,Miller,3,UB07 8JF,UB078JF,0,0
-20.018270801566477,9.416719160683692e-07,hospital_a,hospital_b,A0177,B0045,1976-09-11,1969-09-13,0,Jeremy,Raymond,0,Davies,Davies,3,W8 4DL,N9D 7NS,0,0
-20.018270801566477,9.416719160683692e-07,hospital_a,hospital_b,A0178,B0419,1959-04-03,1976-05-15,0,Elloitt,Bradley,0,Jones,Jones,3,HA9E 5SG,TW24 7FJ,0,0
-20.018270801566477,9.416719160683692e-07,hospital_a,hospital_b,A0181,B0254,1997-03-09,1940-12-19,0,Mark,Kyel,0,Adams,Adams,3,G8C 2GY,OX7B 5XE,0,0
-20.018270801566477,9.416719160683692e-07,hospital_a,hospital_b,A0182,B0017,1973-02-01,1959-02-04,0,Luke,Dylan,0,King,King,3,IP7 0BP,GY8E 6RG,0,0
17.53402081439428,0.9999947309599222,hospital_a,hospital_b,A0186,B0193,1993-04-16,1993-04-16,1,Victoria,Vicotria,2,Foster,Foster,3,M25 9YD,M25 9YD,1,0
-20.018270801566477,9.416719160683692e-07,hospital_a,hospital_b,A0195,B0414,1991-06-29,1963-10-09,0,Gmema,Jacqueline,0,Moore,Moore,3,TF7 9AU,M3C 2YH,0,0
-20.018270801566477,9.416719160683692e-07,hospital_a,hospital_b,A0196,B0290,1954-07-04,1961-09-30,0,John,Lydia,0,Harrison,Harrison,3,CA6 1XG,N2A 8NQ,0,0
-20.018270801566477,9.416719160683692e-07,hospital_a,hospital_b,A0198,B0125,1984-06-29,1960-05-13,0,Charlene,Jonh,0,Bailey,Bailey,3,PA159LG,S2 1JR,0,0
-20.018270801566477,9.416719160683692e-07,hospital_a,hospital_b,A0199,B0290,1962-06-18,1961-09-30,0,aSmantha,Lydia,0,Harrison,Harrison,3,FY729JE,N2A 8NQ,0,0
-20.018270801566477,9.416719160683692e-07,hospital_a,hospital_b,A0211,B0743,1938-03-01,2001-01-23,0,Aaron,Mohamed,0,Smith,Smith,3,LA8M 3YG,TA873UP,0,0
-20.018270801566477,9.416719160683692e-07,hospital_a,hospital_b,A0215,B0073,1984-07-09,1969-05-27,0,Kmi,Andrea,0,Allen,Allen,3,SG6B 2XR,G9B 4RU,0,0
22.986540461169,0.9999998796733648,hospital_a,hospital_b,A0221,B0227,1980-04-07,1980-04-07,1,Leslie,Leslie,3,Scott,Scott,3,PR27 3HQ,PR27 3HQ,1,0
-20.018270801566477,9.416719160683692e-07,hospital_a,hospital_b,A0222,B0372,1957-07-22,1995-11-28,0,Annette,Lewis,0,Roberts,Roberts,3,BA53 3XW,G06 5PX,0,0
-20.018270801566477,9.416719160683692e-07,hospital_a,hospital_b,A0224,B0743,1946-06-07,2001-01-23,0,Helen,Mohamed,0,Smith,Smith,3,PL5 8FH,TA873UP,0,0
-20.018270801566477,9.416719160683692e-07,hospital_a,hospital_b,A0236,B0415,1960-10-22,1952-09-02,0,Amy,rFancis,0,Thomas,Thomas,3,DN0X 4LD,G4 4BJ,0,0
-20.018270801566477,9.416719160683692e-07,hospital_a,hospital_b,A0241,B0414,1942-10-03,1963-10-09,0,Brenda,Jacqueline,0,Moore,Moore,3,N8F 2NY,M3C 2YH,0,0
-20.018270801566477,9.416719160683692e-07,hospital_a,hospital_b,A0245,B0616,1978-05-24,1982-07-29,0,Stcaey,Rebecca,0,Hall,Hall,3,L826DP,M384AH,0,0
-20.018270801566477,9.416719160683692e-07,hospital_a,hospital_b,A0247,B0610,1950-09-13,1958-03-18,0,Margaret,Marilyn,0,Williams,Williams,3,W23 5SF,LE49TN,0,0
-20.018270801566477,9.416719160683692e-07,hospital_a,hospital_b,A0252,B0743,1980-03-27,2001-01-23,0,Ricky,Mohamed,0,Smith,Smith,3,WF4 1ZG,TA873UP,0,0
-20.018270801566477,9.416719160683692e-07,hospital_a,hospital_b,A0261,B0023,1939-12-14,1969-08-13,0,Rnoald,Howard,0,Lee,Lee,3,E71HS,NP0N 1BA,0,0
-20.018270801566477,9.416719160683692e-07,hospital_a,hospital_b,A0265,B0610,1959-09-08,1958-03-18,0,Ryhs,Marilyn,0,Williams,Williams,3,BH10 2AU,LE49TN,0,0
-20.018270801566477,9.416719160683692e-07,hospital_a,hospital_b,A0266,B0743,1965-05-27,2001-01-23,0,Nigel,Mohamed,0,Smith,Smith,3,S319UB,TA873UP,0,0
22.986540461169,0.9999998796733648,hospital_a,hospital_b,A0269,B0277,1938-03-17,1938-03-17,1,Helen,Helen,3,Robinson,Robinson,3,SS80 8RU,SS80 8RU,1,0
-20.018270801566477,9.416719160683692e-07,hospital_a,hospital_b,A0273,B0290,1971-07-08,1961-09-30,0,Nathan,Lydia,0,Harrison,Harrison,3,B46 7QS,N2A 8NQ,0,0
-20.018270801566477,9.416719160683692e-07,hospital_a,hospital_b,A0286,B0290,1948-10-18,1961-09-30,0,Claire,Lydia,0,Harrison,Harrison,3,CF2N 6HW,N2A 8NQ,0,0
-20.018270801566477,9.416719160683692e-07,hospital_a,hospital_b,A0290,B0254,1971-01-27,1940-12-19,0,Billy,Kyel,0,Adams,Adams,3,NP5 0SE,OX7B 5XE,0,0
-20.018270801566477,9.416719160683692e-07,hospital_a,hospital_b,A0295,B0157,2008-01-04,1997-08-12,0,Arthur,Emma,0,Parker,Parker,3,TR39 9EY,L33 6WA,0,0
-20.018270801566477,9.416719160683692e-07,hospital_a,hospital_b,A0296,B0193,1964-11-29,1993-04-16,0,Jyoce,Vicotria,0,Foster,Foster,3,G3 3NT,M25 9YD,0,0
-20.018270801566477,9.416719160683692e-07,hospital_a,hospital_b,A0302,B0693,1991-04-27,1948-12-25,0,Georgia,Gemma,0,Edwards,Edwards,3,TA2W 5TU,BR6M 2DF,0,0
-20.018270801566477,9.416719160683692e-07,hospital_a,hospital_b,A0304,B0743,1942-03-28,2001-01-23,0,Jodie,Mohamed,0,Smith,Smith,3,B5 7QZ,TA873UP,0,0
-20.018270801566477,9.416719160683692e-07,hospital_a,hospital_b,A0310,B0372,1989-01-01,1995-11-28,0,Abigail,Lewis,0,Roberts,Roberts,3,ZE9 5EQ,G06 5PX,0,0
-20.018270801566477,9.416719160683692e-07,hospital_a,hospital_b,A0313,B0497,1989-05-05,1971-07-26,0,Setphanie,Maragret,0,Brown,Brown,3,DD26 1SN,IG81 3YA,0,0
-20.018270801566477,9.416719160683692e-07,hospital_a,hospital_b,A0319,B0419,1999-10-03,1976-05-15,0,Sylvia,Bradley,0,Jones,Jones,3,SP6P 7GZ,TW24 7FJ,0,0
-20.018270801566477,9.416719160683692e-07,hospital_a,hospital_b,A0323,B0743,1994-05-09,2001-01-23,0,Thomas,Mohamed,0,Smith,Smith,3,GL81LQ,TA873UP,0,0
-20.018270801566477,9.416719160683692e-07,hospital_a,hospital_b,A0325,B0277,1993-08-13,1938-03-17,0,Julai,Helen,0,Robinson,Robinson,3,M6G5QA,SS80 8RU,0,0
-20.018270801566477,9.416719160683692e-07,hospital_a,hospital_b,A0327,B0023,1957-06-21,1969-08-13,0,Cameron,Howard,0,Lee,Lee,3,MK10 4WQ,NP0N 1BA,0,0
-20.018270801566477,9.416719160683692e-07,hospital_a,hospital_b,A0331,B0193,1965-02-10,1993-04-16,0,Terence,Vicotria,0,Foster,Foster,3,N9 0WF,M25 9YD,0,0
-20.018270801566477,9.416719160683692e-07,hospital_a,hospital_b,A0336,B0419,1965-01-11,1976-05-15,0,Gary,Bradley,0,Jones,Jones,3,B483XF,TW24 7FJ,0,0
-20.018270801566477,9.416719160683692e-07,hospital_a,hospital_b,A0337,B0002,1947-01-25,1998-09-29,0,Denise,Joan,0,White,White,3,E4B 1FX,S54 3PE,0,0
-20.018270801566477,9.416719160683692e-07,hospital_a,hospital_b,A0339,B0610,1944-04-16,1958-03-18,0,Vansesa,Marilyn,0,Williams,Williams,3,UB952AE,LE49TN,0,0
-20.018270801566477,9.416719160683692e-07,hospital_a,hospital_b,A0348,B0419,1979-04-30,1976-05-15,0,Sean,Bradley,0,Jones,Jones,3,IG0 0JW,TW24 7FJ,0,0
-20.018270801566477,9.416719160683692e-07,hospital_a,hospital_b,A0349,B0743,1988-11-28,2001-01-23,0,Allan,Mohamed,0,Smith,Smith,3,TS6 6GA,TA873UP,0,0
-20.018270801566477,9.416719160683692e-07,hospital_a,hospital_b,A0350,B0415,1937-06-13,1952-09-02,0,Rebecca,rFancis,0,Thomas,Thomas,3,M23 2PX,G4 4BJ,0,0
-20.018270801566477,9.416719160683692e-07,hospital_a,hospital_b,A0356,B0387,1951-11-24,1955-09-07,0,Kieran,Adrian,0,Taylor,Taylor,3,SW3R8YX,SY3N 9UW,0,0
22.986540461169,0.9999998796733648,hospital_a,hospital_b,A0363,B0372,1995-11-28,1995-11-28,1,Lewis,Lewis,3,Roberts,Roberts,3,G06 5PX,G06 5PX,1,0
-20.018270801566477,9.416719160683692e-07,hospital_a,hospital_b,A0364,B0497,1983-01-10,1971-07-26,0,Kyle,Maragret,0,Brown,Brown,3,S33DL,IG81 3YA,0,0
-20.018270801566477,9.416719160683692e-07,hospital_a,hospital_b,A0365,B0743,1942-03-14,2001-01-23,0,Ronald,Mohamed,0,Smith,Smith,3,RG6 5GP,TA873UP,0,0
2.9866198006579197,0.8879695849880381,hospital_a,hospital_b,A0377,B0387,1955-09-07,1955-09-07,1,Adrain,Adrian,2,Taylor,Taylor,3,SY3N9UW,SY3N 9UW,0,0
-20.018270801566477,9.416719160683692e-07,hospital_a,hospital_b,A0381,B0125,1997-07-04,1960-05-13,0,Hannah,Jonh,0,Bailey,Bailey,3,CT4 7TF,S2 1JR,0,0
-20.018270801566477,9.416719160683692e-07,hospital_a,hospital_b,A0383,B0182,1964-10-10,1950-11-05,0,Kieran,Vanessa,0,Johnson,Johnson,3,E3 7NZ,KW1H 1FA,0,0
-20.018270801566477,9.416719160683692e-07,hospital_a,hospital_b,A0387,B0157,2004-04-29,1997-08-12,0,Clifford,Emma,0,Parker,Parker,3,SE8 2YU,L33 6WA,0,0
-20.018270801566477,9.416719160683692e-07,hospital_a,hospital_b,A0392,B0419,1944-08-05,1976-05-15,0,Sophie,Bradley,0,Jones,Jones,3,G26YL,TW24 7FJ,0,0
-14.44359436615754,4.487715947894868e-05,hospital_a,hospital_b,A0398,B0042,1966-07-21,2005-07-06,0,Karen,Kate,1,Burns,Burns,3,M172FQ,EN7M 6UE,0,0
-20.018270801566477,9.416719160683692e-07,hospital_a,hospital_b,A0399,B0017,2004-07-07,1959-02-04,0,Sahun,Dylan,0,King,King,3,FK1P 8UF,GY8E 6RG,0,0
-20.018270801566477,9.416719160683692e-07,hospital_a,hospital_b,A0401,B0743,2000-08-17,2001-01-23,0,Samantha,Mohamed,0,Smith,Smith,3,B00 3NU,TA873UP,0,0
-20.018270801566477,9.416719160683692e-07,hospital_a,hospital_b,A0402,B0610,1942-06-26,1958-03-18,0,Geraldine,Marilyn,0,Williams,Williams,3,N4T 3XF,LE49TN,0,0
22.986540461169,0.9999998796733648,hospital_a,hospital_b,A0404,B0414,1963-10-09,1963-10-09,1,Jacqueline,Jacqueline,3,Moore,Moore,3,M3C 2YH,M3C 2YH,1,0
17.53402081439428,0.9999947309599222,hospital_a,hospital_b,A0405,B0415,1952-09-02,1952-09-02,1,Francis,rFancis,2,Thomas,Thomas,3,G4 4BJ,G4 4BJ,1,0
22.986540461169,0.9999998796733648,hospital_a,hospital_b,A0408,B0419,1976-05-15,1976-05-15,1,Bradley,Bradley,3,Jones,Jones,3,TW24 7FJ,TW24 7FJ,1,0
-20.018270801566477,9.416719160683692e-07,hospital_a,hospital_b,A0422,B0743,1999-03-14,2001-01-23,0,Barbara,Mohamed,0,Smith,Smith,3,BH9X 3XA,TA873UP,0,0
-20.018270801566477,9.416719160683692e-07,hospital_a,hospital_b,A0423,B0017,1960-10-03,1959-02-04,0,Bethany,Dylan,0,King,King,3,RM87 1GE,GY8E 6RG,0,0
-20.018270801566477,9.416719160683692e-07,hospital_a,hospital_b,A0424,B0002,1938-01-28,1998-09-29,0,Geoffrey,Joan,0,White,White,3,W23 9BZ,S54 3PE,0,0
-20.018270801566477,9.416719160683692e-07,hospital_a,hospital_b,A0431,B0743,2000-10-30,2001-01-23,0,Christian,Mohamed,0,Smith,Smith,3,DG8 6LB,TA873UP,0,0
-20.018270801566477,9.416719160683692e-07,hospital_a,hospital_b,A0441,B0254,2006-07-23,1940-12-19,0,Lesley,Kyel,0,Adams,Adams,3,TD71LN,OX7B 5XE,0,0
-20.018270801566477,9.416719160683692e-07,hospital_a,hospital_b,A0443,B0610,1946-04-12,1958-03-18,0,Owen,Marilyn,0,Williams,Williams,3,S8F 7LQ,LE49TN,0,0
-20.018270801566477,9.416719160683692e-07,hospital_a,hospital_b,A0445,B0180,1995-06-10,1990-03-24,0,Oilver,Billy,0,Lloyd,Lloyd,3,FK7H 3QN,W8W 1QT,0,0
-20.018270801566477,9.416719160683692e-07,hospital_a,hospital_b,A0446,B0045,1947-06-13,1969-09-13,0,Guy,Raymond,0,Davies,Davies,3,ZE7 0US,N9D 7NS,0,0
-20.018270801566477,9.416719160683692e-07,hospital_a,hospital_b,A0448,B0419,1961-11-16,1976-05-15,0,Cheyrl,Bradley,0,Jones,Jones,3,N48ZU,TW24 7FJ,0,0
-20.018270801566477,9.416719160683692e-07,hospital_a,hospital_b,A0449,B0743,1989-05-18,2001-01-23,0,Robert,Mohamed,0,Smith,Smith,3,HX31 6EL,TA873UP,0,0
-20.018270801566477,9.416719160683692e-07,hospital_a,hospital_b,A0451,B0182,1983-10-12,1950-11-05,0,Gregory,Vanessa,0,Johnson,Johnson,3,LU4 4AT,KW1H 1FA,0,0
-14.44359436615754,4.487715947894868e-05,hospital_a,hospital_b,A0457,B0610,1983-05-01,1958-03-18,0,Gail,Marilyn,1,Williams,Williams,3,S2 2FJ,LE49TN,0,0
-20.018270801566477,9.416719160683692e-07,hospital_a,hospital_b,A0458,B0017,1963-11-03,1959-02-04,0,Laura,Dylan,0,King,King,3,TR1R 6FA,GY8E 6RG,0,0
-20.018270801566477,9.416719160683692e-07,hospital_a,hospital_b,A0460,B0693,1992-09-17,1948-12-25,0,Kelly,Gemma,0,Edwards,Edwards,3,TN4 1UR,BR6M 2DF,0,0
-20.018270801566477,9.416719160683692e-07,hospital_a,hospital_b,A0461,B0415,1997-06-25,1952-09-02,0,Joseph,rFancis,0,Thomas,Thomas,3,L11 7PJ,G4 4BJ,0,0
-20.018270801566477,9.416719160683692e-07,hospital_a,hospital_b,A0465,B0193,1959-06-10,1993-04-16,0,Lee,Vicotria,0,Foster,Foster,3,M46 1GN,M25 9YD,0,0
-20.018270801566477,9.416719160683692e-07,hospital_a,hospital_b,A0469,B0193,2000-04-14,1993-04-16,0,Bruce,Vicotria,0,Foster,Foster,3,CO9 7ED,M25 9YD,0,0
-20.018270801566477,9.416719160683692e-07,hospital_a,hospital_b,A0470,B0387,1953-02-09,1955-09-07,0,Iain,Adrian,0,Taylor,Taylor,3,HD8 0QS,SY3N 9UW,0,0
-20.018270801566477,9.416719160683692e-07,hospital_a,hospital_b,A0472,B0610,1951-09-01,1958-03-18,0,Jacqueline,Marilyn,0,Williams,Williams,3,DE68 4BX,LE49TN,0,0
-20.018270801566477,9.416719160683692e-07,hospital_a,hospital_b,A0477,B0193,1960-10-24,1993-04-16,0,Samuel,Vicotria,0,Foster,Foster,3,W13HP,M25 9YD,0,0
-20.018270801566477,9.416719160683692e-07,hospital_a,hospital_b,A0480,B0023,1956-09-04,1969-08-13,0,Gordon,Howard,0,Lee,Lee,3,N35 7PE,NP0N 1BA,0,0
-20.018270801566477,9.416719160683692e-07,hospital_a,hospital_b,A0486,B0023,1937-03-01,1969-08-13,0,Wendy,Howard,0,Lee,Lee,3,M96 8FT,NP0N 1BA,0,0
-20.018270801566477,9.416719160683692e-07,hospital_a,hospital_b,A0489,B0372,1963-11-30,1995-11-28,0,eWndy,Lewis,0,Roberts,Roberts,3,NP7 1JE,G06 5PX,0,0
-20.018270801566477,9.416719160683692e-07,hospital_a,hospital_b,A0496,B0414,1950-06-11,1963-10-09,0,Neli,Jacqueline,0,Moore,Moore,3,PE31 6ZU,M3C 2YH,0,0
-20.018270801566477,9.416719160683692e-07,hospital_a,hospital_b,A0500,B0497,1949-05-06,1971-07-26,0,Teresa,Maragret,0,Brown,Brown,3,UB6 5ZR,IG81 3YA,0,0
-20.018270801566477,9.416719160683692e-07,hospital_a,hospital_b,A0501,B0414,1944-07-13,1963-10-09,0,Marcus,Jacqueline,0,Moore,Moore,3,S5K 9UH,M3C 2YH,0,0
-20.018270801566477,9.416719160683692e-07,hospital_a,hospital_b,A0509,B0290,1954-08-05,1961-09-30,0,Grary,Lydia,0,Harrison,Harrison,3,HU95 8TG,N2A 8NQ,0,0
-20.018270801566477,9.416719160683692e-07,hospital_a,hospital_b,A0510,B0290,1972-01-22,1961-09-30,0,Glnen,Lydia,0,Harrison,Harrison,3,TQ4B 4HT,N2A 8NQ,0,0
-20.018270801566477,9.416719160683692e-07,hospital_a,hospital_b,A0516,B0157,1979-01-13,1997-08-12,0,Claier,Emma,0,Parker,Parker,3,EN6 4AX,L33 6WA,0,0
-20.018270801566477,9.416719160683692e-07,hospital_a,hospital_b,A0517,B0102,1974-08-23,1983-12-16,0,Leon,Darren,0,Richards,Richards,3,B59 3SL,W7A 8XS,0,0
-20.018270801566477,9.416719160683692e-07,hospital_a,hospital_b,A0527,B0693,1972-08-17,1948-12-25,0,Tracey,Gemma,0,Edwards,Edwards,3,LA6B 2LY,BR6M 2DF,0,0
-20.018270801566477,9.416719160683692e-07,hospital_a,hospital_b,A0529,B0414,1987-05-23,1963-10-09,0,Lauren,Jacqueline,0,Moore,Moore,3,SP2 7TN,M3C 2YH,0,0
-20.018270801566477,9.416719160683692e-07,hospital_a,hospital_b,A0531,B0415,1979-10-02,1952-09-02,0,Edwrad,rFancis,0,Thomas,Thomas,3,M1T 1FW,G4 4BJ,0,0
-20.018270801566477,9.416719160683692e-07,hospital_a,hospital_b,A0534,B0610,2006-08-15,1958-03-18,0,Kayleigh,Marilyn,0,Williams,Williams,3,W05 7GG,LE49TN,0,0
-20.018270801566477,9.416719160683692e-07,hospital_a,hospital_b,A0535,B0184,1950-11-06,1967-03-27,0,Ryamond,Larwence,0,Miller,Miller,3,M5U 1NZ,UB078JF,0,0
-20.018270801566477,9.416719160683692e-07,hospital_a,hospital_b,A0539,B0610,1959-03-20,1958-03-18,0,Cragi,Marilyn,0,Williams,Williams,3,M8J 0FD,LE49TN,0,0
-20.018270801566477,9.416719160683692e-07,hospital_a,hospital_b,A0541,B0073,1981-08-04,1969-05-27,0,Lawrence,Andrea,0,Allen,Allen,3,BS9B 8GW,G9B 4RU,0,0
-20.018270801566477,9.416719160683692e-07,hospital_a,hospital_b,A0543,B0017,1991-06-28,1959-02-04,0,Hilary,Dylan,0,King,King,3,N9C 2HN,GY8E 6RG,0,0
-20.018270801566477,9.416719160683692e-07,hospital_a,hospital_b,A0547,B0102,1995-05-20,1983-12-16,0,Christine,Darren,0,Richards,Richards,3,DD28 2QE,W7A 8XS,0,0
-20.018270801566477,9.416719160683692e-07,hospital_a,hospital_b,A0549,B0277,1997-10-13,1938-03-17,0,Gillian,Helen,0,Robinson,Robinson,3,W2W 4UU,SS80 8RU,0,0
-20.018270801566477,9.416719160683692e-07,hospital_a,hospital_b,A0550,B0227,1954-10-02,1980-04-07,0,Melissa,Leslie,0,Scott,Scott,3,N65 9BR,PR27 3HQ,0,0
-20.018270801566477,9.416719160683692e-07,hospital_a,hospital_b,A0551,B0419,1997-11-23,1976-05-15,0,Alexandra,Bradley,0,Jones,Jones,3,S73 9LX,TW24 7FJ,0,0
-20.018270801566477,9.416719160683692e-07,hospital_a,hospital_b,A0559,B0387,1938-01-01,1955-09-07,0,Marion,Adrian,0,Taylor,Taylor,3,TW60 9GA,SY3N 9UW,0,0
-20.018270801566477,9.416719160683692e-07,hospital_a,hospital_b,A0570,B0372,1976-10-02,1995-11-28,0,Matthew,Lewis,0,Roberts,Roberts,3,WF1 3ZU,G06 5PX,0,0
-20.018270801566477,9.416719160683692e-07,hospital_a,hospital_b,A0583,B0616,1968-04-20,1982-07-29,0,Helen,Rebecca,0,Hall,Hall,3,LL55 6FW,M384AH,0,0
-20.018270801566477,9.416719160683692e-07,hospital_a,hospital_b,A0594,B0182,1949-05-06,1950-11-05,0,Danny,Vanessa,0,Johnson,Johnson,3,W92 4YB,KW1H 1FA,0,0
-14.44359436615754,4.487715947894868e-05,hospital_a,hospital_b,A0597,B0290,1979-06-27,1961-09-30,0,Linda,Lydia,1,Harrison,Harrison,3,M5 5UQ,N2A 8NQ,0,0
8.439139447432636,0.9971271270496563,hospital_a,hospital_b,A0605,B0610,1958-03-18,1958-03-18,1,Marilyn,Marilyn,3,Williams,Williams,3,LE4 9TN,LE49TN,0,0
-20.018270801566477,9.416719160683692e-07,hospital_a,hospital_b,A0606,B0023,1962-08-29,1969-08-13,0,Guy,Howard,0,Lee,Lee,3,S5 2PZ,NP0N 1BA,0,0
8.439139447432636,0.9971271270496563,hospital_a,hospital_b,A0612,B0616,1982-07-29,1982-07-29,1,Rebecca,Rebecca,3,Hall,Hall,3,M38 4AH,M384AH,0,0
-20.018270801566477,9.416719160683692e-07,hospital_a,hospital_b,A0620,B0023,2000-08-20,1969-08-13,0,Dean,Howard,0,Lee,Lee,3,B81 2DN,NP0N 1BA,0,0
-20.018270801566477,9.416719160683692e-07,hospital_a,hospital_b,A0625,B0290,1971-02-18,1961-09-30,0,Terence,Lydia,0,Harrison,Harrison,3,GY20 9PS,N2A 8NQ,0,0
-20.018270801566477,9.416719160683692e-07,hospital_a,hospital_b,A0628,B0415,1958-09-05,1952-09-02,0,Ann,rFancis,0,Thomas,Thomas,3,BB357ZJ,G4 4BJ,0,0
-14.44359436615754,4.487715947894868e-05,hospital_a,hospital_b,A0631,B0003,1950-03-17,1995-10-31,0,Joanna,aJson,1,Fisher,Fisher,3,PA82 4JH,N9D 0JN,0,0
-20.018270801566477,9.416719160683692e-07,hospital_a,hospital_b,A0639,B0277,1961-11-23,1938-03-17,0,Alan,Helen,0,Robinson,Robinson,3,E21 4DW,SS80 8RU,0,0
-20.018270801566477,9.416719160683692e-07,hospital_a,hospital_b,A0648,B0180,2002-02-02,1990-03-24,0,Gary,Billy,0,Lloyd,Lloyd,3,W11 5ZQ,W8W 1QT,0,0
-20.018270801566477,9.416719160683692e-07,hospital_a,hospital_b,A0666,B0017,2008-03-02,1959-02-04,0,Clifford,Dylan,0,King,King,3,EX6E 5SD,GY8E 6RG,0,0
-20.018270801566477,9.416719160683692e-07,hospital_a,hospital_b,A0667,B0415,1994-05-18,1952-09-02,0,Lesley,rFancis,0,Thomas,Thomas,3,NP149XJ,G4 4BJ,0,0
-20.018270801566477,9.416719160683692e-07,hospital_a,hospital_b,A0668,B0227,1935-09-01,1980-04-07,0,Shane,Leslie,0,Scott,Scott,3,M9U7XJ,PR27 3HQ,0,0
-20.018270801566477,9.416719160683692e-07,hospital_a,hospital_b,A0677,B0002,1947-06-23,1998-09-29,0,Chalrene,Joan,0,White,White,3,SS0R 6PE,S54 3PE,0,0
-20.018270801566477,9.416719160683692e-07,hospital_a,hospital_b,A0683,B0002,1997-02-17,1998-09-29,0,Gail,Joan,0,White,White,3,B0 0AD,S54 3PE,0,0
-20.018270801566477,9.416719160683692e-07,hospital_a,hospital_b,A0685,B0419,1971-02-19,1976-05-15,0,Sheila,Bradley,0,Jones,Jones,3,G2 8ZB,TW24 7FJ,0,0
-20.018270801566477,9.416719160683692e-07,hospital_a,hospital_b,A0686,B0743,1953-03-19,2001-01-23,0,Irnee,Mohamed,0,Smith,Smith,3,RH5 5WL,TA873UP,0,0
-20.018270801566477,9.416719160683692e-07,hospital_a,hospital_b,A0687,B0157,1957-12-03,1997-08-12,0,Irene,Emma,0,Parker,Parker,3,S087BS,L33 6WA,0,0
-20.018270801566477,9.416719160683692e-07,hospital_a,hospital_b,A0689,B0497,1999-06-26,1971-07-26,0,Sam,Maragret,0,Brown,Brown,3,CO5Y 3EN,IG81 3YA,0,0
-20.018270801566477,9.416719160683692e-07,hospital_a,hospital_b,A0690,B0387,1938-05-16,1955-09-07,0,Gregory,Adrian,0,Taylor,Taylor,3,TN35 8GN,SY3N 9UW,0,0
-20.018270801566477,9.416719160683692e-07,hospital_a,hospital_b,A0700,B0042,1970-02-04,2005-07-06,0,Glenn,Kate,0,Burns,Burns,3,NR8E0HJ,EN7M 6UE,0,0
-20.018270801566477,9.416719160683692e-07,hospital_a,hospital_b,A0709,B0693,1968-01-23,1948-12-25,0,Kevin,Gemma,0,Edwards,Edwards,3,S62 5AX,BR6M 2DF,0,0
-20.018270801566477,9.416719160683692e-07,hospital_a,hospital_b,A0713,B0227,2003-09-09,1980-04-07,0,Sheila,Leslie,0,Scott,Scott,3,EX6W 1WG,PR27 3HQ,0,0
-20.018270801566477,9.416719160683692e-07,hospital_a,hospital_b,A0716,B0743,1974-12-29,2001-01-23,0,Antony,Mohamed,0,Smith,Smith,3,IP73 0ZT,TA873UP,0,0
-20.018270801566477,9.416719160683692e-07,hospital_a,hospital_b,A0731,B0125,1957-07-16,1960-05-13,0,Leah,Jonh,0,Bailey,Bailey,3,B6 1WJ,S2 1JR,0,0
-20.018270801566477,9.416719160683692e-07,hospital_a,hospital_b,A0735,B0003,1945-10-14,1995-10-31,0,Damian,aJson,0,Fisher,Fisher,3,N53 5XN,N9D 0JN,0,0
-20.018270801566477,9.416719160683692e-07,hospital_a,hospital_b,A0738,B0743,1974-05-03,2001-01-23,0,eJffrey,Mohamed,0,Smith,Smith,3,B3 4NJ,TA873UP,0,0
-20.018270801566477,9.416719160683692e-07,hospital_a,hospital_b,A0739,B0497,1946-03-05,1971-07-26,0,oClin,Maragret,0,Brown,Brown,3,G9T 0DN,IG81 3YA,0,0
-20.018270801566477,9.416719160683692e-07,hospital_a,hospital_b,A0742,B0073,1959-02-16,1969-05-27,0,John,Andrea,0,Allen,Allen,3,G94 2AY,G9B 4RU,0,0
-20.018270801566477,9.416719160683692e-07,hospital_a,hospital_b,A0746,B0102,2001-07-26,1983-12-16,0,Andrwe,Darren,0,Richards,Richards,3,ME97 6NZ,W7A 8XS,0,0
-20.018270801566477,9.416719160683692e-07,hospital_a,hospital_b,A0749,B0616,1952-01-06,1982-07-29,0,lAexander,Rebecca,0,Hall,Hall,3,B48LU,M384AH,0,0
-20.018270801566477,9.416719160683692e-07,hospital_a,hospital_b,A0760,B0415,1979-06-06,1952-09-02,0,Ruth,rFancis,0,Thomas,Thomas,3,SN49 6XJ,G4 4BJ,0,0
-20.018270801566477,9.416719160683692e-07,hospital_a,hospital_b,A0761,B0414,1942-09-29,1963-10-09,0,Carl,Jacqueline,0,Moore,Moore,3,G59 6LX,M3C 2YH,0,0
-20.018270801566477,9.416719160683692e-07,hospital_a,hospital_b,A0764,B0497,1947-05-15,1971-07-26,0,Beth,Maragret,0,Brown,Brown,3,SY4 2LE,IG81 3YA,0,0
-20.018270801566477,9.416719160683692e-07,hospital_a,hospital_b,A0769,B0743,1962-06-20,2001-01-23,0,Rosemary,Mohamed,0,Smith,Smith,3,S70AZ,TA873UP,0,0
-20.018270801566477,9.416719160683692e-07,hospital_a,hospital_b,A0773,B0184,1980-01-20,1967-03-27,0,Aaron,Larwence,0,Miller,Miller,3,BB11 4ED,UB078JF,0,0
-20.018270801566477,9.416719160683692e-07,hospital_a,hospital_b,A0774,B0277,1970-05-30,1938-03-17,0,Goergia,Helen,0,Robinson,Robinson,3,NW23 2YZ,SS80 8RU,0,0
-20.018270801566477,9.416719160683692e-07,hospital_a,hospital_b,A0776,B0277,2004-06-27,1938-03-17,0,Lauar,Helen,0,Robinson,Robinson,3,M218PL,SS80 8RU,0,0
-20.018270801566477,9.416719160683692e-07,hospital_a,hospital_b,A0780,B0693,1964-03-19,1948-12-25,0,Brian,Gemma,0,Edwards,Edwards,3,MK48 6QG,BR6M 2DF,0,0
-20.018270801566477,9.416719160683692e-07,hospital_a,hospital_b,A0786,B0102,1962-02-04,1983-12-16,0,Zoe,Darren,0,Richards,Richards,3,L6G4XF,W7A 8XS,0,0
-20.018270801566477,9.416719160683692e-07,hospital_a,hospital_b,A0789,B0693,1964-09-08,1948-12-25,0,Tina,Gemma,0,Edwards,Edwards,3,S422ZU,BR6M 2DF,0,0
-20.018270801566477,9.416719160683692e-07,hospital_a,hospital_b,A0801,B0157,1961-02-11,1997-08-12,0,Georgina,Emma,0,Parker,Parker,3,PE5X 3DB,L33 6WA,0,0
-20.018270801566477,9.416719160683692e-07,hospital_a,hospital_b,A0805,B0182,1983-07-29,1950-11-05,0,Benjamin,Vanessa,0,Johnson,Johnson,3,G3U 4PE,KW1H 1FA,0,0
-20.018270801566477,9.416719160683692e-07,hospital_a,hospital_b,A0806,B0184,1974-10-11,1967-03-27,0,Kim,Larwence,0,Miller,Miller,3,ML43 2ED,UB078JF,0,0
-20.018270801566477,9.416719160683692e-07,hospital_a,hospital_b,A0813,B0415,1991-12-29,1952-09-02,0,Gordon,rFancis,0,Thomas,Thomas,3,E65 6LR,G4 4BJ,0,0
-20.018270801566477,9.416719160683692e-07,hospital_a,hospital_b,A0818,B0045,1997-05-06,1969-09-13,0,Oliver,Raymond,0,Davies,Davies,3,WV0V 9ZE,N9D 7NS,0,0
-20.018270801566477,9.416719160683692e-07,hospital_a,hospital_b,A0821,B0227,1955-01-21,1980-04-07,0,Megan,Leslie,0,Scott,Scott,3,SS98 1SH,PR27 3HQ,0,0
-20.018270801566477,9.416719160683692e-07,hospital_a,hospital_b,A0827,B0002,1939-10-21,1998-09-29,0,Nathan,Joan,0,White,White,3,N28DA,S54 3PE,0,0
-20.018270801566477,9.416719160683692e-07,hospital_a,hospital_b,A0831,B0419,1941-12-21,1976-05-15,0,Josuha,Bradley,0,Jones,Jones,3,W0 6ZU,TW24 7FJ,0,0
-20.018270801566477,9.416719160683692e-07,hospital_a,hospital_b,A0833,B0277,2005-09-01,1938-03-17,0,Rhys,Helen,0,Robinson,Robinson,3,CV2E 1ZN,SS80 8RU,0,0
-20.018270801566477,9.416719160683692e-07,hospital_a,hospital_b,A0842,B0419,1987-03-09,1976-05-15,0,lGen,Bradley,0,Jones,Jones,3,G6 6NN,TW24 7FJ,0,0
-20.018270801566477,9.416719160683692e-07,hospital_a,hospital_b,A0844,B0616,1984-07-07,1982-07-29,0,Shaun,Rebecca,0,Hall,Hall,3,GU31 9NW,M384AH,0,0
-20.018270801566477,9.416719160683692e-07,hospital_a,hospital_b,A0846,B0073,1954-12-19,1969-05-27,0,Eric,Andrea,0,Allen,Allen,3,EX08 2JB,G9B 4RU,0,0
-20.018270801566477,9.416719160683692e-07,hospital_a,hospital_b,A0847,B0419,1978-01-12,1976-05-15,0,oTm,Bradley,0,Jones,Jones,3,B30 4LY,TW24 7FJ,0,0
-20.018270801566477,9.416719160683692e-07,hospital_a,hospital_b,A0013,B0202,1994-03-15,2002-02-25,0,Molly,Justin,0,Robinson,Robinson,3,B8E2LE,IV3 0WS,0,0
-20.018270801566477,9.416719160683692e-07,hospital_a,hospital_b,A0014,B0690,2001-07-31,1953-03-19,0,Wedny,Ireen,0,Smith,Smith,3,E6 0AP,RH5 5WL,0,0
-20.018270801566477,9.416719160683692e-07,hospital_a,hospital_b,A0019,B0543,1984-08-08,1959-03-20,0,Natalie,Craig,0,Williams,Williams,3,W2S 4WZ,M8J 0FD,0,0
-20.018270801566477,9.416719160683692e-07,hospital_a,hospital_b,A0022,B0402,2004-02-08,1944-08-05,0,Jessica,Sophie,0,Jones,Jones,3,SY6 8XZ,G2 6YL,0,0
-20.018270801566477,9.416719160683692e-07,hospital_a,hospital_b,A0023,B0202,1974-04-10,2002-02-25,0,Scott,Justin,0,Robinson,Robinson,3,PE90 6FT,IV3 0WS,0,0
-20.018270801566477,9.416719160683692e-07,hospital_a,hospital_b,A0025,B0589,1995-07-25,1968-04-20,0,Pamela,Helen,0,Hall,Hall,3,M5W 1LT,LL55 6FW,0,0
17.53402081439428,0.9999947309599222,hospital_a,hospital_b,A0034,B0034,1997-11-24,1997-11-24,1,Danny,Danyn,2,Davies,Davies,3,KA7 6XB,KA7 6XB,1,0
-20.018270801566477,9.416719160683692e-07,hospital_a,hospital_b,A0036,B0411,1965-01-24,1975-07-25,0,Lynn,Aimee,0,Brown,Brown,3,E71 7NW,N55 3LH,0,0
-20.018270801566477,9.416719160683692e-07,hospital_a,hospital_b,A0038,B0690,1963-03-29,1953-03-19,0,Amelia,Ireen,0,Smith,Smith,3,BH57 6FU,RH5 5WL,0,0
-20.018270801566477,9.416719160683692e-07,hospital_a,hospital_b,A0042,B0363,1992-02-06,1951-11-24,0,Anna,Kieran,0,Taylor,Taylor,3,W4 9QJ,SW3R 8YX,0,0
-20.018270801566477,9.416719160683692e-07,hospital_a,hospital_b,A0056,B0411,1958-12-28,1975-07-25,0,Carol,Aimee,0,Brown,Brown,3,W5B 1JS,N55 3LH,0,0
-20.018270801566477,9.416719160683692e-07,hospital_a,hospital_b,A0058,B0034,1999-09-03,1997-11-24,0,uLcy,Danyn,0,Davies,Davies,3,RH9N 2TD,KA7 6XB,0,0
-20.018270801566477,9.416719160683692e-07,hospital_a,hospital_b,A0062,B0034,1995-10-19,1997-11-24,0,Scott,Danyn,0,Davies,Davies,3,SL8B8QA,KA7 6XB,0,0
-20.018270801566477,9.416719160683692e-07,hospital_a,hospital_b,A0067,B0335,1956-07-18,2003-09-22,0,Cameron,Anna,0,Edwards,Edwards,3,N3 2DW,NN9H 4NY,0,0
-20.018270801566477,9.416719160683692e-07,hospital_a,hospital_b,A0070,B0335,1947-06-13,2003-09-22,0,Mandy,Anna,0,Edwards,Edwards,3,HS70 9SL,NN9H 4NY,0,0
-20.018270801566477,9.416719160683692e-07,hospital_a,hospital_b,A0083,B0690,1977-01-30,1953-03-19,0,Gail,Ireen,0,Smith,Smith,3,CH3A 5SF,RH5 5WL,0,0
-20.018270801566477,9.416719160683692e-07,hospital_a,hospital_b,A0086,B0690,1970-04-04,1953-03-19,0,Abbie,Ireen,0,Smith,Smith,3,M84 1ZY,RH5 5WL,0,0
-20.018270801566477,9.416719160683692e-07,hospital_a,hospital_b,A0097,B0543,1974-09-08,1959-03-20,0,Joanne,Craig,0,Williams,Williams,3,G8 3YP,M8J 0FD,0,0
-20.018270801566477,9.416719160683692e-07,hospital_a,hospital_b,A0102,B0690,2003-07-10,1953-03-19,0,Anrdew,Ireen,0,Smith,Smith,3,S4C 5JR,RH5 5WL,0,0
-20.018270801566477,9.416719160683692e-07,hospital_a,hospital_b,A0103,B0402,2002-03-21,1944-08-05,0,Janice,Sophie,0,Jones,Jones,3,B8A0AS,G2 6YL,0,0
-20.018270801566477,9.416719160683692e-07,hospital_a,hospital_b,A0111,B0228,1959-05-04,1957-07-22,0,Jessica,nAnette,0,Roberts,Roberts,3,KY9 4PZ,BA533XW,0,0
-20.018270801566477,9.416719160683692e-07,hospital_a,hospital_b,A0119,B0034,1958-02-22,1997-11-24,0,Graham,Danyn,0,Davies,Davies,3,M12 2WR,KA7 6XB,0,0
-20.018270801566477,9.416719160683692e-07,hospital_a,hospital_b,A0127,B0250,1979-11-02,1942-10-03,0,Melanie,Brenda,0,Moore,Moore,3,W53 6ZT,N8F2NY,0,0
-20.018270801566477,9.416719160683692e-07,hospital_a,hospital_b,A0148,B0402,1983-07-16,1944-08-05,0,Megan,Sophie,0,Jones,Jones,3,S2 6QG,G2 6YL,0,0
-20.018270801566477,9.416719160683692e-07,hospital_a,hospital_b,A0150,B0034,1980-07-24,1997-11-24,0,Alexadnra,Danyn,0,Davies,Davies,3,W2 3HF,KA7 6XB,0,0
-20.018270801566477,9.416719160683692e-07,hospital_a,hospital_b,A0153,B0363,1995-03-21,1951-11-24,0,Georgia,Kieran,0,Taylor,Taylor,3,G1E 2WY,SW3R 8YX,0,0
-20.018270801566477,9.416719160683692e-07,hospital_a,hospital_b,A0163,B0188,1947-09-24,1997-03-09,0,Ashley,Makr,0,Adams,Adams,3,YO7 1QP,G8C2GY,0,0
-20.018270801566477,9.416719160683692e-07,hospital_a,hospital_b,A0165,B0543,1977-02-11,1959-03-20,0,Kelly,Craig,0,Williams,Williams,3,W71UA,M8J 0FD,0,0
-20.018270801566477,9.416719160683692e-07,hospital_a,hospital_b,A0177,B0034,1976-09-11,1997-11-24,0,Jeremy,Danyn,0,Davies,Davies,3,W8 4DL,KA7 6XB,0,0
-20.018270801566477,9.416719160683692e-07,hospital_a,hospital_b,A0178,B0402,1959-04-03,1944-08-05,0,Elloitt,Sophie,0,Jones,Jones,3,HA9E 5SG,G2 6YL,0,0
2.9866198006579197,0.8879695849880381,hospital_a,hospital_b,A0181,B0188,1997-03-09,1997-03-09,1,Mark,Makr,2,Adams,Adams,3,G8C 2GY,G8C2GY,0,0
-20.018270801566477,9.416719160683692e-07,hospital_a,hospital_b,A0195,B0250,1991-06-29,1942-10-03,0,Gmema,Brenda,0,Moore,Moore,3,TF7 9AU,N8F2NY,0,0
-20.018270801566477,9.416719160683692e-07,hospital_a,hospital_b,A0196,B0218,1954-07-04,1953-12-19,0,John,Sara,0,Harrison,Harrison,3,CA6 1XG,DT9 0HU,0,0
-20.018270801566477,9.416719160683692e-07,hospital_a,hospital_b,A0199,B0218,1962-06-18,1953-12-19,0,aSmantha,Sara,0,Harrison,Harrison,3,FY729JE,DT9 0HU,0,0
-20.018270801566477,9.416719160683692e-07,hospital_a,hospital_b,A0211,B0690,1938-03-01,1953-03-19,0,Aaron,Ireen,0,Smith,Smith,3,LA8M 3YG,RH5 5WL,0,0
2.9866198006579197,0.8879695849880381,hospital_a,hospital_b,A0222,B0228,1957-07-22,1957-07-22,1,Annette,nAnette,2,Roberts,Roberts,3,BA53 3XW,BA533XW,0,0
-14.44359436615754,4.487715947894868e-05,hospital_a,hospital_b,A0224,B0690,1946-06-07,1953-03-19,0,Helen,Ireen,1,Smith,Smith,3,PL5 8FH,RH5 5WL,0,0
22.986540461169,0.9999998796733648,hospital_a,hospital_b,A0236,B0245,1960-10-22,1960-10-22,1,Amy,Amy,3,Thomas,Thomas,3,DN0X 4LD,DN0X 4LD,1,0
8.439139447432636,0.9971271270496563,hospital_a,hospital_b,A0241,B0250,1942-10-03,1942-10-03,1,Brenda,Brenda,3,Moore,Moore,3,N8F 2NY,N8F2NY,0,0
-20.018270801566477,9.416719160683692e-07,hospital_a,hospital_b,A0245,B0589,1978-05-24,1968-04-20,0,Stcaey,Helen,0,Hall,Hall,3,L826DP,LL55 6FW,0,0
-20.018270801566477,9.416719160683692e-07,hospital_a,hospital_b,A0247,B0543,1950-09-13,1959-03-20,0,Margaret,Craig,0,Williams,Williams,3,W23 5SF,M8J 0FD,0,0
-20.018270801566477,9.416719160683692e-07,hospital_a,hospital_b,A0252,B0690,1980-03-27,1953-03-19,0,Ricky,Ireen,0,Smith,Smith,3,WF4 1ZG,RH5 5WL,0,0
-20.018270801566477,9.416719160683692e-07,hospital_a,hospital_b,A0265,B0543,1959-09-08,1959-03-20,0,Ryhs,Craig,0,Williams,Williams,3,BH10 2AU,M8J 0FD,0,0
-20.018270801566477,9.416719160683692e-07,hospital_a,hospital_b,A0266,B0690,1965-05-27,1953-03-19,0,Nigel,Ireen,0,Smith,Smith,3,S319UB,RH5 5WL,0,0
-20.018270801566477,9.416719160683692e-07,hospital_a,hospital_b,A0269,B0202,1938-03-17,2002-02-25,0,Helen,Justin,0,Robinson,Robinson,3,SS80 8RU,IV3 0WS,0,0
-20.018270801566477,9.416719160683692e-07,hospital_a,hospital_b,A0273,B0218,1971-07-08,1953-12-19,0,Nathan,Sara,0,Harrison,Harrison,3,B46 7QS,DT9 0HU,0,0
-20.018270801566477,9.416719160683692e-07,hospital_a,hospital_b,A0286,B0218,1948-10-18,1953-12-19,0,Claire,Sara,0,Harrison,Harrison,3,CF2N 6HW,DT9 0HU,0,0
-20.018270801566477,9.416719160683692e-07,hospital_a,hospital_b,A0290,B0188,1971-01-27,1997-03-09,0,Billy,Makr,0,Adams,Adams,3,NP5 0SE,G8C2GY,0,0
-20.018270801566477,9.416719160683692e-07,hospital_a,hospital_b,A0295,B0078,2008-01-04,1955-10-28,0,Arthur,Jay,0,Parker,Parker,3,TR39 9EY,W4J 1SF,0,0
-20.018270801566477,9.416719160683692e-07,hospital_a,hospital_b,A0302,B0335,1991-04-27,2003-09-22,0,Georgia,Anna,0,Edwards,Edwards,3,TA2W 5TU,NN9H 4NY,0,0
-20.018270801566477,9.416719160683692e-07,hospital_a,hospital_b,A0304,B0690,1942-03-28,1953-03-19,0,Jodie,Ireen,0,Smith,Smith,3,B5 7QZ,RH5 5WL,0,0
-20.018270801566477,9.416719160683692e-07,hospital_a,hospital_b,A0310,B0228,1989-01-01,1957-07-22,0,Abigail,nAnette,0,Roberts,Roberts,3,ZE9 5EQ,BA533XW,0,0
-20.018270801566477,9.416719160683692e-07,hospital_a,hospital_b,A0313,B0411,1989-05-05,1975-07-25,0,Setphanie,Aimee,0,Brown,Brown,3,DD26 1SN,N55 3LH,0,0
-20.018270801566477,9.416719160683692e-07,hospital_a,hospital_b,A0319,B0402,1999-10-03,1944-08-05,0,Sylvia,Sophie,0,Jones,Jones,3,SP6P 7GZ,G2 6YL,0,0
-20.018270801566477,9.416719160683692e-07,hospital_a,hospital_b,A0323,B0690,1994-05-09,1953-03-19,0,Thomas,Ireen,0,Smith,Smith,3,GL81LQ,RH5 5WL,0,0
-14.44359436615754,4.487715947894868e-05,hospital_a,hospital_b,A0325,B0202,1993-08-13,2002-02-25,0,Julai,Justin,1,Robinson,Robinson,3,M6G5QA,IV3 0WS,0,0
-20.018270801566477,9.416719160683692e-07,hospital_a,hospital_b,A0336,B0402,1965-01-11,1944-08-05,0,Gary,Sophie,0,Jones,Jones,3,B483XF,G2 6YL,0,0
-20.018270801566477,9.416719160683692e-07,hospital_a,hospital_b,A0339,B0543,1944-04-16,1959-03-20,0,Vansesa,Craig,0,Williams,Williams,3,UB952AE,M8J 0FD,0,0
-20.018270801566477,9.416719160683692e-07,hospital_a,hospital_b,A0348,B0402,1979-04-30,1944-08-05,0,Sean,Sophie,0,Jones,Jones,3,IG0 0JW,G2 6YL,0,0
-20.018270801566477,9.416719160683692e-07,hospital_a,hospital_b,A0349,B0690,1988-11-28,1953-03-19,0,Allan,Ireen,0,Smith,Smith,3,TS6 6GA,RH5 5WL,0,0
-20.018270801566477,9.416719160683692e-07,hospital_a,hospital_b,A0350,B0245,1937-06-13,1960-10-22,0,Rebecca,Amy,0,Thomas,Thomas,3,M23 2PX,DN0X 4LD,0,0
8.439139447432636,0.9971271270496563,hospital_a,hospital_b,A0356,B0363,1951-11-24,1951-11-24,1,Kieran,Kieran,3,Taylor,Taylor,3,SW3R8YX,SW3R 8YX,0,0
-20.018270801566477,9.416719160683692e-07,hospital_a,hospital_b,A0363,B0228,1995-11-28,1957-07-22,0,Lewis,nAnette,0,Roberts,Roberts,3,G06 5PX,BA533XW,0,0
-20.018270801566477,9.416719160683692e-07,hospital_a,hospital_b,A0364,B0411,1983-01-10,1975-07-25,0,Kyle,Aimee,0,Brown,Brown,3,S33DL,N55 3LH,0,0
-20.018270801566477,9.416719160683692e-07,hospital_a,hospital_b,A0365,B0690,1942-03-14,1953-03-19,0,Ronald,Ireen,0,Smith,Smith,3,RG6 5GP,RH5 5WL,0,0
-20.018270801566477,9.416719160683692e-07,hospital_a,hospital_b,A0377,B0363,1955-09-07,1951-11-24,0,Adrain,Kieran,0,Taylor,Taylor,3,SY3N9UW,SW3R 8YX,0,0
-20.018270801566477,9.416719160683692e-07,hospital_a,hospital_b,A0387,B0078,2004-04-29,1955-10-28,0,Clifford,Jay,0,Parker,Parker,3,SE8 2YU,W4J 1SF,0,0
8.439139447432636,0.9971271270496563,hospital_a,hospital_b,A0392,B0402,1944-08-05,1944-08-05,1,Sophie,Sophie,3,Jones,Jones,3,G26YL,G2 6YL,0,0
-20.018270801566477,9.416719160683692e-07,hospital_a,hospital_b,A0401,B0690,2000-08-17,1953-03-19,0,Samantha,Ireen,0,Smith,Smith,3,B00 3NU,RH5 5WL,0,0
-20.018270801566477,9.416719160683692e-07,hospital_a,hospital_b,A0402,B0543,1942-06-26,1959-03-20,0,Geraldine,Craig,0,Williams,Williams,3,N4T 3XF,M8J 0FD,0,0
-20.018270801566477,9.416719160683692e-07,hospital_a,hospital_b,A0404,B0250,1963-10-09,1942-10-03,0,Jacqueline,Brenda,0,Moore,Moore,3,M3C 2YH,N8F2NY,0,0
-20.018270801566477,9.416719160683692e-07,hospital_a,hospital_b,A0405,B0245,1952-09-02,1960-10-22,0,Francis,Amy,0,Thomas,Thomas,3,G4 4BJ,DN0X 4LD,0,0
-20.018270801566477,9.416719160683692e-07,hospital_a,hospital_b,A0408,B0402,1976-05-15,1944-08-05,0,Bradley,Sophie,0,Jones,Jones,3,TW24 7FJ,G2 6YL,0,0
-20.018270801566477,9.416719160683692e-07,hospital_a,hospital_b,A0422,B0690,1999-03-14,1953-03-19,0,Barbara,Ireen,0,Smith,Smith,3,BH9X 3XA,RH5 5WL,0,0
-20.018270801566477,9.416719160683692e-07,hospital_a,hospital_b,A0431,B0690,2000-10-30,1953-03-19,0,Christian,Ireen,0,Smith,Smith,3,DG8 6LB,RH5 5WL,0,0
-20.018270801566477,9.416719160683692e-07,hospital_a,hospital_b,A0441,B0188,2006-07-23,1997-03-09,0,Lesley,Makr,0,Adams,Adams,3,TD71LN,G8C2GY,0,0
-20.018270801566477,9.416719160683692e-07,hospital_a,hospital_b,A0443,B0543,1946-04-12,1959-03-20,0,Owen,Craig,0,Williams,Williams,3,S8F 7LQ,M8J 0FD,0,0
-20.018270801566477,9.416719160683692e-07,hospital_a,hospital_b,A0446,B0034,1947-06-13,1997-11-24,0,Guy,Danyn,0,Davies,Davies,3,ZE7 0US,KA7 6XB,0,0
-20.018270801566477,9.416719160683692e-07,hospital_a,hospital_b,A0448,B0402,1961-11-16,1944-08-05,0,Cheyrl,Sophie,0,Jones,Jones,3,N48ZU,G2 6YL,0,0
-20.018270801566477,9.416719160683692e-07,hospital_a,hospital_b,A0449,B0690,1989-05-18,1953-03-19,0,Robert,Ireen,0,Smith,Smith,3,HX31 6EL,RH5 5WL,0,0
-20.018270801566477,9.416719160683692e-07,hospital_a,hospital_b,A0457,B0543,1983-05-01,1959-03-20,0,Gail,Craig,0,Williams,Williams,3,S2 2FJ,M8J 0FD,0,0
-20.018270801566477,9.416719160683692e-07,hospital_a,hospital_b,A0460,B0335,1992-09-17,2003-09-22,0,Kelly,Anna,0,Edwards,Edwards,3,TN4 1UR,NN9H 4NY,0,0
-20.018270801566477,9.416719160683692e-07,hospital_a,hospital_b,A0461,B0245,1997-06-25,1960-10-22,0,Joseph,Amy,0,Thomas,Thomas,3,L11 7PJ,DN0X 4LD,0,0
-20.018270801566477,9.416719160683692e-07,hospital_a,hospital_b,A0470,B0363,1953-02-09,1951-11-24,0,Iain,Kieran,0,Taylor,Taylor,3,HD8 0QS,SW3R 8YX,0,0
-20.018270801566477,9.416719160683692e-07,hospital_a,hospital_b,A0472,B0543,1951-09-01,1959-03-20,0,Jacqueline,Craig,0,Williams,Williams,3,DE68 4BX,M8J 0FD,0,0
-20.018270801566477,9.416719160683692e-07,hospital_a,hospital_b,A0489,B0228,1963-11-30,1957-07-22,0,eWndy,nAnette,0,Roberts,Roberts,3,NP7 1JE,BA533XW,0,0
-20.018270801566477,9.416719160683692e-07,hospital_a,hospital_b,A0496,B0250,1950-06-11,1942-10-03,0,Neli,Brenda,0,Moore,Moore,3,PE31 6ZU,N8F2NY,0,0
-20.018270801566477,9.416719160683692e-07,hospital_a,hospital_b,A0500,B0411,1949-05-06,1975-07-25,0,Teresa,Aimee,0,Brown,Brown,3,UB6 5ZR,N55 3LH,0,0
-20.018270801566477,9.416719160683692e-07,hospital_a,hospital_b,A0501,B0250,1944-07-13,1942-10-03,0,Marcus,Brenda,0,Moore,Moore,3,S5K 9UH,N8F2NY,0,0
-20.018270801566477,9.416719160683692e-07,hospital_a,hospital_b,A0509,B0218,1954-08-05,1953-12-19,0,Grary,Sara,0,Harrison,Harrison,3,HU95 8TG,DT9 0HU,0,0
-20.018270801566477,9.416719160683692e-07,hospital_a,hospital_b,A0510,B0218,1972-01-22,1953-12-19,0,Glnen,Sara,0,Harrison,Harrison,3,TQ4B 4HT,DT9 0HU,0,0
-20.018270801566477,9.416719160683692e-07,hospital_a,hospital_b,A0516,B0078,1979-01-13,1955-10-28,0,Claier,Jay,0,Parker,Parker,3,EN6 4AX,W4J 1SF,0,0
-20.018270801566477,9.416719160683692e-07,hospital_a,hospital_b,A0527,B0335,1972-08-17,2003-09-22,0,Tracey,Anna,0,Edwards,Edwards,3,LA6B 2LY,NN9H 4NY,0,0
-20.018270801566477,9.416719160683692e-07,hospital_a,hospital_b,A0529,B0250,1987-05-23,1942-10-03,0,Lauren,Brenda,0,Moore,Moore,3,SP2 7TN,N8F2NY,0,0
-20.018270801566477,9.416719160683692e-07,hospital_a,hospital_b,A0531,B0245,1979-10-02,1960-10-22,0,Edwrad,Amy,0,Thomas,Thomas,3,M1T 1FW,DN0X 4LD,0,0
-20.018270801566477,9.416719160683692e-07,hospital_a,hospital_b,A0534,B0543,2006-08-15,1959-03-20,0,Kayleigh,Craig,0,Williams,Williams,3,W05 7GG,M8J 0FD,0,0
17.53402081439428,0.9999947309599222,hospital_a,hospital_b,A0539,B0543,1959-03-20,1959-03-20,1,Cragi,Craig,2,Williams,Williams,3,M8J 0FD,M8J 0FD,1,0
-20.018270801566477,9.416719160683692e-07,hospital_a,hospital_b,A0549,B0202,1997-10-13,2002-02-25,0,Gillian,Justin,0,Robinson,Robinson,3,W2W 4UU,IV3 0WS,0,0
-20.018270801566477,9.416719160683692e-07,hospital_a,hospital_b,A0551,B0402,1997-11-23,1944-08-05,0,Alexandra,Sophie,0,Jones,Jones,3,S73 9LX,G2 6YL,0,0
-20.018270801566477,9.416719160683692e-07,hospital_a,hospital_b,A0559,B0363,1938-01-01,1951-11-24,0,Marion,Kieran,0,Taylor,Taylor,3,TW60 9GA,SW3R 8YX,0,0
-20.018270801566477,9.416719160683692e-07,hospital_a,hospital_b,A0570,B0228,1976-10-02,1957-07-22,0,Matthew,nAnette,0,Roberts,Roberts,3,WF1 3ZU,BA533XW,0,0
22.986540461169,0.9999998796733648,hospital_a,hospital_b,A0583,B0589,1968-04-20,1968-04-20,1,Helen,Helen,3,Hall,Hall,3,LL55 6FW,LL55 6FW,1,0
-20.018270801566477,9.416719160683692e-07,hospital_a,hospital_b,A0597,B0218,1979-06-27,1953-12-19,0,Linda,Sara,0,Harrison,Harrison,3,M5 5UQ,DT9 0HU,0,0
-20.018270801566477,9.416719160683692e-07,hospital_a,hospital_b,A0605,B0543,1958-03-18,1959-03-20,0,Marilyn,Craig,0,Williams,Williams,3,LE4 9TN,M8J 0FD,0,0
-20.018270801566477,9.416719160683692e-07,hospital_a,hospital_b,A0612,B0589,1982-07-29,1968-04-20,0,Rebecca,Helen,0,Hall,Hall,3,M38 4AH,LL55 6FW,0,0
-20.018270801566477,9.416719160683692e-07,hospital_a,hospital_b,A0625,B0218,1971-02-18,1953-12-19,0,Terence,Sara,0,Harrison,Harrison,3,GY20 9PS,DT9 0HU,0,0
-20.018270801566477,9.416719160683692e-07,hospital_a,hospital_b,A0628,B0245,1958-09-05,1960-10-22,0,Ann,Amy,0,Thomas,Thomas,3,BB357ZJ,DN0X 4LD,0,0
-20.018270801566477,9.416719160683692e-07,hospital_a,hospital_b,A0639,B0202,1961-11-23,2002-02-25,0,Alan,Justin,0,Robinson,Robinson,3,E21 4DW,IV3 0WS,0,0
-20.018270801566477,9.416719160683692e-07,hospital_a,hospital_b,A0667,B0245,1994-05-18,1960-10-22,0,Lesley,Amy,0,Thomas,Thomas,3,NP149XJ,DN0X 4LD,0,0
-20.018270801566477,9.416719160683692e-07,hospital_a,hospital_b,A0685,B0402,1971-02-19,1944-08-05,0,Sheila,Sophie,0,Jones,Jones,3,G2 8ZB,G2 6YL,0,0
14.220175065804778,0.999947606428155,hospital_a,hospital_b,A0686,B0690,1953-03-19,1953-03-19,1,Irnee,Ireen,1,Smith,Smith,3,RH5 5WL,RH5 5WL,1,0
-20.018270801566477,9.416719160683692e-07,hospital_a,hospital_b,A0687,B0078,1957-12-03,1955-10-28,0,Irene,Jay,0,Parker,Parker,3,S087BS,W4J 1SF,0,0
-20.018270801566477,9.416719160683692e-07,hospital_a,hospital_b,A0689,B0411,1999-06-26,1975-07-25,0,Sam,Aimee,0,Brown,Brown,3,CO5Y 3EN,N55 3LH,0,0
-20.018270801566477,9.416719160683692e-07,hospital_a,hospital_b,A0690,B0363,1938-05-16,1951-11-24,0,Gregory,Kieran,0,Taylor,Taylor,3,TN35 8GN,SW3R 8YX,0,0
-20.018270801566477,9.416719160683692e-07,hospital_a,hospital_b,A0709,B0335,1968-01-23,2003-09-22,0,Kevin,Anna,0,Edwards,Edwards,3,S62 5AX,NN9H 4NY,0,0
-20.018270801566477,9.416719160683692e-07,hospital_a,hospital_b,A0716,B0690,1974-12-29,1953-03-19,0,Antony,Ireen,0,Smith,Smith,3,IP73 0ZT,RH5 5WL,0,0
-20.018270801566477,9.416719160683692e-07,hospital_a,hospital_b,A0738,B0690,1974-05-03,1953-03-19,0,eJffrey,Ireen,0,Smith,Smith,3,B3 4NJ,RH5 5WL,0,0
-20.018270801566477,9.416719160683692e-07,hospital_a,hospital_b,A0739,B0411,1946-03-05,1975-07-25,0,oClin,Aimee,0,Brown,Brown,3,G9T 0DN,N55 3LH,0,0
-20.018270801566477,9.416719160683692e-07,hospital_a,hospital_b,A0749,B0589,1952-01-06,1968-04-20,0,lAexander,Helen,0,Hall,Hall,3,B48LU,LL55 6FW,0,0
-20.018270801566477,9.416719160683692e-07,hospital_a,hospital_b,A0760,B0245,1979-06-06,1960-10-22,0,Ruth,Amy,0,Thomas,Thomas,3,SN49 6XJ,DN0X 4LD,0,0
-20.018270801566477,9.416719160683692e-07,hospital_a,hospital_b,A0761,B0250,1942-09-29,1942-10-03,0,Carl,Brenda,0,Moore,Moore,3,G59 6LX,N8F2NY,0,0
-20.018270801566477,9.416719160683692e-07,hospital_a,hospital_b,A0764,B0411,1947-05-15,1975-07-25,0,Beth,Aimee,0,Brown,Brown,3,SY4 2LE,N55 3LH,0,0
-20.018270801566477,9.416719160683692e-07,hospital_a,hospital_b,A0769,B0690,1962-06-20,1953-03-19,0,Rosemary,Ireen,0,Smith,Smith,3,S70AZ,RH5 5WL,0,0
-20.018270801566477,9.416719160683692e-07,hospital_a,hospital_b,A0774,B0202,1970-05-30,2002-02-25,0,Goergia,Justin,0,Robinson,Robinson,3,NW23 2YZ,IV3 0WS,0,0
-20.018270801566477,9.416719160683692e-07,hospital_a,hospital_b,A0776,B0202,2004-06-27,2002-02-25,0,Lauar,Justin,0,Robinson,Robinson,3,M218PL,IV3 0WS,0,0
-20.018270801566477,9.416719160683692e-07,hospital_a,hospital_b,A0780,B0335,1964-03-19,2003-09-22,0,Brian,Anna,0,Edwards,Edwards,3,MK48 6QG,NN9H 4NY,0,0
-20.018270801566477,9.416719160683692e-07,hospital_a,hospital_b,A0789,B0335,1964-09-08,2003-09-22,0,Tina,Anna,0,Edwards,Edwards,3,S422ZU,NN9H 4NY,0,0
-20.018270801566477,9.416719160683692e-07,hospital_a,hospital_b,A0801,B0078,1961-02-11,1955-10-28,0,Georgina,Jay,0,Parker,Parker,3,PE5X 3DB,W4J 1SF,0,0
-20.018270801566477,9.416719160683692e-07,hospital_a,hospital_b,A0813,B0245,1991-12-29,1960-10-22,0,Gordon,Amy,0,Thomas,Thomas,3,E65 6LR,DN0X 4LD,0,0
-20.018270801566477,9.416719160683692e-07,hospital_a,hospital_b,A0818,B0034,1997-05-06,1997-11-24,0,Oliver,Danyn,0,Davies,Davies,3,WV0V 9ZE,KA7 6XB,0,0
-20.018270801566477,9.416719160683692e-07,hospital_a,hospital_b,A0831,B0402,1941-12-21,1944-08-05,0,Josuha,Sophie,0,Jones,Jones,3,W0 6ZU,G2 6YL,0,0
-20.018270801566477,9.416719160683692e-07,hospital_a,hospital_b,A0833,B0202,2005-09-01,2002-02-25,0,Rhys,Justin,0,Robinson,Robinson,3,CV2E 1ZN,IV3 0WS,0,0
-20.018270801566477,9.416719160683692e-07,hospital_a,hospital_b,A0842,B0402,1987-03-09,1944-08-05,0,lGen,Sophie,0,Jones,Jones,3,G6 6NN,G2 6YL,0,0
-20.018270801566477,9.416719160683692e-07,hospital_a,hospital_b,A0844,B0589,1984-07-07,1968-04-20,0,Shaun,Helen,0,Hall,Hall,3,GU31 9NW,LL55 6FW,0,0
-20.018270801566477,9.416719160683692e-07,hospital_a,hospital_b,A0847,B0402,1978-01-12,1944-08-05,0,oTm,Sophie,0,Jones,Jones,3,B30 4LY,G2 6YL,0,0
-20.018270801566477,9.416719160683692e-07,hospital_a,hospital_b,A0013,B0022,1994-03-15,1974-04-10,0,Molly,Scott,0,Robinson,Robinson,3,B8E2LE,PE90 6FT,0,0
-20.018270801566477,9.416719160683692e-07,hospital_a,hospital_b,A0014,B0687,2001-07-31,1975-05-10,0,Wedny,Garry,0,Smith,Smith,3,E6 0AP,B67 2JD,0,0
-20.018270801566477,9.416719160683692e-07,hospital_a,hospital_b,A0019,B0539,1984-08-08,2006-08-15,0,Natalie,Kayleigh,0,Williams,Williams,3,W2S 4WZ,W05 7GG,0,0
-20.018270801566477,9.416719160683692e-07,hospital_a,hospital_b,A0022,B0356,2004-02-08,1979-04-30,0,Jessica,Sean,0,Jones,Jones,3,SY6 8XZ,IG0 0JW,0,0
22.986540461169,0.9999998796733648,hospital_a,hospital_b,A0023,B0022,1974-04-10,1974-04-10,1,Scott,Scott,3,Robinson,Robinson,3,PE90 6FT,PE90 6FT,1,0
-20.018270801566477,9.416719160683692e-07,hospital_a,hospital_b,A0025,B0253,1995-07-25,1978-05-24,0,Pamela,Stacey,0,Hall,Hall,3,M5W 1LT,L826DP,0,0
-20.018270801566477,9.416719160683692e-07,hospital_a,hospital_b,A0036,B0410,1965-01-24,1949-11-09,0,Lynn,Rcahel,0,Brown,Brown,3,E71 7NW,S6 3JP,0,0
-20.018270801566477,9.416719160683692e-07,hospital_a,hospital_b,A0038,B0687,1963-03-29,1975-05-10,0,Amelia,Garry,0,Smith,Smith,3,BH57 6FU,B67 2JD,0,0
-20.018270801566477,9.416719160683692e-07,hospital_a,hospital_b,A0042,B0037,1992-02-06,1955-06-13,0,Anna,Barry,0,Taylor,Taylor,3,W4 9QJ,HR84 4NY,0,0
-20.018270801566477,9.416719160683692e-07,hospital_a,hospital_b,A0056,B0410,1958-12-28,1949-11-09,0,Carol,Rcahel,0,Brown,Brown,3,W5B 1JS,S6 3JP,0,0
-20.018270801566477,9.416719160683692e-07,hospital_a,hospital_b,A0083,B0687,1977-01-30,1975-05-10,0,Gail,Garry,0,Smith,Smith,3,CH3A 5SF,B67 2JD,0,0
-20.018270801566477,9.416719160683692e-07,hospital_a,hospital_b,A0086,B0687,1970-04-04,1975-05-10,0,Abbie,Garry,0,Smith,Smith,3,M84 1ZY,B67 2JD,0,0
-20.018270801566477,9.416719160683692e-07,hospital_a,hospital_b,A0097,B0539,1974-09-08,2006-08-15,0,Joanne,Kayleigh,0,Williams,Williams,3,G8 3YP,W05 7GG,0,0
-20.018270801566477,9.416719160683692e-07,hospital_a,hospital_b,A0102,B0687,2003-07-10,1975-05-10,0,Anrdew,Garry,0,Smith,Smith,3,S4C 5JR,B67 2JD,0,0
-20.018270801566477,9.416719160683692e-07,hospital_a,hospital_b,A0103,B0356,2002-03-21,1979-04-30,0,Janice,Sean,0,Jones,Jones,3,B8A0AS,IG0 0JW,0,0
8.439139447432636,0.9971271270496563,hospital_a,hospital_b,A0111,B0109,1959-05-04,1959-05-04,1,Jessica,Jessica,3,Roberts,Roberts,3,KY9 4PZ,KY94PZ,0,0
17.53402081439428,0.9999947309599222,hospital_a,hospital_b,A0127,B0126,1979-11-02,1979-11-02,1,Melanie,eMlanie,2,Moore,Moore,3,W53 6ZT,W53 6ZT,1,0
-14.44359436615754,4.487715947894868e-05,hospital_a,hospital_b,A0148,B0356,1983-07-16,1979-04-30,0,Megan,Sean,1,Jones,Jones,3,S2 6QG,IG0 0JW,0,0
-20.018270801566477,9.416719160683692e-07,hospital_a,hospital_b,A0153,B0037,1995-03-21,1955-06-13,0,Georgia,Barry,0,Taylor,Taylor,3,G1E 2WY,HR84 4NY,0,0
17.53402081439428,0.9999947309599222,hospital_a,hospital_b,A0163,B0168,1947-09-24,1947-09-24,1,Ashley,Ahsley,2,Adams,Adams,3,YO7 1QP,YO7 1QP,1,0
-20.018270801566477,9.416719160683692e-07,hospital_a,hospital_b,A0165,B0539,1977-02-11,2006-08-15,0,Kelly,Kayleigh,0,Williams,Williams,3,W71UA,W05 7GG,0,0
-20.018270801566477,9.416719160683692e-07,hospital_a,hospital_b,A0178,B0356,1959-04-03,1979-04-30,0,Elloitt,Sean,0,Jones,Jones,3,HA9E 5SG,IG0 0JW,0,0
-20.018270801566477,9.416719160683692e-07,hospital_a,hospital_b,A0181,B0168,1997-03-09,1947-09-24,0,Mark,Ahsley,0,Adams,Adams,3,G8C 2GY,YO7 1QP,0,0
-20.018270801566477,9.416719160683692e-07,hospital_a,hospital_b,A0195,B0126,1991-06-29,1979-11-02,0,Gmema,eMlanie,0,Moore,Moore,3,TF7 9AU,W53 6ZT,0,0
-20.018270801566477,9.416719160683692e-07,hospital_a,hospital_b,A0196,B0204,1954-07-04,1962-06-18,0,John,Samantah,0,Harrison,Harrison,3,CA6 1XG,FY72 9JE,0,0
2.9866198006579197,0.8879695849880381,hospital_a,hospital_b,A0199,B0204,1962-06-18,1962-06-18,1,aSmantha,Samantah,2,Harrison,Harrison,3,FY729JE,FY72 9JE,0,0
-20.018270801566477,9.416719160683692e-07,hospital_a,hospital_b,A0211,B0687,1938-03-01,1975-05-10,0,Aaron,Garry,0,Smith,Smith,3,LA8M 3YG,B67 2JD,0,0
-20.018270801566477,9.416719160683692e-07,hospital_a,hospital_b,A0222,B0109,1957-07-22,1959-05-04,0,Annette,Jessica,0,Roberts,Roberts,3,BA53 3XW,KY94PZ,0,0
-20.018270801566477,9.416719160683692e-07,hospital_a,hospital_b,A0224,B0687,1946-06-07,1975-05-10,0,Helen,Garry,0,Smith,Smith,3,PL5 8FH,B67 2JD,0,0
-20.018270801566477,9.416719160683692e-07,hospital_a,hospital_b,A0236,B0163,1960-10-22,1949-11-03,0,Amy,Christopher,0,Thomas,Thomas,3,DN0X 4LD,AL5 0AJ,0,0
-20.018270801566477,9.416719160683692e-07,hospital_a,hospital_b,A0241,B0126,1942-10-03,1979-11-02,0,Brenda,eMlanie,0,Moore,Moore,3,N8F 2NY,W53 6ZT,0,0
17.53402081439428,0.9999947309599222,hospital_a,hospital_b,A0245,B0253,1978-05-24,1978-05-24,1,Stcaey,Stacey,2,Hall,Hall,3,L826DP,L826DP,1,0
-20.018270801566477,9.416719160683692e-07,hospital_a,hospital_b,A0247,B0539,1950-09-13,2006-08-15,0,Margaret,Kayleigh,0,Williams,Williams,3,W23 5SF,W05 7GG,0,0
-20.018270801566477,9.416719160683692e-07,hospital_a,hospital_b,A0252,B0687,1980-03-27,1975-05-10,0,Ricky,Garry,0,Smith,Smith,3,WF4 1ZG,B67 2JD,0,0
-20.018270801566477,9.416719160683692e-07,hospital_a,hospital_b,A0265,B0539,1959-09-08,2006-08-15,0,Ryhs,Kayleigh,0,Williams,Williams,3,BH10 2AU,W05 7GG,0,0
-20.018270801566477,9.416719160683692e-07,hospital_a,hospital_b,A0266,B0687,1965-05-27,1975-05-10,0,Nigel,Garry,0,Smith,Smith,3,S319UB,B67 2JD,0,0
-20.018270801566477,9.416719160683692e-07,hospital_a,hospital_b,A0269,B0022,1938-03-17,1974-04-10,0,Helen,Scott,0,Robinson,Robinson,3,SS80 8RU,PE90 6FT,0,0
-20.018270801566477,9.416719160683692e-07,hospital_a,hospital_b,A0273,B0204,1971-07-08,1962-06-18,0,Nathan,Samantah,0,Harrison,Harrison,3,B46 7QS,FY72 9JE,0,0
-20.018270801566477,9.416719160683692e-07,hospital_a,hospital_b,A0286,B0204,1948-10-18,1962-06-18,0,Claire,Samantah,0,Harrison,Harrison,3,CF2N 6HW,FY72 9JE,0,0
-20.018270801566477,9.416719160683692e-07,hospital_a,hospital_b,A0290,B0168,1971-01-27,1947-09-24,0,Billy,Ahsley,0,Adams,Adams,3,NP5 0SE,YO7 1QP,0,0
-20.018270801566477,9.416719160683692e-07,hospital_a,hospital_b,A0304,B0687,1942-03-28,1975-05-10,0,Jodie,Garry,0,Smith,Smith,3,B5 7QZ,B67 2JD,0,0
-20.018270801566477,9.416719160683692e-07,hospital_a,hospital_b,A0310,B0109,1989-01-01,1959-05-04,0,Abigail,Jessica,0,Roberts,Roberts,3,ZE9 5EQ,KY94PZ,0,0
-20.018270801566477,9.416719160683692e-07,hospital_a,hospital_b,A0313,B0410,1989-05-05,1949-11-09,0,Setphanie,Rcahel,0,Brown,Brown,3,DD26 1SN,S6 3JP,0,0
-20.018270801566477,9.416719160683692e-07,hospital_a,hospital_b,A0319,B0356,1999-10-03,1979-04-30,0,Sylvia,Sean,0,Jones,Jones,3,SP6P 7GZ,IG0 0JW,0,0
-20.018270801566477,9.416719160683692e-07,hospital_a,hospital_b,A0323,B0687,1994-05-09,1975-05-10,0,Thomas,Garry,0,Smith,Smith,3,GL81LQ,B67 2JD,0,0
-20.018270801566477,9.416719160683692e-07,hospital_a,hospital_b,A0325,B0022,1993-08-13,1974-04-10,0,Julai,Scott,0,Robinson,Robinson,3,M6G5QA,PE90 6FT,0,0
-20.018270801566477,9.416719160683692e-07,hospital_a,hospital_b,A0336,B0356,1965-01-11,1979-04-30,0,Gary,Sean,0,Jones,Jones,3,B483XF,IG0 0JW,0,0
-20.018270801566477,9.416719160683692e-07,hospital_a,hospital_b,A0339,B0539,1944-04-16,2006-08-15,0,Vansesa,Kayleigh,0,Williams,Williams,3,UB952AE,W05 7GG,0,0
22.986540461169,0.9999998796733648,hospital_a,hospital_b,A0348,B0356,1979-04-30,1979-04-30,1,Sean,Sean,3,Jones,Jones,3,IG0 0JW,IG0 0JW,1,0
-20.018270801566477,9.416719160683692e-07,hospital_a,hospital_b,A0349,B0687,1988-11-28,1975-05-10,0,Allan,Garry,0,Smith,Smith,3,TS6 6GA,B67 2JD,0,0
-20.018270801566477,9.416719160683692e-07,hospital_a,hospital_b,A0350,B0163,1937-06-13,1949-11-03,0,Rebecca,Christopher,0,Thomas,Thomas,3,M23 2PX,AL5 0AJ,0,0
-20.018270801566477,9.416719160683692e-07,hospital_a,hospital_b,A0356,B0037,1951-11-24,1955-06-13,0,Kieran,Barry,0,Taylor,Taylor,3,SW3R8YX,HR84 4NY,0,0
-20.018270801566477,9.416719160683692e-07,hospital_a,hospital_b,A0363,B0109,1995-11-28,1959-05-04,0,Lewis,Jessica,0,Roberts,Roberts,3,G06 5PX,KY94PZ,0,0
-20.018270801566477,9.416719160683692e-07,hospital_a,hospital_b,A0364,B0410,1983-01-10,1949-11-09,0,Kyle,Rcahel,0,Brown,Brown,3,S33DL,S6 3JP,0,0
-20.018270801566477,9.416719160683692e-07,hospital_a,hospital_b,A0365,B0687,1942-03-14,1975-05-10,0,Ronald,Garry,0,Smith,Smith,3,RG6 5GP,B67 2JD,0,0
-20.018270801566477,9.416719160683692e-07,hospital_a,hospital_b,A0377,B0037,1955-09-07,1955-06-13,0,Adrain,Barry,0,Taylor,Taylor,3,SY3N9UW,HR84 4NY,0,0
-20.018270801566477,9.416719160683692e-07,hospital_a,hospital_b,A0392,B0356,1944-08-05,1979-04-30,0,Sophie,Sean,0,Jones,Jones,3,G26YL,IG0 0JW,0,0
-20.018270801566477,9.416719160683692e-07,hospital_a,hospital_b,A0401,B0687,2000-08-17,1975-05-10,0,Samantha,Garry,0,Smith,Smith,3,B00 3NU,B67 2JD,0,0
-20.018270801566477,9.416719160683692e-07,hospital_a,hospital_b,A0402,B0539,1942-06-26,2006-08-15,0,Geraldine,Kayleigh,0,Williams,Williams,3,N4T 3XF,W05 7GG,0,0
-20.018270801566477,9.416719160683692e-07,hospital_a,hospital_b,A0404,B0126,1963-10-09,1979-11-02,0,Jacqueline,eMlanie,0,Moore,Moore,3,M3C 2YH,W53 6ZT,0,0
-20.018270801566477,9.416719160683692e-07,hospital_a,hospital_b,A0405,B0163,1952-09-02,1949-11-03,0,Francis,Christopher,0,Thomas,Thomas,3,G4 4BJ,AL5 0AJ,0,0
-20.018270801566477,9.416719160683692e-07,hospital_a,hospital_b,A0408,B0356,1976-05-15,1979-04-30,0,Bradley,Sean,0,Jones,Jones,3,TW24 7FJ,IG0 0JW,0,0
-20.018270801566477,9.416719160683692e-07,hospital_a,hospital_b,A0422,B0687,1999-03-14,1975-05-10,0,Barbara,Garry,0,Smith,Smith,3,BH9X 3XA,B67 2JD,0,0
-20.018270801566477,9.416719160683692e-07,hospital_a,hospital_b,A0431,B0687,2000-10-30,1975-05-10,0,Christian,Garry,0,Smith,Smith,3,DG8 6LB,B67 2JD,0,0
-14.44359436615754,4.487715947894868e-05,hospital_a,hospital_b,A0441,B0168,2006-07-23,1947-09-24,0,Lesley,Ahsley,1,Adams,Adams,3,TD71LN,YO7 1QP,0,0
-20.018270801566477,9.416719160683692e-07,hospital_a,hospital_b,A0443,B0539,1946-04-12,2006-08-15,0,Owen,Kayleigh,0,Williams,Williams,3,S8F 7LQ,W05 7GG,0,0
-20.018270801566477,9.416719160683692e-07,hospital_a,hospital_b,A0448,B0356,1961-11-16,1979-04-30,0,Cheyrl,Sean,0,Jones,Jones,3,N48ZU,IG0 0JW,0,0
-20.018270801566477,9.416719160683692e-07,hospital_a,hospital_b,A0449,B0687,1989-05-18,1975-05-10,0,Robert,Garry,0,Smith,Smith,3,HX31 6EL,B67 2JD,0,0
-20.018270801566477,9.416719160683692e-07,hospital_a,hospital_b,A0457,B0539,1983-05-01,2006-08-15,0,Gail,Kayleigh,0,Williams,Williams,3,S2 2FJ,W05 7GG,0,0
-20.018270801566477,9.416719160683692e-07,hospital_a,hospital_b,A0461,B0163,1997-06-25,1949-11-03,0,Joseph,Christopher,0,Thomas,Thomas,3,L11 7PJ,AL5 0AJ,0,0
-20.018270801566477,9.416719160683692e-07,hospital_a,hospital_b,A0470,B0037,1953-02-09,1955-06-13,0,Iain,Barry,0,Taylor,Taylor,3,HD8 0QS,HR84 4NY,0,0
-20.018270801566477,9.416719160683692e-07,hospital_a,hospital_b,A0472,B0539,1951-09-01,2006-08-15,0,Jacqueline,Kayleigh,0,Williams,Williams,3,DE68 4BX,W05 7GG,0,0
-20.018270801566477,9.416719160683692e-07,hospital_a,hospital_b,A0489,B0109,1963-11-30,1959-05-04,0,eWndy,Jessica,0,Roberts,Roberts,3,NP7 1JE,KY94PZ,0,0
-14.44359436615754,4.487715947894868e-05,hospital_a,hospital_b,A0496,B0126,1950-06-11,1979-11-02,0,Neli,eMlanie,1,Moore,Moore,3,PE31 6ZU,W53 6ZT,0,0
-20.018270801566477,9.416719160683692e-07,hospital_a,hospital_b,A0500,B0410,1949-05-06,1949-11-09,0,Teresa,Rcahel,0,Brown,Brown,3,UB6 5ZR,S6 3JP,0,0
-20.018270801566477,9.416719160683692e-07,hospital_a,hospital_b,A0501,B0126,1944-07-13,1979-11-02,0,Marcus,eMlanie,0,Moore,Moore,3,S5K 9UH,W53 6ZT,0,0
-20.018270801566477,9.416719160683692e-07,hospital_a,hospital_b,A0509,B0204,1954-08-05,1962-06-18,0,Grary,Samantah,0,Harrison,Harrison,3,HU95 8TG,FY72 9JE,0,0
-20.018270801566477,9.416719160683692e-07,hospital_a,hospital_b,A0510,B0204,1972-01-22,1962-06-18,0,Glnen,Samantah,0,Harrison,Harrison,3,TQ4B 4HT,FY72 9JE,0,0
-20.018270801566477,9.416719160683692e-07,hospital_a,hospital_b,A0529,B0126,1987-05-23,1979-11-02,0,Lauren,eMlanie,0,Moore,Moore,3,SP2 7TN,W53 6ZT,0,0
-20.018270801566477,9.416719160683692e-07,hospital_a,hospital_b,A0531,B0163,1979-10-02,1949-11-03,0,Edwrad,Christopher,0,Thomas,Thomas,3,M1T 1FW,AL5 0AJ,0,0
22.986540461169,0.9999998796733648,hospital_a,hospital_b,A0534,B0539,2006-08-15,2006-08-15,1,Kayleigh,Kayleigh,3,Williams,Williams,3,W05 7GG,W05 7GG,1,0
-20.018270801566477,9.416719160683692e-07,hospital_a,hospital_b,A0539,B0539,1959-03-20,2006-08-15,0,Cragi,Kayleigh,0,Williams,Williams,3,M8J 0FD,W05 7GG,0,0
-20.018270801566477,9.416719160683692e-07,hospital_a,hospital_b,A0549,B0022,1997-10-13,1974-04-10,0,Gillian,Scott,0,Robinson,Robinson,3,W2W 4UU,PE90 6FT,0,0
-20.018270801566477,9.416719160683692e-07,hospital_a,hospital_b,A0551,B0356,1997-11-23,1979-04-30,0,Alexandra,Sean,0,Jones,Jones,3,S73 9LX,IG0 0JW,0,0
-20.018270801566477,9.416719160683692e-07,hospital_a,hospital_b,A0559,B0037,1938-01-01,1955-06-13,0,Marion,Barry,0,Taylor,Taylor,3,TW60 9GA,HR84 4NY,0,0
-20.018270801566477,9.416719160683692e-07,hospital_a,hospital_b,A0570,B0109,1976-10-02,1959-05-04,0,Matthew,Jessica,0,Roberts,Roberts,3,WF1 3ZU,KY94PZ,0,0
-20.018270801566477,9.416719160683692e-07,hospital_a,hospital_b,A0583,B0253,1968-04-20,1978-05-24,0,Helen,Stacey,0,Hall,Hall,3,LL55 6FW,L826DP,0,0
-20.018270801566477,9.416719160683692e-07,hospital_a,hospital_b,A0597,B0204,1979-06-27,1962-06-18,0,Linda,Samantah,0,Harrison,Harrison,3,M5 5UQ,FY72 9JE,0,0
-20.018270801566477,9.416719160683692e-07,hospital_a,hospital_b,A0605,B0539,1958-03-18,2006-08-15,0,Marilyn,Kayleigh,0,Williams,Williams,3,LE4 9TN,W05 7GG,0,0
-20.018270801566477,9.416719160683692e-07,hospital_a,hospital_b,A0612,B0253,1982-07-29,1978-05-24,0,Rebecca,Stacey,0,Hall,Hall,3,M38 4AH,L826DP,0,0
-20.018270801566477,9.416719160683692e-07,hospital_a,hospital_b,A0625,B0204,1971-02-18,1962-06-18,0,Terence,Samantah,0,Harrison,Harrison,3,GY20 9PS,FY72 9JE,0,0
-20.018270801566477,9.416719160683692e-07,hospital_a,hospital_b,A0628,B0163,1958-09-05,1949-11-03,0,Ann,Christopher,0,Thomas,Thomas,3,BB357ZJ,AL5 0AJ,0,0
-20.018270801566477,9.416719160683692e-07,hospital_a,hospital_b,A0639,B0022,1961-11-23,1974-04-10,0,Alan,Scott,0,Robinson,Robinson,3,E21 4DW,PE90 6FT,0,0
-20.018270801566477,9.416719160683692e-07,hospital_a,hospital_b,A0667,B0163,1994-05-18,1949-11-03,0,Lesley,Christopher,0,Thomas,Thomas,3,NP149XJ,AL5 0AJ,0,0
-20.018270801566477,9.416719160683692e-07,hospital_a,hospital_b,A0685,B0356,1971-02-19,1979-04-30,0,Sheila,Sean,0,Jones,Jones,3,G2 8ZB,IG0 0JW,0,0
-20.018270801566477,9.416719160683692e-07,hospital_a,hospital_b,A0686,B0687,1953-03-19,1975-05-10,0,Irnee,Garry,0,Smith,Smith,3,RH5 5WL,B67 2JD,0,0
-20.018270801566477,9.416719160683692e-07,hospital_a,hospital_b,A0689,B0410,1999-06-26,1949-11-09,0,Sam,Rcahel,0,Brown,Brown,3,CO5Y 3EN,S6 3JP,0,0
-20.018270801566477,9.416719160683692e-07,hospital_a,hospital_b,A0690,B0037,1938-05-16,1955-06-13,0,Gregory,Barry,0,Taylor,Taylor,3,TN35 8GN,HR84 4NY,0,0
-20.018270801566477,9.416719160683692e-07,hospital_a,hospital_b,A0716,B0687,1974-12-29,1975-05-10,0,Antony,Garry,0,Smith,Smith,3,IP73 0ZT,B67 2JD,0,0
-20.018270801566477,9.416719160683692e-07,hospital_a,hospital_b,A0738,B0687,1974-05-03,1975-05-10,0,eJffrey,Garry,0,Smith,Smith,3,B3 4NJ,B67 2JD,0,0
-20.018270801566477,9.416719160683692e-07,hospital_a,hospital_b,A0739,B0410,1946-03-05,1949-11-09,0,oClin,Rcahel,0,Brown,Brown,3,G9T 0DN,S6 3JP,0,0
-20.018270801566477,9.416719160683692e-07,hospital_a,hospital_b,A0749,B0253,1952-01-06,1978-05-24,0,lAexander,Stacey,0,Hall,Hall,3,B48LU,L826DP,0,0
-20.018270801566477,9.416719160683692e-07,hospital_a,hospital_b,A0760,B0163,1979-06-06,1949-11-03,0,Ruth,Christopher,0,Thomas,Thomas,3,SN49 6XJ,AL5 0AJ,0,0
-20.018270801566477,9.416719160683692e-07,hospital_a,hospital_b,A0761,B0126,1942-09-29,1979-11-02,0,Carl,eMlanie,0,Moore,Moore,3,G59 6LX,W53 6ZT,0,0
-20.018270801566477,9.416719160683692e-07,hospital_a,hospital_b,A0764,B0410,1947-05-15,1949-11-09,0,Beth,Rcahel,0,Brown,Brown,3,SY4 2LE,S6 3JP,0,0
-20.018270801566477,9.416719160683692e-07,hospital_a,hospital_b,A0769,B0687,1962-06-20,1975-05-10,0,Rosemary,Garry,0,Smith,Smith,3,S70AZ,B67 2JD,0,0
-20.018270801566477,9.416719160683692e-07,hospital_a,hospital_b,A0774,B0022,1970-05-30,1974-04-10,0,Goergia,Scott,0,Robinson,Robinson,3,NW23 2YZ,PE90 6FT,0,0
-20.018270801566477,9.416719160683692e-07,hospital_a,hospital_b,A0776,B0022,2004-06-27,1974-04-10,0,Lauar,Scott,0,Robinson,Robinson,3,M218PL,PE90 6FT,0,0
-20.018270801566477,9.416719160683692e-07,hospital_a,hospital_b,A0813,B0163,1991-12-29,1949-11-03,0,Gordon,Christopher,0,Thomas,Thomas,3,E65 6LR,AL5 0AJ,0,0
-20.018270801566477,9.416719160683692e-07,hospital_a,hospital_b,A0831,B0356,1941-12-21,1979-04-30,0,Josuha,Sean,0,Jones,Jones,3,W0 6ZU,IG0 0JW,0,0
-20.018270801566477,9.416719160683692e-07,hospital_a,hospital_b,A0833,B0022,2005-09-01,1974-04-10,0,Rhys,Scott,0,Robinson,Robinson,3,CV2E 1ZN,PE90 6FT,0,0
-20.018270801566477,9.416719160683692e-07,hospital_a,hospital_b,A0842,B0356,1987-03-09,1979-04-30,0,lGen,Sean,0,Jones,Jones,3,G6 6NN,IG0 0JW,0,0
-20.018270801566477,9.416719160683692e-07,hospital_a,hospital_b,A0844,B0253,1984-07-07,1978-05-24,0,Shaun,Stacey,0,Hall,Hall,3,GU31 9NW,L826DP,0,0
-20.018270801566477,9.416719160683692e-07,hospital_a,hospital_b,A0847,B0356,1978-01-12,1979-04-30,0,oTm,Sean,0,Jones,Jones,3,B30 4LY,IG0 0JW,0,0
8.439139447432636,0.9971271270496563,hospital_a,hospital_b,A0013,B0014,1994-03-15,1994-03-15,1,Molly,Molly,3,Robinson,Robinson,3,B8E2LE,B8E 2LE,0,0
-20.018270801566477,9.416719160683692e-07,hospital_a,hospital_b,A0014,B0682,2001-07-31,2002-04-24,0,Wedny,Alan,0,Smith,Smith,3,E6 0AP,CM493DP,0,0
-20.018270801566477,9.416719160683692e-07,hospital_a,hospital_b,A0019,B0469,1984-08-08,1973-11-12,0,Natalie,Shaun,0,Williams,Williams,3,W2S 4WZ,E90 3BF,0,0
-20.018270801566477,9.416719160683692e-07,hospital_a,hospital_b,A0022,B0344,2004-02-08,1965-01-11,0,Jessica,Gary,0,Jones,Jones,3,SY6 8XZ,B48 3XF,0,0
-20.018270801566477,9.416719160683692e-07,hospital_a,hospital_b,A0023,B0014,1974-04-10,1994-03-15,0,Scott,Molly,0,Robinson,Robinson,3,PE90 6FT,B8E 2LE,0,0
17.53402081439428,0.9999947309599222,hospital_a,hospital_b,A0025,B0026,1995-07-25,1995-07-25,1,Pamela,Paemla,2,Hall,Hall,3,M5W 1LT,M5W 1LT,1,0
-20.018270801566477,9.416719160683692e-07,hospital_a,hospital_b,A0036,B0375,1965-01-24,1990-09-08,0,Lynn,Donald,0,Brown,Brown,3,E71 7NW,M3 3ZD,0,0
-20.018270801566477,9.416719160683692e-07,hospital_a,hospital_b,A0038,B0682,1963-03-29,2002-04-24,0,Amelia,Alan,0,Smith,Smith,3,BH57 6FU,CM493DP,0,0
-20.018270801566477,9.416719160683692e-07,hospital_a,hospital_b,A0056,B0375,1958-12-28,1990-09-08,0,Carol,Donald,0,Brown,Brown,3,W5B 1JS,M3 3ZD,0,0
-20.018270801566477,9.416719160683692e-07,hospital_a,hospital_b,A0083,B0682,1977-01-30,2002-04-24,0,Gail,Alan,0,Smith,Smith,3,CH3A 5SF,CM493DP,0,0
-20.018270801566477,9.416719160683692e-07,hospital_a,hospital_b,A0086,B0682,1970-04-04,2002-04-24,0,Abbie,Alan,0,Smith,Smith,3,M84 1ZY,CM493DP,0,0
-20.018270801566477,9.416719160683692e-07,hospital_a,hospital_b,A0097,B0469,1974-09-08,1973-11-12,0,Joanne,Shaun,0,Williams,Williams,3,G8 3YP,E90 3BF,0,0
-20.018270801566477,9.416719160683692e-07,hospital_a,hospital_b,A0102,B0682,2003-07-10,2002-04-24,0,Anrdew,Alan,0,Smith,Smith,3,S4C 5JR,CM493DP,0,0
-20.018270801566477,9.416719160683692e-07,hospital_a,hospital_b,A0103,B0344,2002-03-21,1965-01-11,0,Janice,Gary,0,Jones,Jones,3,B8A0AS,B48 3XF,0,0
-20.018270801566477,9.416719160683692e-07,hospital_a,hospital_b,A0148,B0344,1983-07-16,1965-01-11,0,Megan,Gary,0,Jones,Jones,3,S2 6QG,B48 3XF,0,0
-20.018270801566477,9.416719160683692e-07,hospital_a,hospital_b,A0165,B0469,1977-02-11,1973-11-12,0,Kelly,Shaun,0,Williams,Williams,3,W71UA,E90 3BF,0,0
-20.018270801566477,9.416719160683692e-07,hospital_a,hospital_b,A0178,B0344,1959-04-03,1965-01-11,0,Elloitt,Gary,0,Jones,Jones,3,HA9E 5SG,B48 3XF,0,0
-14.44359436615754,4.487715947894868e-05,hospital_a,hospital_b,A0211,B0682,1938-03-01,2002-04-24,0,Aaron,Alan,1,Smith,Smith,3,LA8M 3YG,CM493DP,0,0
-20.018270801566477,9.416719160683692e-07,hospital_a,hospital_b,A0224,B0682,1946-06-07,2002-04-24,0,Helen,Alan,0,Smith,Smith,3,PL5 8FH,CM493DP,0,0
-20.018270801566477,9.416719160683692e-07,hospital_a,hospital_b,A0245,B0026,1978-05-24,1995-07-25,0,Stcaey,Paemla,0,Hall,Hall,3,L826DP,M5W 1LT,0,0
-20.018270801566477,9.416719160683692e-07,hospital_a,hospital_b,A0247,B0469,1950-09-13,1973-11-12,0,Margaret,Shaun,0,Williams,Williams,3,W23 5SF,E90 3BF,0,0
-20.018270801566477,9.416719160683692e-07,hospital_a,hospital_b,A0252,B0682,1980-03-27,2002-04-24,0,Ricky,Alan,0,Smith,Smith,3,WF4 1ZG,CM493DP,0,0
-20.018270801566477,9.416719160683692e-07,hospital_a,hospital_b,A0265,B0469,1959-09-08,1973-11-12,0,Ryhs,Shaun,0,Williams,Williams,3,BH10 2AU,E90 3BF,0,0
-20.018270801566477,9.416719160683692e-07,hospital_a,hospital_b,A0266,B0682,1965-05-27,2002-04-24,0,Nigel,Alan,0,Smith,Smith,3,S319UB,CM493DP,0,0
-20.018270801566477,9.416719160683692e-07,hospital_a,hospital_b,A0269,B0014,1938-03-17,1994-03-15,0,Helen,Molly,0,Robinson,Robinson,3,SS80 8RU,B8E 2LE,0,0
-20.018270801566477,9.416719160683692e-07,hospital_a,hospital_b,A0304,B0682,1942-03-28,2002-04-24,0,Jodie,Alan,0,Smith,Smith,3,B5 7QZ,CM493DP,0,0
-20.018270801566477,9.416719160683692e-07,hospital_a,hospital_b,A0313,B0375,1989-05-05,1990-09-08,0,Setphanie,Donald,0,Brown,Brown,3,DD26 1SN,M3 3ZD,0,0
-20.018270801566477,9.416719160683692e-07,hospital_a,hospital_b,A0319,B0344,1999-10-03,1965-01-11,0,Sylvia,Gary,0,Jones,Jones,3,SP6P 7GZ,B48 3XF,0,0
-20.018270801566477,9.416719160683692e-07,hospital_a,hospital_b,A0323,B0682,1994-05-09,2002-04-24,0,Thomas,Alan,0,Smith,Smith,3,GL81LQ,CM493DP,0,0
-20.018270801566477,9.416719160683692e-07,hospital_a,hospital_b,A0325,B0014,1993-08-13,1994-03-15,0,Julai,Molly,0,Robinson,Robinson,3,M6G5QA,B8E 2LE,0,0
8.439139447432636,0.9971271270496563,hospital_a,hospital_b,A0336,B0344,1965-01-11,1965-01-11,1,Gary,Gary,3,Jones,Jones,3,B483XF,B48 3XF,0,0
-20.018270801566477,9.416719160683692e-07,hospital_a,hospital_b,A0339,B0469,1944-04-16,1973-11-12,0,Vansesa,Shaun,0,Williams,Williams,3,UB952AE,E90 3BF,0,0
-20.018270801566477,9.416719160683692e-07,hospital_a,hospital_b,A0348,B0344,1979-04-30,1965-01-11,0,Sean,Gary,0,Jones,Jones,3,IG0 0JW,B48 3XF,0,0
-11.129748617568037,0.00044608543786448743,hospital_a,hospital_b,A0349,B0682,1988-11-28,2002-04-24,0,Allan,Alan,2,Smith,Smith,3,TS6 6GA,CM493DP,0,0
-20.018270801566477,9.416719160683692e-07,hospital_a,hospital_b,A0364,B0375,1983-01-10,1990-09-08,0,Kyle,Donald,0,Brown,Brown,3,S33DL,M3 3ZD,0,0
-20.018270801566477,9.416719160683692e-07,hospital_a,hospital_b,A0365,B0682,1942-03-14,2002-04-24,0,Ronald,Alan,0,Smith,Smith,3,RG6 5GP,CM493DP,0,0
-20.018270801566477,9.416719160683692e-07,hospital_a,hospital_b,A0392,B0344,1944-08-05,1965-01-11,0,Sophie,Gary,0,Jones,Jones,3,G26YL,B48 3XF,0,0
-20.018270801566477,9.416719160683692e-07,hospital_a,hospital_b,A0401,B0682,2000-08-17,2002-04-24,0,Samantha,Alan,0,Smith,Smith,3,B00 3NU,CM493DP,0,0
-20.018270801566477,9.416719160683692e-07,hospital_a,hospital_b,A0402,B0469,1942-06-26,1973-11-12,0,Geraldine,Shaun,0,Williams,Williams,3,N4T 3XF,E90 3BF,0,0
-20.018270801566477,9.416719160683692e-07,hospital_a,hospital_b,A0408,B0344,1976-05-15,1965-01-11,0,Bradley,Gary,0,Jones,Jones,3,TW24 7FJ,B48 3XF,0,0
-20.018270801566477,9.416719160683692e-07,hospital_a,hospital_b,A0422,B0682,1999-03-14,2002-04-24,0,Barbara,Alan,0,Smith,Smith,3,BH9X 3XA,CM493DP,0,0
-20.018270801566477,9.416719160683692e-07,hospital_a,hospital_b,A0431,B0682,2000-10-30,2002-04-24,0,Christian,Alan,0,Smith,Smith,3,DG8 6LB,CM493DP,0,0
-20.018270801566477,9.416719160683692e-07,hospital_a,hospital_b,A0443,B0469,1946-04-12,1973-11-12,0,Owen,Shaun,0,Williams,Williams,3,S8F 7LQ,E90 3BF,0,0
-20.018270801566477,9.416719160683692e-07,hospital_a,hospital_b,A0448,B0344,1961-11-16,1965-01-11,0,Cheyrl,Gary,0,Jones,Jones,3,N48ZU,B48 3XF,0,0
-20.018270801566477,9.416719160683692e-07,hospital_a,hospital_b,A0449,B0682,1989-05-18,2002-04-24,0,Robert,Alan,0,Smith,Smith,3,HX31 6EL,CM493DP,0,0
-20.018270801566477,9.416719160683692e-07,hospital_a,hospital_b,A0457,B0469,1983-05-01,1973-11-12,0,Gail,Shaun,0,Williams,Williams,3,S2 2FJ,E90 3BF,0,0
-20.018270801566477,9.416719160683692e-07,hospital_a,hospital_b,A0472,B0469,1951-09-01,1973-11-12,0,Jacqueline,Shaun,0,Williams,Williams,3,DE68 4BX,E90 3BF,0,0
-20.018270801566477,9.416719160683692e-07,hospital_a,hospital_b,A0500,B0375,1949-05-06,1990-09-08,0,Teresa,Donald,0,Brown,Brown,3,UB6 5ZR,M3 3ZD,0,0
-20.018270801566477,9.416719160683692e-07,hospital_a,hospital_b,A0534,B0469,2006-08-15,1973-11-12,0,Kayleigh,Shaun,0,Williams,Williams,3,W05 7GG,E90 3BF,0,0
-20.018270801566477,9.416719160683692e-07,hospital_a,hospital_b,A0539,B0469,1959-03-20,1973-11-12,0,Cragi,Shaun,0,Williams,Williams,3,M8J 0FD,E90 3BF,0,0
-20.018270801566477,9.416719160683692e-07,hospital_a,hospital_b,A0549,B0014,1997-10-13,1994-03-15,0,Gillian,Molly,0,Robinson,Robinson,3,W2W 4UU,B8E 2LE,0,0
-20.018270801566477,9.416719160683692e-07,hospital_a,hospital_b,A0551,B0344,1997-11-23,1965-01-11,0,Alexandra,Gary,0,Jones,Jones,3,S73 9LX,B48 3XF,0,0
-20.018270801566477,9.416719160683692e-07,hospital_a,hospital_b,A0583,B0026,1968-04-20,1995-07-25,0,Helen,Paemla,0,Hall,Hall,3,LL55 6FW,M5W 1LT,0,0
-20.018270801566477,9.416719160683692e-07,hospital_a,hospital_b,A0605,B0469,1958-03-18,1973-11-12,0,Marilyn,Shaun,0,Williams,Williams,3,LE4 9TN,E90 3BF,0,0
-20.018270801566477,9.416719160683692e-07,hospital_a,hospital_b,A0612,B0026,1982-07-29,1995-07-25,0,Rebecca,Paemla,0,Hall,Hall,3,M38 4AH,M5W 1LT,0,0
-20.018270801566477,9.416719160683692e-07,hospital_a,hospital_b,A0639,B0014,1961-11-23,1994-03-15,0,Alan,Molly,0,Robinson,Robinson,3,E21 4DW,B8E 2LE,0,0
-20.018270801566477,9.416719160683692e-07,hospital_a,hospital_b,A0685,B0344,1971-02-19,1965-01-11,0,Sheila,Gary,0,Jones,Jones,3,G2 8ZB,B48 3XF,0,0
-20.018270801566477,9.416719160683692e-07,hospital_a,hospital_b,A0686,B0682,1953-03-19,2002-04-24,0,Irnee,Alan,0,Smith,Smith,3,RH5 5WL,CM493DP,0,0
-20.018270801566477,9.416719160683692e-07,hospital_a,hospital_b,A0689,B0375,1999-06-26,1990-09-08,0,Sam,Donald,0,Brown,Brown,3,CO5Y 3EN,M3 3ZD,0,0
-20.018270801566477,9.416719160683692e-07,hospital_a,hospital_b,A0716,B0682,1974-12-29,2002-04-24,0,Antony,Alan,0,Smith,Smith,3,IP73 0ZT,CM493DP,0,0
-20.018270801566477,9.416719160683692e-07,hospital_a,hospital_b,A0738,B0682,1974-05-03,2002-04-24,0,eJffrey,Alan,0,Smith,Smith,3,B3 4NJ,CM493DP,0,0
-20.018270801566477,9.416719160683692e-07,hospital_a,hospital_b,A0739,B0375,1946-03-05,1990-09-08,0,oClin,Donald,0,Brown,Brown,3,G9T 0DN,M3 3ZD,0,0
-20.018270801566477,9.416719160683692e-07,hospital_a,hospital_b,A0749,B0026,1952-01-06,1995-07-25,0,lAexander,Paemla,0,Hall,Hall,3,B48LU,M5W 1LT,0,0
-20.018270801566477,9.416719160683692e-07,hospital_a,hospital_b,A0764,B0375,1947-05-15,1990-09-08,0,Beth,Donald,0,Brown,Brown,3,SY4 2LE,M3 3ZD,0,0
-20.018270801566477,9.416719160683692e-07,hospital_a,hospital_b,A0769,B0682,1962-06-20,2002-04-24,0,Rosemary,Alan,0,Smith,Smith,3,S70AZ,CM493DP,0,0
-20.018270801566477,9.416719160683692e-07,hospital_a,hospital_b,A0774,B0014,1970-05-30,1994-03-15,0,Goergia,Molly,0,Robinson,Robinson,3,NW23 2YZ,B8E 2LE,0,0
-20.018270801566477,9.416719160683692e-07,hospital_a,hospital_b,A0776,B0014,2004-06-27,1994-03-15,0,Lauar,Molly,0,Robinson,Robinson,3,M218PL,B8E 2LE,0,0
-20.018270801566477,9.416719160683692e-07,hospital_a,hospital_b,A0831,B0344,1941-12-21,1965-01-11,0,Josuha,Gary,0,Jones,Jones,3,W0 6ZU,B48 3XF,0,0
-20.018270801566477,9.416719160683692e-07,hospital_a,hospital_b,A0833,B0014,2005-09-01,1994-03-15,0,Rhys,Molly,0,Robinson,Robinson,3,CV2E 1ZN,B8E 2LE,0,0
-20.018270801566477,9.416719160683692e-07,hospital_a,hospital_b,A0842,B0344,1987-03-09,1965-01-11,0,lGen,Gary,0,Jones,Jones,3,G6 6NN,B48 3XF,0,0
-20.018270801566477,9.416719160683692e-07,hospital_a,hospital_b,A0844,B0026,1984-07-07,1995-07-25,0,Shaun,Paemla,0,Hall,Hall,3,GU31 9NW,M5W 1LT,0,0
-20.018270801566477,9.416719160683692e-07,hospital_a,hospital_b,A0847,B0344,1978-01-12,1965-01-11,0,oTm,Gary,0,Jones,Jones,3,B30 4LY,B48 3XF,0,0
-20.018270801566477,9.416719160683692e-07,hospital_a,hospital_b,A0014,B0455,2001-07-31,1989-05-18,0,Wedny,Robert,0,Smith,Smith,3,E6 0AP,HX31 6EL,0,0
-20.018270801566477,9.416719160683692e-07,hospital_a,hospital_b,A0019,B0442,1984-08-08,2004-05-14,0,Natalie,Olivia,0,Williams,Williams,3,W2S 4WZ,M23 6EY,0,0
-20.018270801566477,9.416719160683692e-07,hospital_a,hospital_b,A0022,B0328,2004-02-08,1999-10-03,0,Jessica,Sylvia,0,Jones,Jones,3,SY6 8XZ,SP6P 7GZ,0,0
-20.018270801566477,9.416719160683692e-07,hospital_a,hospital_b,A0036,B0373,1965-01-24,1983-01-10,0,Lynn,Kyle,0,Brown,Brown,3,E71 7NW,S3 3DL,0,0
-20.018270801566477,9.416719160683692e-07,hospital_a,hospital_b,A0038,B0455,1963-03-29,1989-05-18,0,Amelia,Robert,0,Smith,Smith,3,BH57 6FU,HX31 6EL,0,0
-20.018270801566477,9.416719160683692e-07,hospital_a,hospital_b,A0056,B0373,1958-12-28,1983-01-10,0,Carol,Kyle,0,Brown,Brown,3,W5B 1JS,S3 3DL,0,0
-20.018270801566477,9.416719160683692e-07,hospital_a,hospital_b,A0083,B0455,1977-01-30,1989-05-18,0,Gail,Robert,0,Smith,Smith,3,CH3A 5SF,HX31 6EL,0,0
-20.018270801566477,9.416719160683692e-07,hospital_a,hospital_b,A0086,B0455,1970-04-04,1989-05-18,0,Abbie,Robert,0,Smith,Smith,3,M84 1ZY,HX31 6EL,0,0
-20.018270801566477,9.416719160683692e-07,hospital_a,hospital_b,A0097,B0442,1974-09-08,2004-05-14,0,Joanne,Olivia,0,Williams,Williams,3,G8 3YP,M23 6EY,0,0
-20.018270801566477,9.416719160683692e-07,hospital_a,hospital_b,A0102,B0455,2003-07-10,1989-05-18,0,Anrdew,Robert,0,Smith,Smith,3,S4C 5JR,HX31 6EL,0,0
-20.018270801566477,9.416719160683692e-07,hospital_a,hospital_b,A0103,B0328,2002-03-21,1999-10-03,0,Janice,Sylvia,0,Jones,Jones,3,B8A0AS,SP6P 7GZ,0,0
-20.018270801566477,9.416719160683692e-07,hospital_a,hospital_b,A0148,B0328,1983-07-16,1999-10-03,0,Megan,Sylvia,0,Jones,Jones,3,S2 6QG,SP6P 7GZ,0,0
-20.018270801566477,9.416719160683692e-07,hospital_a,hospital_b,A0165,B0442,1977-02-11,2004-05-14,0,Kelly,Olivia,0,Williams,Williams,3,W71UA,M23 6EY,0,0
-20.018270801566477,9.416719160683692e-07,hospital_a,hospital_b,A0178,B0328,1959-04-03,1999-10-03,0,Elloitt,Sylvia,0,Jones,Jones,3,HA9E 5SG,SP6P 7GZ,0,0
-20.018270801566477,9.416719160683692e-07,hospital_a,hospital_b,A0211,B0455,1938-03-01,1989-05-18,0,Aaron,Robert,0,Smith,Smith,3,LA8M 3YG,HX31 6EL,0,0
-20.018270801566477,9.416719160683692e-07,hospital_a,hospital_b,A0224,B0455,1946-06-07,1989-05-18,0,Helen,Robert,0,Smith,Smith,3,PL5 8FH,HX31 6EL,0,0
-20.018270801566477,9.416719160683692e-07,hospital_a,hospital_b,A0247,B0442,1950-09-13,2004-05-14,0,Margaret,Olivia,0,Williams,Williams,3,W23 5SF,M23 6EY,0,0
-20.018270801566477,9.416719160683692e-07,hospital_a,hospital_b,A0252,B0455,1980-03-27,1989-05-18,0,Ricky,Robert,0,Smith,Smith,3,WF4 1ZG,HX31 6EL,0,0
-20.018270801566477,9.416719160683692e-07,hospital_a,hospital_b,A0265,B0442,1959-09-08,2004-05-14,0,Ryhs,Olivia,0,Williams,Williams,3,BH10 2AU,M23 6EY,0,0
-20.018270801566477,9.416719160683692e-07,hospital_a,hospital_b,A0266,B0455,1965-05-27,1989-05-18,0,Nigel,Robert,0,Smith,Smith,3,S319UB,HX31 6EL,0,0
-20.018270801566477,9.416719160683692e-07,hospital_a,hospital_b,A0304,B0455,1942-03-28,1989-05-18,0,Jodie,Robert,0,Smith,Smith,3,B5 7QZ,HX31 6EL,0,0
-20.018270801566477,9.416719160683692e-07,hospital_a,hospital_b,A0313,B0373,1989-05-05,1983-01-10,0,Setphanie,Kyle,0,Brown,Brown,3,DD26 1SN,S3 3DL,0,0
22.986540461169,0.9999998796733648,hospital_a,hospital_b,A0319,B0328,1999-10-03,1999-10-03,1,Sylvia,Sylvia,3,Jones,Jones,3,SP6P 7GZ,SP6P 7GZ,1,0
-20.018270801566477,9.416719160683692e-07,hospital_a,hospital_b,A0323,B0455,1994-05-09,1989-05-18,0,Thomas,Robert,0,Smith,Smith,3,GL81LQ,HX31 6EL,0,0
-20.018270801566477,9.416719160683692e-07,hospital_a,hospital_b,A0336,B0328,1965-01-11,1999-10-03,0,Gary,Sylvia,0,Jones,Jones,3,B483XF,SP6P 7GZ,0,0
-20.018270801566477,9.416719160683692e-07,hospital_a,hospital_b,A0339,B0442,1944-04-16,2004-05-14,0,Vansesa,Olivia,0,Williams,Williams,3,UB952AE,M23 6EY,0,0
-20.018270801566477,9.416719160683692e-07,hospital_a,hospital_b,A0348,B0328,1979-04-30,1999-10-03,0,Sean,Sylvia,0,Jones,Jones,3,IG0 0JW,SP6P 7GZ,0,0
-20.018270801566477,9.416719160683692e-07,hospital_a,hospital_b,A0349,B0455,1988-11-28,1989-05-18,0,Allan,Robert,0,Smith,Smith,3,TS6 6GA,HX31 6EL,0,0
8.439139447432636,0.9971271270496563,hospital_a,hospital_b,A0364,B0373,1983-01-10,1983-01-10,1,Kyle,Kyle,3,Brown,Brown,3,S33DL,S3 3DL,0,0
-20.018270801566477,9.416719160683692e-07,hospital_a,hospital_b,A0365,B0455,1942-03-14,1989-05-18,0,Ronald,Robert,0,Smith,Smith,3,RG6 5GP,HX31 6EL,0,0
-20.018270801566477,9.416719160683692e-07,hospital_a,hospital_b,A0392,B0328,1944-08-05,1999-10-03,0,Sophie,Sylvia,0,Jones,Jones,3,G26YL,SP6P 7GZ,0,0
-20.018270801566477,9.416719160683692e-07,hospital_a,hospital_b,A0401,B0455,2000-08-17,1989-05-18,0,Samantha,Robert,0,Smith,Smith,3,B00 3NU,HX31 6EL,0,0
-20.018270801566477,9.416719160683692e-07,hospital_a,hospital_b,A0402,B0442,1942-06-26,2004-05-14,0,Geraldine,Olivia,0,Williams,Williams,3,N4T 3XF,M23 6EY,0,0
-20.018270801566477,9.416719160683692e-07,hospital_a,hospital_b,A0408,B0328,1976-05-15,1999-10-03,0,Bradley,Sylvia,0,Jones,Jones,3,TW24 7FJ,SP6P 7GZ,0,0
-20.018270801566477,9.416719160683692e-07,hospital_a,hospital_b,A0422,B0455,1999-03-14,1989-05-18,0,Barbara,Robert,0,Smith,Smith,3,BH9X 3XA,HX31 6EL,0,0
-20.018270801566477,9.416719160683692e-07,hospital_a,hospital_b,A0431,B0455,2000-10-30,1989-05-18,0,Christian,Robert,0,Smith,Smith,3,DG8 6LB,HX31 6EL,0,0
-20.018270801566477,9.416719160683692e-07,hospital_a,hospital_b,A0443,B0442,1946-04-12,2004-05-14,0,Owen,Olivia,0,Williams,Williams,3,S8F 7LQ,M23 6EY,0,0
-20.018270801566477,9.416719160683692e-07,hospital_a,hospital_b,A0448,B0328,1961-11-16,1999-10-03,0,Cheyrl,Sylvia,0,Jones,Jones,3,N48ZU,SP6P 7GZ,0,0
22.986540461169,0.9999998796733648,hospital_a,hospital_b,A0449,B0455,1989-05-18,1989-05-18,1,Robert,Robert,3,Smith,Smith,3,HX31 6EL,HX31 6EL,1,0
-20.018270801566477,9.416719160683692e-07,hospital_a,hospital_b,A0457,B0442,1983-05-01,2004-05-14,0,Gail,Olivia,0,Williams,Williams,3,S2 2FJ,M23 6EY,0,0
-20.018270801566477,9.416719160683692e-07,hospital_a,hospital_b,A0472,B0442,1951-09-01,2004-05-14,0,Jacqueline,Olivia,0,Williams,Williams,3,DE68 4BX,M23 6EY,0,0
-20.018270801566477,9.416719160683692e-07,hospital_a,hospital_b,A0500,B0373,1949-05-06,1983-01-10,0,Teresa,Kyle,0,Brown,Brown,3,UB6 5ZR,S3 3DL,0,0
-20.018270801566477,9.416719160683692e-07,hospital_a,hospital_b,A0534,B0442,2006-08-15,2004-05-14,0,Kayleigh,Olivia,0,Williams,Williams,3,W05 7GG,M23 6EY,0,0
-20.018270801566477,9.416719160683692e-07,hospital_a,hospital_b,A0539,B0442,1959-03-20,2004-05-14,0,Cragi,Olivia,0,Williams,Williams,3,M8J 0FD,M23 6EY,0,0
-20.018270801566477,9.416719160683692e-07,hospital_a,hospital_b,A0551,B0328,1997-11-23,1999-10-03,0,Alexandra,Sylvia,0,Jones,Jones,3,S73 9LX,SP6P 7GZ,0,0
-20.018270801566477,9.416719160683692e-07,hospital_a,hospital_b,A0605,B0442,1958-03-18,2004-05-14,0,Marilyn,Olivia,0,Williams,Williams,3,LE4 9TN,M23 6EY,0,0
-20.018270801566477,9.416719160683692e-07,hospital_a,hospital_b,A0685,B0328,1971-02-19,1999-10-03,0,Sheila,Sylvia,0,Jones,Jones,3,G2 8ZB,SP6P 7GZ,0,0
-20.018270801566477,9.416719160683692e-07,hospital_a,hospital_b,A0686,B0455,1953-03-19,1989-05-18,0,Irnee,Robert,0,Smith,Smith,3,RH5 5WL,HX31 6EL,0,0
-20.018270801566477,9.416719160683692e-07,hospital_a,hospital_b,A0689,B0373,1999-06-26,1983-01-10,0,Sam,Kyle,0,Brown,Brown,3,CO5Y 3EN,S3 3DL,0,0
-20.018270801566477,9.416719160683692e-07,hospital_a,hospital_b,A0716,B0455,1974-12-29,1989-05-18,0,Antony,Robert,0,Smith,Smith,3,IP73 0ZT,HX31 6EL,0,0
-20.018270801566477,9.416719160683692e-07,hospital_a,hospital_b,A0738,B0455,1974-05-03,1989-05-18,0,eJffrey,Robert,0,Smith,Smith,3,B3 4NJ,HX31 6EL,0,0
-20.018270801566477,9.416719160683692e-07,hospital_a,hospital_b,A0739,B0373,1946-03-05,1983-01-10,0,oClin,Kyle,0,Brown,Brown,3,G9T 0DN,S3 3DL,0,0
-20.018270801566477,9.416719160683692e-07,hospital_a,hospital_b,A0764,B0373,1947-05-15,1983-01-10,0,Beth,Kyle,0,Brown,Brown,3,SY4 2LE,S3 3DL,0,0
-14.44359436615754,4.487715947894868e-05,hospital_a,hospital_b,A0769,B0455,1962-06-20,1989-05-18,0,Rosemary,Robert,1,Smith,Smith,3,S70AZ,HX31 6EL,0,0
-20.018270801566477,9.416719160683692e-07,hospital_a,hospital_b,A0831,B0328,1941-12-21,1999-10-03,0,Josuha,Sylvia,0,Jones,Jones,3,W0 6ZU,SP6P 7GZ,0,0
-20.018270801566477,9.416719160683692e-07,hospital_a,hospital_b,A0842,B0328,1987-03-09,1999-10-03,0,lGen,Sylvia,0,Jones,Jones,3,G6 6NN,SP6P 7GZ,0,0
-20.018270801566477,9.416719160683692e-07,hospital_a,hospital_b,A0847,B0328,1978-01-12,1999-10-03,0,oTm,Sylvia,0,Jones,Jones,3,B30 4LY,SP6P 7GZ,0,0
-20.018270801566477,9.416719160683692e-07,hospital_a,hospital_b,A0014,B0440,2001-07-31,2000-10-30,0,Wedny,Christian,0,Smith,Smith,3,E6 0AP,DG8 6LB,0,0
-20.018270801566477,9.416719160683692e-07,hospital_a,hospital_b,A0019,B0425,1984-08-08,1982-05-11,0,Natalie,Tom,0,Williams,Williams,3,W2S 4WZ,M1 0BZ,0,0
-20.018270801566477,9.416719160683692e-07,hospital_a,hospital_b,A0022,B0230,2004-02-08,1978-11-15,0,Jessica,Gyu,0,Jones,Jones,3,SY6 8XZ,G38AB,0,0
-20.018270801566477,9.416719160683692e-07,hospital_a,hospital_b,A0036,B0324,1965-01-24,1989-05-05,0,Lynn,Stephanie,0,Brown,Brown,3,E71 7NW,DD261SN,0,0
-20.018270801566477,9.416719160683692e-07,hospital_a,hospital_b,A0038,B0440,1963-03-29,2000-10-30,0,Amelia,Christian,0,Smith,Smith,3,BH57 6FU,DG8 6LB,0,0
-20.018270801566477,9.416719160683692e-07,hospital_a,hospital_b,A0056,B0324,1958-12-28,1989-05-05,0,Carol,Stephanie,0,Brown,Brown,3,W5B 1JS,DD261SN,0,0
-20.018270801566477,9.416719160683692e-07,hospital_a,hospital_b,A0083,B0440,1977-01-30,2000-10-30,0,Gail,Christian,0,Smith,Smith,3,CH3A 5SF,DG8 6LB,0,0
-20.018270801566477,9.416719160683692e-07,hospital_a,hospital_b,A0086,B0440,1970-04-04,2000-10-30,0,Abbie,Christian,0,Smith,Smith,3,M84 1ZY,DG8 6LB,0,0
-20.018270801566477,9.416719160683692e-07,hospital_a,hospital_b,A0097,B0425,1974-09-08,1982-05-11,0,Joanne,Tom,0,Williams,Williams,3,G8 3YP,M1 0BZ,0,0
-20.018270801566477,9.416719160683692e-07,hospital_a,hospital_b,A0102,B0440,2003-07-10,2000-10-30,0,Anrdew,Christian,0,Smith,Smith,3,S4C 5JR,DG8 6LB,0,0
-20.018270801566477,9.416719160683692e-07,hospital_a,hospital_b,A0103,B0230,2002-03-21,1978-11-15,0,Janice,Gyu,0,Jones,Jones,3,B8A0AS,G38AB,0,0
-20.018270801566477,9.416719160683692e-07,hospital_a,hospital_b,A0148,B0230,1983-07-16,1978-11-15,0,Megan,Gyu,0,Jones,Jones,3,S2 6QG,G38AB,0,0
-20.018270801566477,9.416719160683692e-07,hospital_a,hospital_b,A0165,B0425,1977-02-11,1982-05-11,0,Kelly,Tom,0,Williams,Williams,3,W71UA,M1 0BZ,0,0
-20.018270801566477,9.416719160683692e-07,hospital_a,hospital_b,A0178,B0230,1959-04-03,1978-11-15,0,Elloitt,Gyu,0,Jones,Jones,3,HA9E 5SG,G38AB,0,0
-20.018270801566477,9.416719160683692e-07,hospital_a,hospital_b,A0211,B0440,1938-03-01,2000-10-30,0,Aaron,Christian,0,Smith,Smith,3,LA8M 3YG,DG8 6LB,0,0
-20.018270801566477,9.416719160683692e-07,hospital_a,hospital_b,A0224,B0440,1946-06-07,2000-10-30,0,Helen,Christian,0,Smith,Smith,3,PL5 8FH,DG8 6LB,0,0
-20.018270801566477,9.416719160683692e-07,hospital_a,hospital_b,A0247,B0425,1950-09-13,1982-05-11,0,Margaret,Tom,0,Williams,Williams,3,W23 5SF,M1 0BZ,0,0
-20.018270801566477,9.416719160683692e-07,hospital_a,hospital_b,A0252,B0440,1980-03-27,2000-10-30,0,Ricky,Christian,0,Smith,Smith,3,WF4 1ZG,DG8 6LB,0,0
-20.018270801566477,9.416719160683692e-07,hospital_a,hospital_b,A0265,B0425,1959-09-08,1982-05-11,0,Ryhs,Tom,0,Williams,Williams,3,BH10 2AU,M1 0BZ,0,0
-20.018270801566477,9.416719160683692e-07,hospital_a,hospital_b,A0266,B0440,1965-05-27,2000-10-30,0,Nigel,Christian,0,Smith,Smith,3,S319UB,DG8 6LB,0,0
-20.018270801566477,9.416719160683692e-07,hospital_a,hospital_b,A0304,B0440,1942-03-28,2000-10-30,0,Jodie,Christian,0,Smith,Smith,3,B5 7QZ,DG8 6LB,0,0
2.9866198006579197,0.8879695849880381,hospital_a,hospital_b,A0313,B0324,1989-05-05,1989-05-05,1,Setphanie,Stephanie,2,Brown,Brown,3,DD26 1SN,DD261SN,0,0
-20.018270801566477,9.416719160683692e-07,hospital_a,hospital_b,A0319,B0230,1999-10-03,1978-11-15,0,Sylvia,Gyu,0,Jones,Jones,3,SP6P 7GZ,G38AB,0,0
-20.018270801566477,9.416719160683692e-07,hospital_a,hospital_b,A0323,B0440,1994-05-09,2000-10-30,0,Thomas,Christian,0,Smith,Smith,3,GL81LQ,DG8 6LB,0,0
-20.018270801566477,9.416719160683692e-07,hospital_a,hospital_b,A0336,B0230,1965-01-11,1978-11-15,0,Gary,Gyu,0,Jones,Jones,3,B483XF,G38AB,0,0
-20.018270801566477,9.416719160683692e-07,hospital_a,hospital_b,A0339,B0425,1944-04-16,1982-05-11,0,Vansesa,Tom,0,Williams,Williams,3,UB952AE,M1 0BZ,0,0
-20.018270801566477,9.416719160683692e-07,hospital_a,hospital_b,A0348,B0230,1979-04-30,1978-11-15,0,Sean,Gyu,0,Jones,Jones,3,IG0 0JW,G38AB,0,0
-20.018270801566477,9.416719160683692e-07,hospital_a,hospital_b,A0349,B0440,1988-11-28,2000-10-30,0,Allan,Christian,0,Smith,Smith,3,TS6 6GA,DG8 6LB,0,0
-20.018270801566477,9.416719160683692e-07,hospital_a,hospital_b,A0364,B0324,1983-01-10,1989-05-05,0,Kyle,Stephanie,0,Brown,Brown,3,S33DL,DD261SN,0,0
-20.018270801566477,9.416719160683692e-07,hospital_a,hospital_b,A0365,B0440,1942-03-14,2000-10-30,0,Ronald,Christian,0,Smith,Smith,3,RG6 5GP,DG8 6LB,0,0
-20.018270801566477,9.416719160683692e-07,hospital_a,hospital_b,A0392,B0230,1944-08-05,1978-11-15,0,Sophie,Gyu,0,Jones,Jones,3,G26YL,G38AB,0,0
-20.018270801566477,9.416719160683692e-07,hospital_a,hospital_b,A0401,B0440,2000-08-17,2000-10-30,0,Samantha,Christian,0,Smith,Smith,3,B00 3NU,DG8 6LB,0,0
-20.018270801566477,9.416719160683692e-07,hospital_a,hospital_b,A0402,B0425,1942-06-26,1982-05-11,0,Geraldine,Tom,0,Williams,Williams,3,N4T 3XF,M1 0BZ,0,0
-20.018270801566477,9.416719160683692e-07,hospital_a,hospital_b,A0408,B0230,1976-05-15,1978-11-15,0,Bradley,Gyu,0,Jones,Jones,3,TW24 7FJ,G38AB,0,0
-20.018270801566477,9.416719160683692e-07,hospital_a,hospital_b,A0422,B0440,1999-03-14,2000-10-30,0,Barbara,Christian,0,Smith,Smith,3,BH9X 3XA,DG8 6LB,0,0
22.986540461169,0.9999998796733648,hospital_a,hospital_b,A0431,B0440,2000-10-30,2000-10-30,1,Christian,Christian,3,Smith,Smith,3,DG8 6LB,DG8 6LB,1,0
-20.018270801566477,9.416719160683692e-07,hospital_a,hospital_b,A0443,B0425,1946-04-12,1982-05-11,0,Owen,Tom,0,Williams,Williams,3,S8F 7LQ,M1 0BZ,0,0
-20.018270801566477,9.416719160683692e-07,hospital_a,hospital_b,A0448,B0230,1961-11-16,1978-11-15,0,Cheyrl,Gyu,0,Jones,Jones,3,N48ZU,G38AB,0,0
-20.018270801566477,9.416719160683692e-07,hospital_a,hospital_b,A0449,B0440,1989-05-18,2000-10-30,0,Robert,Christian,0,Smith,Smith,3,HX31 6EL,DG8 6LB,0,0
-20.018270801566477,9.416719160683692e-07,hospital_a,hospital_b,A0457,B0425,1983-05-01,1982-05-11,0,Gail,Tom,0,Williams,Williams,3,S2 2FJ,M1 0BZ,0,0
-20.018270801566477,9.416719160683692e-07,hospital_a,hospital_b,A0472,B0425,1951-09-01,1982-05-11,0,Jacqueline,Tom,0,Williams,Williams,3,DE68 4BX,M1 0BZ,0,0
-20.018270801566477,9.416719160683692e-07,hospital_a,hospital_b,A0500,B0324,1949-05-06,1989-05-05,0,Teresa,Stephanie,0,Brown,Brown,3,UB6 5ZR,DD261SN,0,0
-20.018270801566477,9.416719160683692e-07,hospital_a,hospital_b,A0534,B0425,2006-08-15,1982-05-11,0,Kayleigh,Tom,0,Williams,Williams,3,W05 7GG,M1 0BZ,0,0
-20.018270801566477,9.416719160683692e-07,hospital_a,hospital_b,A0539,B0425,1959-03-20,1982-05-11,0,Cragi,Tom,0,Williams,Williams,3,M8J 0FD,M1 0BZ,0,0
-20.018270801566477,9.416719160683692e-07,hospital_a,hospital_b,A0551,B0230,1997-11-23,1978-11-15,0,Alexandra,Gyu,0,Jones,Jones,3,S73 9LX,G38AB,0,0
-20.018270801566477,9.416719160683692e-07,hospital_a,hospital_b,A0605,B0425,1958-03-18,1982-05-11,0,Marilyn,Tom,0,Williams,Williams,3,LE4 9TN,M1 0BZ,0,0
-20.018270801566477,9.416719160683692e-07,hospital_a,hospital_b,A0685,B0230,1971-02-19,1978-11-15,0,Sheila,Gyu,0,Jones,Jones,3,G2 8ZB,G38AB,0,0
-20.018270801566477,9.416719160683692e-07,hospital_a,hospital_b,A0686,B0440,1953-03-19,2000-10-30,0,Irnee,Christian,0,Smith,Smith,3,RH5 5WL,DG8 6LB,0,0
-20.018270801566477,9.416719160683692e-07,hospital_a,hospital_b,A0689,B0324,1999-06-26,1989-05-05,0,Sam,Stephanie,0,Brown,Brown,3,CO5Y 3EN,DD261SN,0,0
-20.018270801566477,9.416719160683692e-07,hospital_a,hospital_b,A0716,B0440,1974-12-29,2000-10-30,0,Antony,Christian,0,Smith,Smith,3,IP73 0ZT,DG8 6LB,0,0
-20.018270801566477,9.416719160683692e-07,hospital_a,hospital_b,A0738,B0440,1974-05-03,2000-10-30,0,eJffrey,Christian,0,Smith,Smith,3,B3 4NJ,DG8 6LB,0,0
-20.018270801566477,9.416719160683692e-07,hospital_a,hospital_b,A0739,B0324,1946-03-05,1989-05-05,0,oClin,Stephanie,0,Brown,Brown,3,G9T 0DN,DD261SN,0,0
-20.018270801566477,9.416719160683692e-07,hospital_a,hospital_b,A0764,B0324,1947-05-15,1989-05-05,0,Beth,Stephanie,0,Brown,Brown,3,SY4 2LE,DD261SN,0,0
-20.018270801566477,9.416719160683692e-07,hospital_a,hospital_b,A0769,B0440,1962-06-20,2000-10-30,0,Rosemary,Christian,0,Smith,Smith,3,S70AZ,DG8 6LB,0,0
-20.018270801566477,9.416719160683692e-07,hospital_a,hospital_b,A0831,B0230,1941-12-21,1978-11-15,0,Josuha,Gyu,0,Jones,Jones,3,W0 6ZU,G38AB,0,0
-20.018270801566477,9.416719160683692e-07,hospital_a,hospital_b,A0842,B0230,1987-03-09,1978-11-15,0,lGen,Gyu,0,Jones,Jones,3,G6 6NN,G38AB,0,0
-20.018270801566477,9.416719160683692e-07,hospital_a,hospital_b,A0847,B0230,1978-01-12,1978-11-15,0,oTm,Gyu,0,Jones,Jones,3,B30 4LY,G38AB,0,0
-20.018270801566477,9.416719160683692e-07,hospital_a,hospital_b,A0014,B0430,2001-07-31,1999-03-14,0,Wedny,Barbara,0,Smith,Smith,3,E6 0AP,BH9X3XA,0,0
-20.018270801566477,9.416719160683692e-07,hospital_a,hospital_b,A0019,B0412,1984-08-08,1942-06-26,0,Natalie,Geraldine,0,Williams,Williams,3,W2S 4WZ,N4T 3XF,0,0
-20.018270801566477,9.416719160683692e-07,hospital_a,hospital_b,A0022,B0186,2004-02-08,1959-04-03,0,Jessica,Elliott,0,Jones,Jones,3,SY6 8XZ,HA9E 5SG,0,0
-20.018270801566477,9.416719160683692e-07,hospital_a,hospital_b,A0036,B0170,1965-01-24,2003-06-30,0,Lynn,Alexander,0,Brown,Brown,3,E71 7NW,W7W 1UP,0,0
-20.018270801566477,9.416719160683692e-07,hospital_a,hospital_b,A0038,B0430,1963-03-29,1999-03-14,0,Amelia,Barbara,0,Smith,Smith,3,BH57 6FU,BH9X3XA,0,0
-20.018270801566477,9.416719160683692e-07,hospital_a,hospital_b,A0056,B0170,1958-12-28,2003-06-30,0,Carol,Alexander,0,Brown,Brown,3,W5B 1JS,W7W 1UP,0,0
-20.018270801566477,9.416719160683692e-07,hospital_a,hospital_b,A0083,B0430,1977-01-30,1999-03-14,0,Gail,Barbara,0,Smith,Smith,3,CH3A 5SF,BH9X3XA,0,0
-20.018270801566477,9.416719160683692e-07,hospital_a,hospital_b,A0086,B0430,1970-04-04,1999-03-14,0,Abbie,Barbara,0,Smith,Smith,3,M84 1ZY,BH9X3XA,0,0
-20.018270801566477,9.416719160683692e-07,hospital_a,hospital_b,A0097,B0412,1974-09-08,1942-06-26,0,Joanne,Geraldine,0,Williams,Williams,3,G8 3YP,N4T 3XF,0,0
-20.018270801566477,9.416719160683692e-07,hospital_a,hospital_b,A0102,B0430,2003-07-10,1999-03-14,0,Anrdew,Barbara,0,Smith,Smith,3,S4C 5JR,BH9X3XA,0,0
-20.018270801566477,9.416719160683692e-07,hospital_a,hospital_b,A0103,B0186,2002-03-21,1959-04-03,0,Janice,Elliott,0,Jones,Jones,3,B8A0AS,HA9E 5SG,0,0
-20.018270801566477,9.416719160683692e-07,hospital_a,hospital_b,A0148,B0186,1983-07-16,1959-04-03,0,Megan,Elliott,0,Jones,Jones,3,S2 6QG,HA9E 5SG,0,0
-20.018270801566477,9.416719160683692e-07,hospital_a,hospital_b,A0165,B0412,1977-02-11,1942-06-26,0,Kelly,Geraldine,0,Williams,Williams,3,W71UA,N4T 3XF,0,0
17.53402081439428,0.9999947309599222,hospital_a,hospital_b,A0178,B0186,1959-04-03,1959-04-03,1,Elloitt,Elliott,2,Jones,Jones,3,HA9E 5SG,HA9E 5SG,1,0
-20.018270801566477,9.416719160683692e-07,hospital_a,hospital_b,A0211,B0430,1938-03-01,1999-03-14,0,Aaron,Barbara,0,Smith,Smith,3,LA8M 3YG,BH9X3XA,0,0
-20.018270801566477,9.416719160683692e-07,hospital_a,hospital_b,A0224,B0430,1946-06-07,1999-03-14,0,Helen,Barbara,0,Smith,Smith,3,PL5 8FH,BH9X3XA,0,0
-20.018270801566477,9.416719160683692e-07,hospital_a,hospital_b,A0247,B0412,1950-09-13,1942-06-26,0,Margaret,Geraldine,0,Williams,Williams,3,W23 5SF,N4T 3XF,0,0
-20.018270801566477,9.416719160683692e-07,hospital_a,hospital_b,A0252,B0430,1980-03-27,1999-03-14,0,Ricky,Barbara,0,Smith,Smith,3,WF4 1ZG,BH9X3XA,0,0
-20.018270801566477,9.416719160683692e-07,hospital_a,hospital_b,A0265,B0412,1959-09-08,1942-06-26,0,Ryhs,Geraldine,0,Williams,Williams,3,BH10 2AU,N4T 3XF,0,0
-20.018270801566477,9.416719160683692e-07,hospital_a,hospital_b,A0266,B0430,1965-05-27,1999-03-14,0,Nigel,Barbara,0,Smith,Smith,3,S319UB,BH9X3XA,0,0
-20.018270801566477,9.416719160683692e-07,hospital_a,hospital_b,A0304,B0430,1942-03-28,1999-03-14,0,Jodie,Barbara,0,Smith,Smith,3,B5 7QZ,BH9X3XA,0,0
-20.018270801566477,9.416719160683692e-07,hospital_a,hospital_b,A0313,B0170,1989-05-05,2003-06-30,0,Setphanie,Alexander,0,Brown,Brown,3,DD26 1SN,W7W 1UP,0,0
-20.018270801566477,9.416719160683692e-07,hospital_a,hospital_b,A0319,B0186,1999-10-03,1959-04-03,0,Sylvia,Elliott,0,Jones,Jones,3,SP6P 7GZ,HA9E 5SG,0,0
-20.018270801566477,9.416719160683692e-07,hospital_a,hospital_b,A0323,B0430,1994-05-09,1999-03-14,0,Thomas,Barbara,0,Smith,Smith,3,GL81LQ,BH9X3XA,0,0
-20.018270801566477,9.416719160683692e-07,hospital_a,hospital_b,A0336,B0186,1965-01-11,1959-04-03,0,Gary,Elliott,0,Jones,Jones,3,B483XF,HA9E 5SG,0,0
-20.018270801566477,9.416719160683692e-07,hospital_a,hospital_b,A0339,B0412,1944-04-16,1942-06-26,0,Vansesa,Geraldine,0,Williams,Williams,3,UB952AE,N4T 3XF,0,0
-20.018270801566477,9.416719160683692e-07,hospital_a,hospital_b,A0348,B0186,1979-04-30,1959-04-03,0,Sean,Elliott,0,Jones,Jones,3,IG0 0JW,HA9E 5SG,0,0
-20.018270801566477,9.416719160683692e-07,hospital_a,hospital_b,A0349,B0430,1988-11-28,1999-03-14,0,Allan,Barbara,0,Smith,Smith,3,TS6 6GA,BH9X3XA,0,0
-20.018270801566477,9.416719160683692e-07,hospital_a,hospital_b,A0364,B0170,1983-01-10,2003-06-30,0,Kyle,Alexander,0,Brown,Brown,3,S33DL,W7W 1UP,0,0
-20.018270801566477,9.416719160683692e-07,hospital_a,hospital_b,A0365,B0430,1942-03-14,1999-03-14,0,Ronald,Barbara,0,Smith,Smith,3,RG6 5GP,BH9X3XA,0,0
-20.018270801566477,9.416719160683692e-07,hospital_a,hospital_b,A0392,B0186,1944-08-05,1959-04-03,0,Sophie,Elliott,0,Jones,Jones,3,G26YL,HA9E 5SG,0,0
-20.018270801566477,9.416719160683692e-07,hospital_a,hospital_b,A0401,B0430,2000-08-17,1999-03-14,0,Samantha,Barbara,0,Smith,Smith,3,B00 3NU,BH9X3XA,0,0
22.986540461169,0.9999998796733648,hospital_a,hospital_b,A0402,B0412,1942-06-26,1942-06-26,1,Geraldine,Geraldine,3,Williams,Williams,3,N4T 3XF,N4T 3XF,1,0
-20.018270801566477,9.416719160683692e-07,hospital_a,hospital_b,A0408,B0186,1976-05-15,1959-04-03,0,Bradley,Elliott,0,Jones,Jones,3,TW24 7FJ,HA9E 5SG,0,0
8.439139447432636,0.9971271270496563,hospital_a,hospital_b,A0422,B0430,1999-03-14,1999-03-14,1,Barbara,Barbara,3,Smith,Smith,3,BH9X 3XA,BH9X3XA,0,0
-20.018270801566477,9.416719160683692e-07,hospital_a,hospital_b,A0431,B0430,2000-10-30,1999-03-14,0,Christian,Barbara,0,Smith,Smith,3,DG8 6LB,BH9X3XA,0,0
-20.018270801566477,9.416719160683692e-07,hospital_a,hospital_b,A0443,B0412,1946-04-12,1942-06-26,0,Owen,Geraldine,0,Williams,Williams,3,S8F 7LQ,N4T 3XF,0,0
-20.018270801566477,9.416719160683692e-07,hospital_a,hospital_b,A0448,B0186,1961-11-16,1959-04-03,0,Cheyrl,Elliott,0,Jones,Jones,3,N48ZU,HA9E 5SG,0,0
-20.018270801566477,9.416719160683692e-07,hospital_a,hospital_b,A0449,B0430,1989-05-18,1999-03-14,0,Robert,Barbara,0,Smith,Smith,3,HX31 6EL,BH9X3XA,0,0
-20.018270801566477,9.416719160683692e-07,hospital_a,hospital_b,A0457,B0412,1983-05-01,1942-06-26,0,Gail,Geraldine,0,Williams,Williams,3,S2 2FJ,N4T 3XF,0,0
-14.44359436615754,4.487715947894868e-05,hospital_a,hospital_b,A0472,B0412,1951-09-01,1942-06-26,0,Jacqueline,Geraldine,1,Williams,Williams,3,DE68 4BX,N4T 3XF,0,0
-20.018270801566477,9.416719160683692e-07,hospital_a,hospital_b,A0500,B0170,1949-05-06,2003-06-30,0,Teresa,Alexander,0,Brown,Brown,3,UB6 5ZR,W7W 1UP,0,0
-20.018270801566477,9.416719160683692e-07,hospital_a,hospital_b,A0534,B0412,2006-08-15,1942-06-26,0,Kayleigh,Geraldine,0,Williams,Williams,3,W05 7GG,N4T 3XF,0,0
-20.018270801566477,9.416719160683692e-07,hospital_a,hospital_b,A0539,B0412,1959-03-20,1942-06-26,0,Cragi,Geraldine,0,Williams,Williams,3,M8J 0FD,N4T 3XF,0,0
-20.018270801566477,9.416719160683692e-07,hospital_a,hospital_b,A0551,B0186,1997-11-23,1959-04-03,0,Alexandra,Elliott,0,Jones,Jones,3,S73 9LX,HA9E 5SG,0,0
-20.018270801566477,9.416719160683692e-07,hospital_a,hospital_b,A0605,B0412,1958-03-18,1942-06-26,0,Marilyn,Geraldine,0,Williams,Williams,3,LE4 9TN,N4T 3XF,0,0
-20.018270801566477,9.416719160683692e-07,hospital_a,hospital_b,A0685,B0186,1971-02-19,1959-04-03,0,Sheila,Elliott,0,Jones,Jones,3,G2 8ZB,HA9E 5SG,0,0
-20.018270801566477,9.416719160683692e-07,hospital_a,hospital_b,A0686,B0430,1953-03-19,1999-03-14,0,Irnee,Barbara,0,Smith,Smith,3,RH5 5WL,BH9X3XA,0,0
-20.018270801566477,9.416719160683692e-07,hospital_a,hospital_b,A0689,B0170,1999-06-26,2003-06-30,0,Sam,Alexander,0,Brown,Brown,3,CO5Y 3EN,W7W 1UP,0,0
-20.018270801566477,9.416719160683692e-07,hospital_a,hospital_b,A0716,B0430,1974-12-29,1999-03-14,0,Antony,Barbara,0,Smith,Smith,3,IP73 0ZT,BH9X3XA,0,0
-20.018270801566477,9.416719160683692e-07,hospital_a,hospital_b,A0738,B0430,1974-05-03,1999-03-14,0,eJffrey,Barbara,0,Smith,Smith,3,B3 4NJ,BH9X3XA,0,0
-20.018270801566477,9.416719160683692e-07,hospital_a,hospital_b,A0739,B0170,1946-03-05,2003-06-30,0,oClin,Alexander,0,Brown,Brown,3,G9T 0DN,W7W 1UP,0,0
-20.018270801566477,9.416719160683692e-07,hospital_a,hospital_b,A0764,B0170,1947-05-15,2003-06-30,0,Beth,Alexander,0,Brown,Brown,3,SY4 2LE,W7W 1UP,0,0
-20.018270801566477,9.416719160683692e-07,hospital_a,hospital_b,A0769,B0430,1962-06-20,1999-03-14,0,Rosemary,Barbara,0,Smith,Smith,3,S70AZ,BH9X3XA,0,0
-20.018270801566477,9.416719160683692e-07,hospital_a,hospital_b,A0831,B0186,1941-12-21,1959-04-03,0,Josuha,Elliott,0,Jones,Jones,3,W0 6ZU,HA9E 5SG,0,0
-20.018270801566477,9.416719160683692e-07,hospital_a,hospital_b,A0842,B0186,1987-03-09,1959-04-03,0,lGen,Elliott,0,Jones,Jones,3,G6 6NN,HA9E 5SG,0,0
-20.018270801566477,9.416719160683692e-07,hospital_a,hospital_b,A0847,B0186,1978-01-12,1959-04-03,0,oTm,Elliott,0,Jones,Jones,3,B30 4LY,HA9E 5SG,0,0
-20.018270801566477,9.416719160683692e-07,hospital_a,hospital_b,A0014,B0374,2001-07-31,1942-03-14,0,Wedny,Ronald,0,Smith,Smith,3,E6 0AP,RG6 5GP,0,0
-20.018270801566477,9.416719160683692e-07,hospital_a,hospital_b,A0019,B0274,1984-08-08,1959-09-08,0,Natalie,Rhys,0,Williams,Williams,3,W2S 4WZ,BH10 2AU,0,0
-20.018270801566477,9.416719160683692e-07,hospital_a,hospital_b,A0022,B0151,2004-02-08,1983-07-16,0,Jessica,eMgan,0,Jones,Jones,3,SY6 8XZ,S2 6QG,0,0
-20.018270801566477,9.416719160683692e-07,hospital_a,hospital_b,A0036,B0131,1965-01-24,1971-07-10,0,Lynn,Rita,0,Brown,Brown,3,E71 7NW,NE8 2QF,0,0
-20.018270801566477,9.416719160683692e-07,hospital_a,hospital_b,A0038,B0374,1963-03-29,1942-03-14,0,Amelia,Ronald,0,Smith,Smith,3,BH57 6FU,RG6 5GP,0,0
-20.018270801566477,9.416719160683692e-07,hospital_a,hospital_b,A0056,B0131,1958-12-28,1971-07-10,0,Carol,Rita,0,Brown,Brown,3,W5B 1JS,NE8 2QF,0,0
-20.018270801566477,9.416719160683692e-07,hospital_a,hospital_b,A0083,B0374,1977-01-30,1942-03-14,0,Gail,Ronald,0,Smith,Smith,3,CH3A 5SF,RG6 5GP,0,0
-20.018270801566477,9.416719160683692e-07,hospital_a,hospital_b,A0086,B0374,1970-04-04,1942-03-14,0,Abbie,Ronald,0,Smith,Smith,3,M84 1ZY,RG6 5GP,0,0
-20.018270801566477,9.416719160683692e-07,hospital_a,hospital_b,A0097,B0274,1974-09-08,1959-09-08,0,Joanne,Rhys,0,Williams,Williams,3,G8 3YP,BH10 2AU,0,0
-20.018270801566477,9.416719160683692e-07,hospital_a,hospital_b,A0102,B0374,2003-07-10,1942-03-14,0,Anrdew,Ronald,0,Smith,Smith,3,S4C 5JR,RG6 5GP,0,0
-20.018270801566477,9.416719160683692e-07,hospital_a,hospital_b,A0103,B0151,2002-03-21,1983-07-16,0,Janice,eMgan,0,Jones,Jones,3,B8A0AS,S2 6QG,0,0
17.53402081439428,0.9999947309599222,hospital_a,hospital_b,A0148,B0151,1983-07-16,1983-07-16,1,Megan,eMgan,2,Jones,Jones,3,S2 6QG,S2 6QG,1,0
-20.018270801566477,9.416719160683692e-07,hospital_a,hospital_b,A0165,B0274,1977-02-11,1959-09-08,0,Kelly,Rhys,0,Williams,Williams,3,W71UA,BH10 2AU,0,0
-20.018270801566477,9.416719160683692e-07,hospital_a,hospital_b,A0178,B0151,1959-04-03,1983-07-16,0,Elloitt,eMgan,0,Jones,Jones,3,HA9E 5SG,S2 6QG,0,0
-20.018270801566477,9.416719160683692e-07,hospital_a,hospital_b,A0211,B0374,1938-03-01,1942-03-14,0,Aaron,Ronald,0,Smith,Smith,3,LA8M 3YG,RG6 5GP,0,0
-20.018270801566477,9.416719160683692e-07,hospital_a,hospital_b,A0224,B0374,1946-06-07,1942-03-14,0,Helen,Ronald,0,Smith,Smith,3,PL5 8FH,RG6 5GP,0,0
-20.018270801566477,9.416719160683692e-07,hospital_a,hospital_b,A0247,B0274,1950-09-13,1959-09-08,0,Margaret,Rhys,0,Williams,Williams,3,W23 5SF,BH10 2AU,0,0
-20.018270801566477,9.416719160683692e-07,hospital_a,hospital_b,A0252,B0374,1980-03-27,1942-03-14,0,Ricky,Ronald,0,Smith,Smith,3,WF4 1ZG,RG6 5GP,0,0
17.53402081439428,0.9999947309599222,hospital_a,hospital_b,A0265,B0274,1959-09-08,1959-09-08,1,Ryhs,Rhys,2,Williams,Williams,3,BH10 2AU,BH10 2AU,1,0
-20.018270801566477,9.416719160683692e-07,hospital_a,hospital_b,A0266,B0374,1965-05-27,1942-03-14,0,Nigel,Ronald,0,Smith,Smith,3,S319UB,RG6 5GP,0,0
-20.018270801566477,9.416719160683692e-07,hospital_a,hospital_b,A0304,B0374,1942-03-28,1942-03-14,0,Jodie,Ronald,0,Smith,Smith,3,B5 7QZ,RG6 5GP,0,0
-20.018270801566477,9.416719160683692e-07,hospital_a,hospital_b,A0313,B0131,1989-05-05,1971-07-10,0,Setphanie,Rita,0,Brown,Brown,3,DD26 1SN,NE8 2QF,0,0
-20.018270801566477,9.416719160683692e-07,hospital_a,hospital_b,A0319,B0151,1999-10-03,1983-07-16,0,Sylvia,eMgan,0,Jones,Jones,3,SP6P 7GZ,S2 6QG,0,0
-20.018270801566477,9.416719160683692e-07,hospital_a,hospital_b,A0323,B0374,1994-05-09,1942-03-14,0,Thomas,Ronald,0,Smith,Smith,3,GL81LQ,RG6 5GP,0,0
-20.018270801566477,9.416719160683692e-07,hospital_a,hospital_b,A0336,B0151,1965-01-11,1983-07-16,0,Gary,eMgan,0,Jones,Jones,3,B483XF,S2 6QG,0,0
-20.018270801566477,9.416719160683692e-07,hospital_a,hospital_b,A0339,B0274,1944-04-16,1959-09-08,0,Vansesa,Rhys,0,Williams,Williams,3,UB952AE,BH10 2AU,0,0
-14.44359436615754,4.487715947894868e-05,hospital_a,hospital_b,A0348,B0151,1979-04-30,1983-07-16,0,Sean,eMgan,1,Jones,Jones,3,IG0 0JW,S2 6QG,0,0
-20.018270801566477,9.416719160683692e-07,hospital_a,hospital_b,A0349,B0374,1988-11-28,1942-03-14,0,Allan,Ronald,0,Smith,Smith,3,TS6 6GA,RG6 5GP,0,0
-20.018270801566477,9.416719160683692e-07,hospital_a,hospital_b,A0364,B0131,1983-01-10,1971-07-10,0,Kyle,Rita,0,Brown,Brown,3,S33DL,NE8 2QF,0,0
22.986540461169,0.9999998796733648,hospital_a,hospital_b,A0365,B0374,1942-03-14,1942-03-14,1,Ronald,Ronald,3,Smith,Smith,3,RG6 5GP,RG6 5GP,1,0
-20.018270801566477,9.416719160683692e-07,hospital_a,hospital_b,A0392,B0151,1944-08-05,1983-07-16,0,Sophie,eMgan,0,Jones,Jones,3,G26YL,S2 6QG,0,0
-20.018270801566477,9.416719160683692e-07,hospital_a,hospital_b,A0401,B0374,2000-08-17,1942-03-14,0,Samantha,Ronald,0,Smith,Smith,3,B00 3NU,RG6 5GP,0,0
-20.018270801566477,9.416719160683692e-07,hospital_a,hospital_b,A0402,B0274,1942-06-26,1959-09-08,0,Geraldine,Rhys,0,Williams,Williams,3,N4T 3XF,BH10 2AU,0,0
-20.018270801566477,9.416719160683692e-07,hospital_a,hospital_b,A0408,B0151,1976-05-15,1983-07-16,0,Bradley,eMgan,0,Jones,Jones,3,TW24 7FJ,S2 6QG,0,0
-20.018270801566477,9.416719160683692e-07,hospital_a,hospital_b,A0422,B0374,1999-03-14,1942-03-14,0,Barbara,Ronald,0,Smith,Smith,3,BH9X 3XA,RG6 5GP,0,0
-20.018270801566477,9.416719160683692e-07,hospital_a,hospital_b,A0431,B0374,2000-10-30,1942-03-14,0,Christian,Ronald,0,Smith,Smith,3,DG8 6LB,RG6 5GP,0,0
-20.018270801566477,9.416719160683692e-07,hospital_a,hospital_b,A0443,B0274,1946-04-12,1959-09-08,0,Owen,Rhys,0,Williams,Williams,3,S8F 7LQ,BH10 2AU,0,0
-20.018270801566477,9.416719160683692e-07,hospital_a,hospital_b,A0448,B0151,1961-11-16,1983-07-16,0,Cheyrl,eMgan,0,Jones,Jones,3,N48ZU,S2 6QG,0,0
-20.018270801566477,9.416719160683692e-07,hospital_a,hospital_b,A0449,B0374,1989-05-18,1942-03-14,0,Robert,Ronald,0,Smith,Smith,3,HX31 6EL,RG6 5GP,0,0
-20.018270801566477,9.416719160683692e-07,hospital_a,hospital_b,A0457,B0274,1983-05-01,1959-09-08,0,Gail,Rhys,0,Williams,Williams,3,S2 2FJ,BH10 2AU,0,0
-20.018270801566477,9.416719160683692e-07,hospital_a,hospital_b,A0472,B0274,1951-09-01,1959-09-08,0,Jacqueline,Rhys,0,Williams,Williams,3,DE68 4BX,BH10 2AU,0,0
-20.018270801566477,9.416719160683692e-07,hospital_a,hospital_b,A0500,B0131,1949-05-06,1971-07-10,0,Teresa,Rita,0,Brown,Brown,3,UB6 5ZR,NE8 2QF,0,0
-20.018270801566477,9.416719160683692e-07,hospital_a,hospital_b,A0534,B0274,2006-08-15,1959-09-08,0,Kayleigh,Rhys,0,Williams,Williams,3,W05 7GG,BH10 2AU,0,0
-20.018270801566477,9.416719160683692e-07,hospital_a,hospital_b,A0539,B0274,1959-03-20,1959-09-08,0,Cragi,Rhys,0,Williams,Williams,3,M8J 0FD,BH10 2AU,0,0
-20.018270801566477,9.416719160683692e-07,hospital_a,hospital_b,A0551,B0151,1997-11-23,1983-07-16,0,Alexandra,eMgan,0,Jones,Jones,3,S73 9LX,S2 6QG,0,0
-20.018270801566477,9.416719160683692e-07,hospital_a,hospital_b,A0605,B0274,1958-03-18,1959-09-08,0,Marilyn,Rhys,0,Williams,Williams,3,LE4 9TN,BH10 2AU,0,0
-20.018270801566477,9.416719160683692e-07,hospital_a,hospital_b,A0685,B0151,1971-02-19,1983-07-16,0,Sheila,eMgan,0,Jones,Jones,3,G2 8ZB,S2 6QG,0,0
-20.018270801566477,9.416719160683692e-07,hospital_a,hospital_b,A0686,B0374,1953-03-19,1942-03-14,0,Irnee,Ronald,0,Smith,Smith,3,RH5 5WL,RG6 5GP,0,0
-20.018270801566477,9.416719160683692e-07,hospital_a,hospital_b,A0689,B0131,1999-06-26,1971-07-10,0,Sam,Rita,0,Brown,Brown,3,CO5Y 3EN,NE8 2QF,0,0
-20.018270801566477,9.416719160683692e-07,hospital_a,hospital_b,A0716,B0374,1974-12-29,1942-03-14,0,Antony,Ronald,0,Smith,Smith,3,IP73 0ZT,RG6 5GP,0,0
-20.018270801566477,9.416719160683692e-07,hospital_a,hospital_b,A0738,B0374,1974-05-03,1942-03-14,0,eJffrey,Ronald,0,Smith,Smith,3,B3 4NJ,RG6 5GP,0,0
-20.018270801566477,9.416719160683692e-07,hospital_a,hospital_b,A0739,B0131,1946-03-05,1971-07-10,0,oClin,Rita,0,Brown,Brown,3,G9T 0DN,NE8 2QF,0,0
-20.018270801566477,9.416719160683692e-07,hospital_a,hospital_b,A0764,B0131,1947-05-15,1971-07-10,0,Beth,Rita,0,Brown,Brown,3,SY4 2LE,NE8 2QF,0,0
-20.018270801566477,9.416719160683692e-07,hospital_a,hospital_b,A0769,B0374,1962-06-20,1942-03-14,0,Rosemary,Ronald,0,Smith,Smith,3,S70AZ,RG6 5GP,0,0
-20.018270801566477,9.416719160683692e-07,hospital_a,hospital_b,A0831,B0151,1941-12-21,1983-07-16,0,Josuha,eMgan,0,Jones,Jones,3,W0 6ZU,S2 6QG,0,0
-20.018270801566477,9.416719160683692e-07,hospital_a,hospital_b,A0842,B0151,1987-03-09,1983-07-16,0,lGen,eMgan,0,Jones,Jones,3,G6 6NN,S2 6QG,0,0
-20.018270801566477,9.416719160683692e-07,hospital_a,hospital_b,A0847,B0151,1978-01-12,1983-07-16,0,oTm,eMgan,0,Jones,Jones,3,B30 4LY,S2 6QG,0,0
-20.018270801566477,9.416719160683692e-07,hospital_a,hospital_b,A0014,B0358,2001-07-31,1988-11-28,0,Wedny,Allan,0,Smith,Smith,3,E6 0AP,TS6 6GA,0,0
-20.018270801566477,9.416719160683692e-07,hospital_a,hospital_b,A0019,B0257,1984-08-08,1950-09-13,0,Natalie,Margaert,0,Williams,Williams,3,W2S 4WZ,W23 5SF,0,0
-20.018270801566477,9.416719160683692e-07,hospital_a,hospital_b,A0022,B0101,2004-02-08,2002-03-21,0,Jessica,Janice,0,Jones,Jones,3,SY6 8XZ,B8A 0AS,0,0
22.986540461169,0.9999998796733648,hospital_a,hospital_b,A0036,B0036,1965-01-24,1965-01-24,1,Lynn,Lynn,3,Brown,Brown,3,E71 7NW,E71 7NW,1,0
-14.44359436615754,4.487715947894868e-05,hospital_a,hospital_b,A0038,B0358,1963-03-29,1988-11-28,0,Amelia,Allan,1,Smith,Smith,3,BH57 6FU,TS6 6GA,0,0
-20.018270801566477,9.416719160683692e-07,hospital_a,hospital_b,A0056,B0036,1958-12-28,1965-01-24,0,Carol,Lynn,0,Brown,Brown,3,W5B 1JS,E71 7NW,0,0
-20.018270801566477,9.416719160683692e-07,hospital_a,hospital_b,A0083,B0358,1977-01-30,1988-11-28,0,Gail,Allan,0,Smith,Smith,3,CH3A 5SF,TS6 6GA,0,0
-20.018270801566477,9.416719160683692e-07,hospital_a,hospital_b,A0086,B0358,1970-04-04,1988-11-28,0,Abbie,Allan,0,Smith,Smith,3,M84 1ZY,TS6 6GA,0,0
-20.018270801566477,9.416719160683692e-07,hospital_a,hospital_b,A0097,B0257,1974-09-08,1950-09-13,0,Joanne,Margaert,0,Williams,Williams,3,G8 3YP,W23 5SF,0,0
-20.018270801566477,9.416719160683692e-07,hospital_a,hospital_b,A0102,B0358,2003-07-10,1988-11-28,0,Anrdew,Allan,0,Smith,Smith,3,S4C 5JR,TS6 6GA,0,0
8.439139447432636,0.9971271270496563,hospital_a,hospital_b,A0103,B0101,2002-03-21,2002-03-21,1,Janice,Janice,3,Jones,Jones,3,B8A0AS,B8A 0AS,0,0
-20.018270801566477,9.416719160683692e-07,hospital_a,hospital_b,A0148,B0101,1983-07-16,2002-03-21,0,Megan,Janice,0,Jones,Jones,3,S2 6QG,B8A 0AS,0,0
-20.018270801566477,9.416719160683692e-07,hospital_a,hospital_b,A0165,B0257,1977-02-11,1950-09-13,0,Kelly,Margaert,0,Williams,Williams,3,W71UA,W23 5SF,0,0
-20.018270801566477,9.416719160683692e-07,hospital_a,hospital_b,A0178,B0101,1959-04-03,2002-03-21,0,Elloitt,Janice,0,Jones,Jones,3,HA9E 5SG,B8A 0AS,0,0
-20.018270801566477,9.416719160683692e-07,hospital_a,hospital_b,A0211,B0358,1938-03-01,1988-11-28,0,Aaron,Allan,0,Smith,Smith,3,LA8M 3YG,TS6 6GA,0,0
-20.018270801566477,9.416719160683692e-07,hospital_a,hospital_b,A0224,B0358,1946-06-07,1988-11-28,0,Helen,Allan,0,Smith,Smith,3,PL5 8FH,TS6 6GA,0,0
17.53402081439428,0.9999947309599222,hospital_a,hospital_b,A0247,B0257,1950-09-13,1950-09-13,1,Margaret,Margaert,2,Williams,Williams,3,W23 5SF,W23 5SF,1,0
-20.018270801566477,9.416719160683692e-07,hospital_a,hospital_b,A0252,B0358,1980-03-27,1988-11-28,0,Ricky,Allan,0,Smith,Smith,3,WF4 1ZG,TS6 6GA,0,0
-20.018270801566477,9.416719160683692e-07,hospital_a,hospital_b,A0265,B0257,1959-09-08,1950-09-13,0,Ryhs,Margaert,0,Williams,Williams,3,BH10 2AU,W23 5SF,0,0
-20.018270801566477,9.416719160683692e-07,hospital_a,hospital_b,A0266,B0358,1965-05-27,1988-11-28,0,Nigel,Allan,0,Smith,Smith,3,S319UB,TS6 6GA,0,0
-20.018270801566477,9.416719160683692e-07,hospital_a,hospital_b,A0304,B0358,1942-03-28,1988-11-28,0,Jodie,Allan,0,Smith,Smith,3,B5 7QZ,TS6 6GA,0,0
-20.018270801566477,9.416719160683692e-07,hospital_a,hospital_b,A0313,B0036,1989-05-05,1965-01-24,0,Setphanie,Lynn,0,Brown,Brown,3,DD26 1SN,E71 7NW,0,0
-20.018270801566477,9.416719160683692e-07,hospital_a,hospital_b,A0319,B0101,1999-10-03,2002-03-21,0,Sylvia,Janice,0,Jones,Jones,3,SP6P 7GZ,B8A 0AS,0,0
-20.018270801566477,9.416719160683692e-07,hospital_a,hospital_b,A0323,B0358,1994-05-09,1988-11-28,0,Thomas,Allan,0,Smith,Smith,3,GL81LQ,TS6 6GA,0,0
-20.018270801566477,9.416719160683692e-07,hospital_a,hospital_b,A0336,B0101,1965-01-11,2002-03-21,0,Gary,Janice,0,Jones,Jones,3,B483XF,B8A 0AS,0,0
-20.018270801566477,9.416719160683692e-07,hospital_a,hospital_b,A0339,B0257,1944-04-16,1950-09-13,0,Vansesa,Margaert,0,Williams,Williams,3,UB952AE,W23 5SF,0,0
-20.018270801566477,9.416719160683692e-07,hospital_a,hospital_b,A0348,B0101,1979-04-30,2002-03-21,0,Sean,Janice,0,Jones,Jones,3,IG0 0JW,B8A 0AS,0,0
22.986540461169,0.9999998796733648,hospital_a,hospital_b,A0349,B0358,1988-11-28,1988-11-28,1,Allan,Allan,3,Smith,Smith,3,TS6 6GA,TS6 6GA,1,0
-20.018270801566477,9.416719160683692e-07,hospital_a,hospital_b,A0364,B0036,1983-01-10,1965-01-24,0,Kyle,Lynn,0,Brown,Brown,3,S33DL,E71 7NW,0,0
-20.018270801566477,9.416719160683692e-07,hospital_a,hospital_b,A0365,B0358,1942-03-14,1988-11-28,0,Ronald,Allan,0,Smith,Smith,3,RG6 5GP,TS6 6GA,0,0
-20.018270801566477,9.416719160683692e-07,hospital_a,hospital_b,A0392,B0101,1944-08-05,2002-03-21,0,Sophie,Janice,0,Jones,Jones,3,G26YL,B8A 0AS,0,0
-20.018270801566477,9.416719160683692e-07,hospital_a,hospital_b,A0401,B0358,2000-08-17,1988-11-28,0,Samantha,Allan,0,Smith,Smith,3,B00 3NU,TS6 6GA,0,0
-20.018270801566477,9.416719160683692e-07,hospital_a,hospital_b,A0402,B0257,1942-06-26,1950-09-13,0,Geraldine,Margaert,0,Williams,Williams,3,N4T 3XF,W23 5SF,0,0
-20.018270801566477,9.416719160683692e-07,hospital_a,hospital_b,A0408,B0101,1976-05-15,2002-03-21,0,Bradley,Janice,0,Jones,Jones,3,TW24 7FJ,B8A 0AS,0,0
-20.018270801566477,9.416719160683692e-07,hospital_a,hospital_b,A0422,B0358,1999-03-14,1988-11-28,0,Barbara,Allan,0,Smith,Smith,3,BH9X 3XA,TS6 6GA,0,0
-20.018270801566477,9.416719160683692e-07,hospital_a,hospital_b,A0431,B0358,2000-10-30,1988-11-28,0,Christian,Allan,0,Smith,Smith,3,DG8 6LB,TS6 6GA,0,0
-20.018270801566477,9.416719160683692e-07,hospital_a,hospital_b,A0443,B0257,1946-04-12,1950-09-13,0,Owen,Margaert,0,Williams,Williams,3,S8F 7LQ,W23 5SF,0,0
-20.018270801566477,9.416719160683692e-07,hospital_a,hospital_b,A0448,B0101,1961-11-16,2002-03-21,0,Cheyrl,Janice,0,Jones,Jones,3,N48ZU,B8A 0AS,0,0
-20.018270801566477,9.416719160683692e-07,hospital_a,hospital_b,A0449,B0358,1989-05-18,1988-11-28,0,Robert,Allan,0,Smith,Smith,3,HX31 6EL,TS6 6GA,0,0
-20.018270801566477,9.416719160683692e-07,hospital_a,hospital_b,A0457,B0257,1983-05-01,1950-09-13,0,Gail,Margaert,0,Williams,Williams,3,S2 2FJ,W23 5SF,0,0
-20.018270801566477,9.416719160683692e-07,hospital_a,hospital_b,A0472,B0257,1951-09-01,1950-09-13,0,Jacqueline,Margaert,0,Williams,Williams,3,DE68 4BX,W23 5SF,0,0
-20.018270801566477,9.416719160683692e-07,hospital_a,hospital_b,A0500,B0036,1949-05-06,1965-01-24,0,Teresa,Lynn,0,Brown,Brown,3,UB6 5ZR,E71 7NW,0,0
-20.018270801566477,9.416719160683692e-07,hospital_a,hospital_b,A0534,B0257,2006-08-15,1950-09-13,0,Kayleigh,Margaert,0,Williams,Williams,3,W05 7GG,W23 5SF,0,0
-20.018270801566477,9.416719160683692e-07,hospital_a,hospital_b,A0539,B0257,1959-03-20,1950-09-13,0,Cragi,Margaert,0,Williams,Williams,3,M8J 0FD,W23 5SF,0,0
-20.018270801566477,9.416719160683692e-07,hospital_a,hospital_b,A0551,B0101,1997-11-23,2002-03-21,0,Alexandra,Janice,0,Jones,Jones,3,S73 9LX,B8A 0AS,0,0
-20.018270801566477,9.416719160683692e-07,hospital_a,hospital_b,A0605,B0257,1958-03-18,1950-09-13,0,Marilyn,Margaert,0,Williams,Williams,3,LE4 9TN,W23 5SF,0,0
-20.018270801566477,9.416719160683692e-07,hospital_a,hospital_b,A0685,B0101,1971-02-19,2002-03-21,0,Sheila,Janice,0,Jones,Jones,3,G2 8ZB,B8A 0AS,0,0
-20.018270801566477,9.416719160683692e-07,hospital_a,hospital_b,A0686,B0358,1953-03-19,1988-11-28,0,Irnee,Allan,0,Smith,Smith,3,RH5 5WL,TS6 6GA,0,0
-20.018270801566477,9.416719160683692e-07,hospital_a,hospital_b,A0689,B0036,1999-06-26,1965-01-24,0,Sam,Lynn,0,Brown,Brown,3,CO5Y 3EN,E71 7NW,0,0
-20.018270801566477,9.416719160683692e-07,hospital_a,hospital_b,A0716,B0358,1974-12-29,1988-11-28,0,Antony,Allan,0,Smith,Smith,3,IP73 0ZT,TS6 6GA,0,0
-20.018270801566477,9.416719160683692e-07,hospital_a,hospital_b,A0738,B0358,1974-05-03,1988-11-28,0,eJffrey,Allan,0,Smith,Smith,3,B3 4NJ,TS6 6GA,0,0
-20.018270801566477,9.416719160683692e-07,hospital_a,hospital_b,A0739,B0036,1946-03-05,1965-01-24,0,oClin,Lynn,0,Brown,Brown,3,G9T 0DN,E71 7NW,0,0
-20.018270801566477,9.416719160683692e-07,hospital_a,hospital_b,A0764,B0036,1947-05-15,1965-01-24,0,Beth,Lynn,0,Brown,Brown,3,SY4 2LE,E71 7NW,0,0
-20.018270801566477,9.416719160683692e-07,hospital_a,hospital_b,A0769,B0358,1962-06-20,1988-11-28,0,Rosemary,Allan,0,Smith,Smith,3,S70AZ,TS6 6GA,0,0
-20.018270801566477,9.416719160683692e-07,hospital_a,hospital_b,A0831,B0101,1941-12-21,2002-03-21,0,Josuha,Janice,0,Jones,Jones,3,W0 6ZU,B8A 0AS,0,0
-20.018270801566477,9.416719160683692e-07,hospital_a,hospital_b,A0842,B0101,1987-03-09,2002-03-21,0,lGen,Janice,0,Jones,Jones,3,G6 6NN,B8A 0AS,0,0
-20.018270801566477,9.416719160683692e-07,hospital_a,hospital_b,A0847,B0101,1978-01-12,2002-03-21,0,oTm,Janice,0,Jones,Jones,3,B30 4LY,B8A 0AS,0,0
-20.018270801566477,9.416719160683692e-07,hospital_a,hospital_b,A0014,B0331,2001-07-31,1994-05-09,0,Wedny,Thomsa,0,Smith,Smith,3,E6 0AP,GL8 1LQ,0,0
-20.018270801566477,9.416719160683692e-07,hospital_a,hospital_b,A0019,B0171,1984-08-08,1977-02-11,0,Natalie,Kelly,0,Williams,Williams,3,W2S 4WZ,W7 1UA,0,0
-20.018270801566477,9.416719160683692e-07,hospital_a,hospital_b,A0022,B0089,2004-02-08,2003-08-07,0,Jessica,Bradley,0,Jones,Jones,3,SY6 8XZ,M6 7LP,0,0
-20.018270801566477,9.416719160683692e-07,hospital_a,hospital_b,A0038,B0331,1963-03-29,1994-05-09,0,Amelia,Thomsa,0,Smith,Smith,3,BH57 6FU,GL8 1LQ,0,0
-20.018270801566477,9.416719160683692e-07,hospital_a,hospital_b,A0083,B0331,1977-01-30,1994-05-09,0,Gail,Thomsa,0,Smith,Smith,3,CH3A 5SF,GL8 1LQ,0,0
-20.018270801566477,9.416719160683692e-07,hospital_a,hospital_b,A0086,B0331,1970-04-04,1994-05-09,0,Abbie,Thomsa,0,Smith,Smith,3,M84 1ZY,GL8 1LQ,0,0
-20.018270801566477,9.416719160683692e-07,hospital_a,hospital_b,A0097,B0171,1974-09-08,1977-02-11,0,Joanne,Kelly,0,Williams,Williams,3,G8 3YP,W7 1UA,0,0
-20.018270801566477,9.416719160683692e-07,hospital_a,hospital_b,A0102,B0331,2003-07-10,1994-05-09,0,Anrdew,Thomsa,0,Smith,Smith,3,S4C 5JR,GL8 1LQ,0,0
-20.018270801566477,9.416719160683692e-07,hospital_a,hospital_b,A0103,B0089,2002-03-21,2003-08-07,0,Janice,Bradley,0,Jones,Jones,3,B8A0AS,M6 7LP,0,0
-20.018270801566477,9.416719160683692e-07,hospital_a,hospital_b,A0148,B0089,1983-07-16,2003-08-07,0,Megan,Bradley,0,Jones,Jones,3,S2 6QG,M6 7LP,0,0
8.439139447432636,0.9971271270496563,hospital_a,hospital_b,A0165,B0171,1977-02-11,1977-02-11,1,Kelly,Kelly,3,Williams,Williams,3,W71UA,W7 1UA,0,0
-20.018270801566477,9.416719160683692e-07,hospital_a,hospital_b,A0178,B0089,1959-04-03,2003-08-07,0,Elloitt,Bradley,0,Jones,Jones,3,HA9E 5SG,M6 7LP,0,0
-20.018270801566477,9.416719160683692e-07,hospital_a,hospital_b,A0211,B0331,1938-03-01,1994-05-09,0,Aaron,Thomsa,0,Smith,Smith,3,LA8M 3YG,GL8 1LQ,0,0
-20.018270801566477,9.416719160683692e-07,hospital_a,hospital_b,A0224,B0331,1946-06-07,1994-05-09,0,Helen,Thomsa,0,Smith,Smith,3,PL5 8FH,GL8 1LQ,0,0
-20.018270801566477,9.416719160683692e-07,hospital_a,hospital_b,A0247,B0171,1950-09-13,1977-02-11,0,Margaret,Kelly,0,Williams,Williams,3,W23 5SF,W7 1UA,0,0
-20.018270801566477,9.416719160683692e-07,hospital_a,hospital_b,A0252,B0331,1980-03-27,1994-05-09,0,Ricky,Thomsa,0,Smith,Smith,3,WF4 1ZG,GL8 1LQ,0,0
-20.018270801566477,9.416719160683692e-07,hospital_a,hospital_b,A0265,B0171,1959-09-08,1977-02-11,0,Ryhs,Kelly,0,Williams,Williams,3,BH10 2AU,W7 1UA,0,0
-20.018270801566477,9.416719160683692e-07,hospital_a,hospital_b,A0266,B0331,1965-05-27,1994-05-09,0,Nigel,Thomsa,0,Smith,Smith,3,S319UB,GL8 1LQ,0,0
-20.018270801566477,9.416719160683692e-07,hospital_a,hospital_b,A0304,B0331,1942-03-28,1994-05-09,0,Jodie,Thomsa,0,Smith,Smith,3,B5 7QZ,GL8 1LQ,0,0
-20.018270801566477,9.416719160683692e-07,hospital_a,hospital_b,A0319,B0089,1999-10-03,2003-08-07,0,Sylvia,Bradley,0,Jones,Jones,3,SP6P 7GZ,M6 7LP,0,0
2.9866198006579197,0.8879695849880381,hospital_a,hospital_b,A0323,B0331,1994-05-09,1994-05-09,1,Thomas,Thomsa,2,Smith,Smith,3,GL81LQ,GL8 1LQ,0,0
-20.018270801566477,9.416719160683692e-07,hospital_a,hospital_b,A0336,B0089,1965-01-11,2003-08-07,0,Gary,Bradley,0,Jones,Jones,3,B483XF,M6 7LP,0,0
-20.018270801566477,9.416719160683692e-07,hospital_a,hospital_b,A0339,B0171,1944-04-16,1977-02-11,0,Vansesa,Kelly,0,Williams,Williams,3,UB952AE,W7 1UA,0,0
-20.018270801566477,9.416719160683692e-07,hospital_a,hospital_b,A0348,B0089,1979-04-30,2003-08-07,0,Sean,Bradley,0,Jones,Jones,3,IG0 0JW,M6 7LP,0,0
-20.018270801566477,9.416719160683692e-07,hospital_a,hospital_b,A0349,B0331,1988-11-28,1994-05-09,0,Allan,Thomsa,0,Smith,Smith,3,TS6 6GA,GL8 1LQ,0,0
-20.018270801566477,9.416719160683692e-07,hospital_a,hospital_b,A0365,B0331,1942-03-14,1994-05-09,0,Ronald,Thomsa,0,Smith,Smith,3,RG6 5GP,GL8 1LQ,0,0
-20.018270801566477,9.416719160683692e-07,hospital_a,hospital_b,A0392,B0089,1944-08-05,2003-08-07,0,Sophie,Bradley,0,Jones,Jones,3,G26YL,M6 7LP,0,0
-20.018270801566477,9.416719160683692e-07,hospital_a,hospital_b,A0401,B0331,2000-08-17,1994-05-09,0,Samantha,Thomsa,0,Smith,Smith,3,B00 3NU,GL8 1LQ,0,0
-20.018270801566477,9.416719160683692e-07,hospital_a,hospital_b,A0402,B0171,1942-06-26,1977-02-11,0,Geraldine,Kelly,0,Williams,Williams,3,N4T 3XF,W7 1UA,0,0
-5.67722897079332,0.01916806983764266,hospital_a,hospital_b,A0408,B0089,1976-05-15,2003-08-07,0,Bradley,Bradley,3,Jones,Jones,3,TW24 7FJ,M6 7LP,0,0
-20.018270801566477,9.416719160683692e-07,hospital_a,hospital_b,A0422,B0331,1999-03-14,1994-05-09,0,Barbara,Thomsa,0,Smith,Smith,3,BH9X 3XA,GL8 1LQ,0,0
-20.018270801566477,9.416719160683692e-07,hospital_a,hospital_b,A0431,B0331,2000-10-30,1994-05-09,0,Christian,Thomsa,0,Smith,Smith,3,DG8 6LB,GL8 1LQ,0,0
-20.018270801566477,9.416719160683692e-07,hospital_a,hospital_b,A0443,B0171,1946-04-12,1977-02-11,0,Owen,Kelly,0,Williams,Williams,3,S8F 7LQ,W7 1UA,0,0
-20.018270801566477,9.416719160683692e-07,hospital_a,hospital_b,A0448,B0089,1961-11-16,2003-08-07,0,Cheyrl,Bradley,0,Jones,Jones,3,N48ZU,M6 7LP,0,0
-20.018270801566477,9.416719160683692e-07,hospital_a,hospital_b,A0449,B0331,1989-05-18,1994-05-09,0,Robert,Thomsa,0,Smith,Smith,3,HX31 6EL,GL8 1LQ,0,0
-20.018270801566477,9.416719160683692e-07,hospital_a,hospital_b,A0457,B0171,1983-05-01,1977-02-11,0,Gail,Kelly,0,Williams,Williams,3,S2 2FJ,W7 1UA,0,0
-20.018270801566477,9.416719160683692e-07,hospital_a,hospital_b,A0472,B0171,1951-09-01,1977-02-11,0,Jacqueline,Kelly,0,Williams,Williams,3,DE68 4BX,W7 1UA,0,0
-20.018270801566477,9.416719160683692e-07,hospital_a,hospital_b,A0534,B0171,2006-08-15,1977-02-11,0,Kayleigh,Kelly,0,Williams,Williams,3,W05 7GG,W7 1UA,0,0
-20.018270801566477,9.416719160683692e-07,hospital_a,hospital_b,A0539,B0171,1959-03-20,1977-02-11,0,Cragi,Kelly,0,Williams,Williams,3,M8J 0FD,W7 1UA,0,0
-20.018270801566477,9.416719160683692e-07,hospital_a,hospital_b,A0551,B0089,1997-11-23,2003-08-07,0,Alexandra,Bradley,0,Jones,Jones,3,S73 9LX,M6 7LP,0,0
-20.018270801566477,9.416719160683692e-07,hospital_a,hospital_b,A0605,B0171,1958-03-18,1977-02-11,0,Marilyn,Kelly,0,Williams,Williams,3,LE4 9TN,W7 1UA,0,0
-20.018270801566477,9.416719160683692e-07,hospital_a,hospital_b,A0685,B0089,1971-02-19,2003-08-07,0,Sheila,Bradley,0,Jones,Jones,3,G2 8ZB,M6 7LP,0,0
-20.018270801566477,9.416719160683692e-07,hospital_a,hospital_b,A0686,B0331,1953-03-19,1994-05-09,0,Irnee,Thomsa,0,Smith,Smith,3,RH5 5WL,GL8 1LQ,0,0
-20.018270801566477,9.416719160683692e-07,hospital_a,hospital_b,A0716,B0331,1974-12-29,1994-05-09,0,Antony,Thomsa,0,Smith,Smith,3,IP73 0ZT,GL8 1LQ,0,0
-20.018270801566477,9.416719160683692e-07,hospital_a,hospital_b,A0738,B0331,1974-05-03,1994-05-09,0,eJffrey,Thomsa,0,Smith,Smith,3,B3 4NJ,GL8 1LQ,0,0
-20.018270801566477,9.416719160683692e-07,hospital_a,hospital_b,A0769,B0331,1962-06-20,1994-05-09,0,Rosemary,Thomsa,0,Smith,Smith,3,S70AZ,GL8 1LQ,0,0
-20.018270801566477,9.416719160683692e-07,hospital_a,hospital_b,A0831,B0089,1941-12-21,2003-08-07,0,Josuha,Bradley,0,Jones,Jones,3,W0 6ZU,M6 7LP,0,0
-20.018270801566477,9.416719160683692e-07,hospital_a,hospital_b,A0842,B0089,1987-03-09,2003-08-07,0,lGen,Bradley,0,Jones,Jones,3,G6 6NN,M6 7LP,0,0
-20.018270801566477,9.416719160683692e-07,hospital_a,hospital_b,A0847,B0089,1978-01-12,2003-08-07,0,oTm,Bradley,0,Jones,Jones,3,B30 4LY,M6 7LP,0,0
-20.018270801566477,9.416719160683692e-07,hospital_a,hospital_b,A0014,B0316,2001-07-31,1942-03-28,0,Wedny,Jodei,0,Smith,Smith,3,E6 0AP,B5 7QZ,0,0
-20.018270801566477,9.416719160683692e-07,hospital_a,hospital_b,A0019,B0096,1984-08-08,1974-09-08,0,Natalie,Joanne,0,Williams,Williams,3,W2S 4WZ,G8 3YP,0,0
-20.018270801566477,9.416719160683692e-07,hospital_a,hospital_b,A0038,B0316,1963-03-29,1942-03-28,0,Amelia,Jodei,0,Smith,Smith,3,BH57 6FU,B5 7QZ,0,0
-20.018270801566477,9.416719160683692e-07,hospital_a,hospital_b,A0083,B0316,1977-01-30,1942-03-28,0,Gail,Jodei,0,Smith,Smith,3,CH3A 5SF,B5 7QZ,0,0
-20.018270801566477,9.416719160683692e-07,hospital_a,hospital_b,A0086,B0316,1970-04-04,1942-03-28,0,Abbie,Jodei,0,Smith,Smith,3,M84 1ZY,B5 7QZ,0,0
22.986540461169,0.9999998796733648,hospital_a,hospital_b,A0097,B0096,1974-09-08,1974-09-08,1,Joanne,Joanne,3,Williams,Williams,3,G8 3YP,G8 3YP,1,0
-20.018270801566477,9.416719160683692e-07,hospital_a,hospital_b,A0102,B0316,2003-07-10,1942-03-28,0,Anrdew,Jodei,0,Smith,Smith,3,S4C 5JR,B5 7QZ,0,0
-20.018270801566477,9.416719160683692e-07,hospital_a,hospital_b,A0165,B0096,1977-02-11,1974-09-08,0,Kelly,Joanne,0,Williams,Williams,3,W71UA,G8 3YP,0,0
-20.018270801566477,9.416719160683692e-07,hospital_a,hospital_b,A0211,B0316,1938-03-01,1942-03-28,0,Aaron,Jodei,0,Smith,Smith,3,LA8M 3YG,B5 7QZ,0,0
-20.018270801566477,9.416719160683692e-07,hospital_a,hospital_b,A0224,B0316,1946-06-07,1942-03-28,0,Helen,Jodei,0,Smith,Smith,3,PL5 8FH,B5 7QZ,0,0
-20.018270801566477,9.416719160683692e-07,hospital_a,hospital_b,A0247,B0096,1950-09-13,1974-09-08,0,Margaret,Joanne,0,Williams,Williams,3,W23 5SF,G8 3YP,0,0
-20.018270801566477,9.416719160683692e-07,hospital_a,hospital_b,A0252,B0316,1980-03-27,1942-03-28,0,Ricky,Jodei,0,Smith,Smith,3,WF4 1ZG,B5 7QZ,0,0
-20.018270801566477,9.416719160683692e-07,hospital_a,hospital_b,A0265,B0096,1959-09-08,1974-09-08,0,Ryhs,Joanne,0,Williams,Williams,3,BH10 2AU,G8 3YP,0,0
-20.018270801566477,9.416719160683692e-07,hospital_a,hospital_b,A0266,B0316,1965-05-27,1942-03-28,0,Nigel,Jodei,0,Smith,Smith,3,S319UB,B5 7QZ,0,0
17.53402081439428,0.9999947309599222,hospital_a,hospital_b,A0304,B0316,1942-03-28,1942-03-28,1,Jodie,Jodei,2,Smith,Smith,3,B5 7QZ,B5 7QZ,1,0
-20.018270801566477,9.416719160683692e-07,hospital_a,hospital_b,A0323,B0316,1994-05-09,1942-03-28,0,Thomas,Jodei,0,Smith,Smith,3,GL81LQ,B5 7QZ,0,0
-20.018270801566477,9.416719160683692e-07,hospital_a,hospital_b,A0339,B0096,1944-04-16,1974-09-08,0,Vansesa,Joanne,0,Williams,Williams,3,UB952AE,G8 3YP,0,0
-20.018270801566477,9.416719160683692e-07,hospital_a,hospital_b,A0349,B0316,1988-11-28,1942-03-28,0,Allan,Jodei,0,Smith,Smith,3,TS6 6GA,B5 7QZ,0,0
-20.018270801566477,9.416719160683692e-07,hospital_a,hospital_b,A0365,B0316,1942-03-14,1942-03-28,0,Ronald,Jodei,0,Smith,Smith,3,RG6 5GP,B5 7QZ,0,0
-20.018270801566477,9.416719160683692e-07,hospital_a,hospital_b,A0401,B0316,2000-08-17,1942-03-28,0,Samantha,Jodei,0,Smith,Smith,3,B00 3NU,B5 7QZ,0,0
-20.018270801566477,9.416719160683692e-07,hospital_a,hospital_b,A0402,B0096,1942-06-26,1974-09-08,0,Geraldine,Joanne,0,Williams,Williams,3,N4T 3XF,G8 3YP,0,0
-20.018270801566477,9.416719160683692e-07,hospital_a,hospital_b,A0422,B0316,1999-03-14,1942-03-28,0,Barbara,Jodei,0,Smith,Smith,3,BH9X 3XA,B5 7QZ,0,0
-20.018270801566477,9.416719160683692e-07,hospital_a,hospital_b,A0431,B0316,2000-10-30,1942-03-28,0,Christian,Jodei,0,Smith,Smith,3,DG8 6LB,B5 7QZ,0,0
-20.018270801566477,9.416719160683692e-07,hospital_a,hospital_b,A0443,B0096,1946-04-12,1974-09-08,0,Owen,Joanne,0,Williams,Williams,3,S8F 7LQ,G8 3YP,0,0
-20.018270801566477,9.416719160683692e-07,hospital_a,hospital_b,A0449,B0316,1989-05-18,1942-03-28,0,Robert,Jodei,0,Smith,Smith,3,HX31 6EL,B5 7QZ,0,0
-20.018270801566477,9.416719160683692e-07,hospital_a,hospital_b,A0457,B0096,1983-05-01,1974-09-08,0,Gail,Joanne,0,Williams,Williams,3,S2 2FJ,G8 3YP,0,0
-20.018270801566477,9.416719160683692e-07,hospital_a,hospital_b,A0472,B0096,1951-09-01,1974-09-08,0,Jacqueline,Joanne,0,Williams,Williams,3,DE68 4BX,G8 3YP,0,0
-20.018270801566477,9.416719160683692e-07,hospital_a,hospital_b,A0534,B0096,2006-08-15,1974-09-08,0,Kayleigh,Joanne,0,Williams,Williams,3,W05 7GG,G8 3YP,0,0
-20.018270801566477,9.416719160683692e-07,hospital_a,hospital_b,A0539,B0096,1959-03-20,1974-09-08,0,Cragi,Joanne,0,Williams,Williams,3,M8J 0FD,G8 3YP,0,0
-20.018270801566477,9.416719160683692e-07,hospital_a,hospital_b,A0605,B0096,1958-03-18,1974-09-08,0,Marilyn,Joanne,0,Williams,Williams,3,LE4 9TN,G8 3YP,0,0
-20.018270801566477,9.416719160683692e-07,hospital_a,hospital_b,A0686,B0316,1953-03-19,1942-03-28,0,Irnee,Jodei,0,Smith,Smith,3,RH5 5WL,B5 7QZ,0,0
-20.018270801566477,9.416719160683692e-07,hospital_a,hospital_b,A0716,B0316,1974-12-29,1942-03-28,0,Antony,Jodei,0,Smith,Smith,3,IP73 0ZT,B5 7QZ,0,0
-20.018270801566477,9.416719160683692e-07,hospital_a,hospital_b,A0738,B0316,1974-05-03,1942-03-28,0,eJffrey,Jodei,0,Smith,Smith,3,B3 4NJ,B5 7QZ,0,0
-20.018270801566477,9.416719160683692e-07,hospital_a,hospital_b,A0769,B0316,1962-06-20,1942-03-28,0,Rosemary,Jodei,0,Smith,Smith,3,S70AZ,B5 7QZ,0,0
-20.018270801566477,9.416719160683692e-07,hospital_a,hospital_b,A0014,B0275,2001-07-31,1965-05-27,0,Wedny,iNgel,0,Smith,Smith,3,E6 0AP,S31 9UB,0,0
22.986540461169,0.9999998796733648,hospital_a,hospital_b,A0019,B0018,1984-08-08,1984-08-08,1,Natalie,Natalie,3,Williams,Williams,3,W2S 4WZ,W2S 4WZ,1,0
-20.018270801566477,9.416719160683692e-07,hospital_a,hospital_b,A0038,B0275,1963-03-29,1965-05-27,0,Amelia,iNgel,0,Smith,Smith,3,BH57 6FU,S31 9UB,0,0
-20.018270801566477,9.416719160683692e-07,hospital_a,hospital_b,A0083,B0275,1977-01-30,1965-05-27,0,Gail,iNgel,0,Smith,Smith,3,CH3A 5SF,S31 9UB,0,0
-20.018270801566477,9.416719160683692e-07,hospital_a,hospital_b,A0086,B0275,1970-04-04,1965-05-27,0,Abbie,iNgel,0,Smith,Smith,3,M84 1ZY,S31 9UB,0,0
-20.018270801566477,9.416719160683692e-07,hospital_a,hospital_b,A0097,B0018,1974-09-08,1984-08-08,0,Joanne,Natalie,0,Williams,Williams,3,G8 3YP,W2S 4WZ,0,0
-20.018270801566477,9.416719160683692e-07,hospital_a,hospital_b,A0102,B0275,2003-07-10,1965-05-27,0,Anrdew,iNgel,0,Smith,Smith,3,S4C 5JR,S31 9UB,0,0
-20.018270801566477,9.416719160683692e-07,hospital_a,hospital_b,A0165,B0018,1977-02-11,1984-08-08,0,Kelly,Natalie,0,Williams,Williams,3,W71UA,W2S 4WZ,0,0
-20.018270801566477,9.416719160683692e-07,hospital_a,hospital_b,A0211,B0275,1938-03-01,1965-05-27,0,Aaron,iNgel,0,Smith,Smith,3,LA8M 3YG,S31 9UB,0,0
-20.018270801566477,9.416719160683692e-07,hospital_a,hospital_b,A0224,B0275,1946-06-07,1965-05-27,0,Helen,iNgel,0,Smith,Smith,3,PL5 8FH,S31 9UB,0,0
-20.018270801566477,9.416719160683692e-07,hospital_a,hospital_b,A0247,B0018,1950-09-13,1984-08-08,0,Margaret,Natalie,0,Williams,Williams,3,W23 5SF,W2S 4WZ,0,0
-20.018270801566477,9.416719160683692e-07,hospital_a,hospital_b,A0252,B0275,1980-03-27,1965-05-27,0,Ricky,iNgel,0,Smith,Smith,3,WF4 1ZG,S31 9UB,0,0
-20.018270801566477,9.416719160683692e-07,hospital_a,hospital_b,A0265,B0018,1959-09-08,1984-08-08,0,Ryhs,Natalie,0,Williams,Williams,3,BH10 2AU,W2S 4WZ,0,0
2.9866198006579197,0.8879695849880381,hospital_a,hospital_b,A0266,B0275,1965-05-27,1965-05-27,1,Nigel,iNgel,2,Smith,Smith,3,S319UB,S31 9UB,0,0
-20.018270801566477,9.416719160683692e-07,hospital_a,hospital_b,A0304,B0275,1942-03-28,1965-05-27,0,Jodie,iNgel,0,Smith,Smith,3,B5 7QZ,S31 9UB,0,0
-20.018270801566477,9.416719160683692e-07,hospital_a,hospital_b,A0323,B0275,1994-05-09,1965-05-27,0,Thomas,iNgel,0,Smith,Smith,3,GL81LQ,S31 9UB,0,0
-20.018270801566477,9.416719160683692e-07,hospital_a,hospital_b,A0339,B0018,1944-04-16,1984-08-08,0,Vansesa,Natalie,0,Williams,Williams,3,UB952AE,W2S 4WZ,0,0
-20.018270801566477,9.416719160683692e-07,hospital_a,hospital_b,A0349,B0275,1988-11-28,1965-05-27,0,Allan,iNgel,0,Smith,Smith,3,TS6 6GA,S31 9UB,0,0
-20.018270801566477,9.416719160683692e-07,hospital_a,hospital_b,A0365,B0275,1942-03-14,1965-05-27,0,Ronald,iNgel,0,Smith,Smith,3,RG6 5GP,S31 9UB,0,0
-20.018270801566477,9.416719160683692e-07,hospital_a,hospital_b,A0401,B0275,2000-08-17,1965-05-27,0,Samantha,iNgel,0,Smith,Smith,3,B00 3NU,S31 9UB,0,0
-20.018270801566477,9.416719160683692e-07,hospital_a,hospital_b,A0402,B0018,1942-06-26,1984-08-08,0,Geraldine,Natalie,0,Williams,Williams,3,N4T 3XF,W2S 4WZ,0,0
-20.018270801566477,9.416719160683692e-07,hospital_a,hospital_b,A0422,B0275,1999-03-14,1965-05-27,0,Barbara,iNgel,0,Smith,Smith,3,BH9X 3XA,S31 9UB,0,0
-20.018270801566477,9.416719160683692e-07,hospital_a,hospital_b,A0431,B0275,2000-10-30,1965-05-27,0,Christian,iNgel,0,Smith,Smith,3,DG8 6LB,S31 9UB,0,0
-20.018270801566477,9.416719160683692e-07,hospital_a,hospital_b,A0443,B0018,1946-04-12,1984-08-08,0,Owen,Natalie,0,Williams,Williams,3,S8F 7LQ,W2S 4WZ,0,0
-20.018270801566477,9.416719160683692e-07,hospital_a,hospital_b,A0449,B0275,1989-05-18,1965-05-27,0,Robert,iNgel,0,Smith,Smith,3,HX31 6EL,S31 9UB,0,0
-20.018270801566477,9.416719160683692e-07,hospital_a,hospital_b,A0457,B0018,1983-05-01,1984-08-08,0,Gail,Natalie,0,Williams,Williams,3,S2 2FJ,W2S 4WZ,0,0
-20.018270801566477,9.416719160683692e-07,hospital_a,hospital_b,A0472,B0018,1951-09-01,1984-08-08,0,Jacqueline,Natalie,0,Williams,Williams,3,DE68 4BX,W2S 4WZ,0,0
-20.018270801566477,9.416719160683692e-07,hospital_a,hospital_b,A0534,B0018,2006-08-15,1984-08-08,0,Kayleigh,Natalie,0,Williams,Williams,3,W05 7GG,W2S 4WZ,0,0
-20.018270801566477,9.416719160683692e-07,hospital_a,hospital_b,A0539,B0018,1959-03-20,1984-08-08,0,Cragi,Natalie,0,Williams,Williams,3,M8J 0FD,W2S 4WZ,0,0
-20.018270801566477,9.416719160683692e-07,hospital_a,hospital_b,A0605,B0018,1958-03-18,1984-08-08,0,Marilyn,Natalie,0,Williams,Williams,3,LE4 9TN,W2S 4WZ,0,0
-20.018270801566477,9.416719160683692e-07,hospital_a,hospital_b,A0686,B0275,1953-03-19,1965-05-27,0,Irnee,iNgel,0,Smith,Smith,3,RH5 5WL,S31 9UB,0,0
-20.018270801566477,9.416719160683692e-07,hospital_a,hospital_b,A0716,B0275,1974-12-29,1965-05-27,0,Antony,iNgel,0,Smith,Smith,3,IP73 0ZT,S31 9UB,0,0
-20.018270801566477,9.416719160683692e-07,hospital_a,hospital_b,A0738,B0275,1974-05-03,1965-05-27,0,eJffrey,iNgel,0,Smith,Smith,3,B3 4NJ,S31 9UB,0,0
-20.018270801566477,9.416719160683692e-07,hospital_a,hospital_b,A0769,B0275,1962-06-20,1965-05-27,0,Rosemary,iNgel,0,Smith,Smith,3,S70AZ,S31 9UB,0,0
-20.018270801566477,9.416719160683692e-07,hospital_a,hospital_b,A0014,B0232,2001-07-31,1946-06-07,0,Wedny,Hleen,0,Smith,Smith,3,E6 0AP,PL5 8FH,0,0
-20.018270801566477,9.416719160683692e-07,hospital_a,hospital_b,A0019,B0016,1984-08-08,2007-02-18,0,Natalie,eTrry,0,Williams,Williams,3,W2S 4WZ,S94BS,0,0
-20.018270801566477,9.416719160683692e-07,hospital_a,hospital_b,A0038,B0232,1963-03-29,1946-06-07,0,Amelia,Hleen,0,Smith,Smith,3,BH57 6FU,PL5 8FH,0,0
-20.018270801566477,9.416719160683692e-07,hospital_a,hospital_b,A0083,B0232,1977-01-30,1946-06-07,0,Gail,Hleen,0,Smith,Smith,3,CH3A 5SF,PL5 8FH,0,0
-20.018270801566477,9.416719160683692e-07,hospital_a,hospital_b,A0086,B0232,1970-04-04,1946-06-07,0,Abbie,Hleen,0,Smith,Smith,3,M84 1ZY,PL5 8FH,0,0
-20.018270801566477,9.416719160683692e-07,hospital_a,hospital_b,A0097,B0016,1974-09-08,2007-02-18,0,Joanne,eTrry,0,Williams,Williams,3,G8 3YP,S94BS,0,0
-20.018270801566477,9.416719160683692e-07,hospital_a,hospital_b,A0102,B0232,2003-07-10,1946-06-07,0,Anrdew,Hleen,0,Smith,Smith,3,S4C 5JR,PL5 8FH,0,0
-20.018270801566477,9.416719160683692e-07,hospital_a,hospital_b,A0165,B0016,1977-02-11,2007-02-18,0,Kelly,eTrry,0,Williams,Williams,3,W71UA,S94BS,0,0
-20.018270801566477,9.416719160683692e-07,hospital_a,hospital_b,A0211,B0232,1938-03-01,1946-06-07,0,Aaron,Hleen,0,Smith,Smith,3,LA8M 3YG,PL5 8FH,0,0
17.53402081439428,0.9999947309599222,hospital_a,hospital_b,A0224,B0232,1946-06-07,1946-06-07,1,Helen,Hleen,2,Smith,Smith,3,PL5 8FH,PL5 8FH,1,0
-20.018270801566477,9.416719160683692e-07,hospital_a,hospital_b,A0247,B0016,1950-09-13,2007-02-18,0,Margaret,eTrry,0,Williams,Williams,3,W23 5SF,S94BS,0,0
-20.018270801566477,9.416719160683692e-07,hospital_a,hospital_b,A0252,B0232,1980-03-27,1946-06-07,0,Ricky,Hleen,0,Smith,Smith,3,WF4 1ZG,PL5 8FH,0,0
-20.018270801566477,9.416719160683692e-07,hospital_a,hospital_b,A0265,B0016,1959-09-08,2007-02-18,0,Ryhs,eTrry,0,Williams,Williams,3,BH10 2AU,S94BS,0,0
-20.018270801566477,9.416719160683692e-07,hospital_a,hospital_b,A0266,B0232,1965-05-27,1946-06-07,0,Nigel,Hleen,0,Smith,Smith,3,S319UB,PL5 8FH,0,0
-20.018270801566477,9.416719160683692e-07,hospital_a,hospital_b,A0304,B0232,1942-03-28,1946-06-07,0,Jodie,Hleen,0,Smith,Smith,3,B5 7QZ,PL5 8FH,0,0
-20.018270801566477,9.416719160683692e-07,hospital_a,hospital_b,A0323,B0232,1994-05-09,1946-06-07,0,Thomas,Hleen,0,Smith,Smith,3,GL81LQ,PL5 8FH,0,0
-20.018270801566477,9.416719160683692e-07,hospital_a,hospital_b,A0339,B0016,1944-04-16,2007-02-18,0,Vansesa,eTrry,0,Williams,Williams,3,UB952AE,S94BS,0,0
-20.018270801566477,9.416719160683692e-07,hospital_a,hospital_b,A0349,B0232,1988-11-28,1946-06-07,0,Allan,Hleen,0,Smith,Smith,3,TS6 6GA,PL5 8FH,0,0
-20.018270801566477,9.416719160683692e-07,hospital_a,hospital_b,A0365,B0232,1942-03-14,1946-06-07,0,Ronald,Hleen,0,Smith,Smith,3,RG6 5GP,PL5 8FH,0,0
-20.018270801566477,9.416719160683692e-07,hospital_a,hospital_b,A0401,B0232,2000-08-17,1946-06-07,0,Samantha,Hleen,0,Smith,Smith,3,B00 3NU,PL5 8FH,0,0
-20.018270801566477,9.416719160683692e-07,hospital_a,hospital_b,A0402,B0016,1942-06-26,2007-02-18,0,Geraldine,eTrry,0,Williams,Williams,3,N4T 3XF,S94BS,0,0
-20.018270801566477,9.416719160683692e-07,hospital_a,hospital_b,A0422,B0232,1999-03-14,1946-06-07,0,Barbara,Hleen,0,Smith,Smith,3,BH9X 3XA,PL5 8FH,0,0
-20.018270801566477,9.416719160683692e-07,hospital_a,hospital_b,A0431,B0232,2000-10-30,1946-06-07,0,Christian,Hleen,0,Smith,Smith,3,DG8 6LB,PL5 8FH,0,0
-20.018270801566477,9.416719160683692e-07,hospital_a,hospital_b,A0443,B0016,1946-04-12,2007-02-18,0,Owen,eTrry,0,Williams,Williams,3,S8F 7LQ,S94BS,0,0
-20.018270801566477,9.416719160683692e-07,hospital_a,hospital_b,A0449,B0232,1989-05-18,1946-06-07,0,Robert,Hleen,0,Smith,Smith,3,HX31 6EL,PL5 8FH,0,0
-20.018270801566477,9.416719160683692e-07,hospital_a,hospital_b,A0457,B0016,1983-05-01,2007-02-18,0,Gail,eTrry,0,Williams,Williams,3,S2 2FJ,S94BS,0,0
-20.018270801566477,9.416719160683692e-07,hospital_a,hospital_b,A0472,B0016,1951-09-01,2007-02-18,0,Jacqueline,eTrry,0,Williams,Williams,3,DE68 4BX,S94BS,0,0
-20.018270801566477,9.416719160683692e-07,hospital_a,hospital_b,A0534,B0016,2006-08-15,2007-02-18,0,Kayleigh,eTrry,0,Williams,Williams,3,W05 7GG,S94BS,0,0
-20.018270801566477,9.416719160683692e-07,hospital_a,hospital_b,A0539,B0016,1959-03-20,2007-02-18,0,Cragi,eTrry,0,Williams,Williams,3,M8J 0FD,S94BS,0,0
-20.018270801566477,9.416719160683692e-07,hospital_a,hospital_b,A0605,B0016,1958-03-18,2007-02-18,0,Marilyn,eTrry,0,Williams,Williams,3,LE4 9TN,S94BS,0,0
-20.018270801566477,9.416719160683692e-07,hospital_a,hospital_b,A0686,B0232,1953-03-19,1946-06-07,0,Irnee,Hleen,0,Smith,Smith,3,RH5 5WL,PL5 8FH,0,0
-20.018270801566477,9.416719160683692e-07,hospital_a,hospital_b,A0716,B0232,1974-12-29,1946-06-07,0,Antony,Hleen,0,Smith,Smith,3,IP73 0ZT,PL5 8FH,0,0
-20.018270801566477,9.416719160683692e-07,hospital_a,hospital_b,A0738,B0232,1974-05-03,1946-06-07,0,eJffrey,Hleen,0,Smith,Smith,3,B3 4NJ,PL5 8FH,0,0
-20.018270801566477,9.416719160683692e-07,hospital_a,hospital_b,A0769,B0232,1962-06-20,1946-06-07,0,Rosemary,Hleen,0,Smith,Smith,3,S70AZ,PL5 8FH,0,0
-20.018270801566477,9.416719160683692e-07,hospital_a,hospital_b,A0014,B0169,2001-07-31,1958-03-22,0,Wedny,Philip,0,Smith,Smith,3,E6 0AP,WR8Y5WW,0,0
-20.018270801566477,9.416719160683692e-07,hospital_a,hospital_b,A0038,B0169,1963-03-29,1958-03-22,0,Amelia,Philip,0,Smith,Smith,3,BH57 6FU,WR8Y5WW,0,0
-20.018270801566477,9.416719160683692e-07,hospital_a,hospital_b,A0083,B0169,1977-01-30,1958-03-22,0,Gail,Philip,0,Smith,Smith,3,CH3A 5SF,WR8Y5WW,0,0
-20.018270801566477,9.416719160683692e-07,hospital_a,hospital_b,A0086,B0169,1970-04-04,1958-03-22,0,Abbie,Philip,0,Smith,Smith,3,M84 1ZY,WR8Y5WW,0,0
-20.018270801566477,9.416719160683692e-07,hospital_a,hospital_b,A0102,B0169,2003-07-10,1958-03-22,0,Anrdew,Philip,0,Smith,Smith,3,S4C 5JR,WR8Y5WW,0,0
-20.018270801566477,9.416719160683692e-07,hospital_a,hospital_b,A0211,B0169,1938-03-01,1958-03-22,0,Aaron,Philip,0,Smith,Smith,3,LA8M 3YG,WR8Y5WW,0,0
-20.018270801566477,9.416719160683692e-07,hospital_a,hospital_b,A0224,B0169,1946-06-07,1958-03-22,0,Helen,Philip,0,Smith,Smith,3,PL5 8FH,WR8Y5WW,0,0
-20.018270801566477,9.416719160683692e-07,hospital_a,hospital_b,A0252,B0169,1980-03-27,1958-03-22,0,Ricky,Philip,0,Smith,Smith,3,WF4 1ZG,WR8Y5WW,0,0
-20.018270801566477,9.416719160683692e-07,hospital_a,hospital_b,A0266,B0169,1965-05-27,1958-03-22,0,Nigel,Philip,0,Smith,Smith,3,S319UB,WR8Y5WW,0,0
-20.018270801566477,9.416719160683692e-07,hospital_a,hospital_b,A0304,B0169,1942-03-28,1958-03-22,0,Jodie,Philip,0,Smith,Smith,3,B5 7QZ,WR8Y5WW,0,0
-20.018270801566477,9.416719160683692e-07,hospital_a,hospital_b,A0323,B0169,1994-05-09,1958-03-22,0,Thomas,Philip,0,Smith,Smith,3,GL81LQ,WR8Y5WW,0,0
-20.018270801566477,9.416719160683692e-07,hospital_a,hospital_b,A0349,B0169,1988-11-28,1958-03-22,0,Allan,Philip,0,Smith,Smith,3,TS6 6GA,WR8Y5WW,0,0
-20.018270801566477,9.416719160683692e-07,hospital_a,hospital_b,A0365,B0169,1942-03-14,1958-03-22,0,Ronald,Philip,0,Smith,Smith,3,RG6 5GP,WR8Y5WW,0,0
-20.018270801566477,9.416719160683692e-07,hospital_a,hospital_b,A0401,B0169,2000-08-17,1958-03-22,0,Samantha,Philip,0,Smith,Smith,3,B00 3NU,WR8Y5WW,0,0
-20.018270801566477,9.416719160683692e-07,hospital_a,hospital_b,A0422,B0169,1999-03-14,1958-03-22,0,Barbara,Philip,0,Smith,Smith,3,BH9X 3XA,WR8Y5WW,0,0
-20.018270801566477,9.416719160683692e-07,hospital_a,hospital_b,A0431,B0169,2000-10-30,1958-03-22,0,Christian,Philip,0,Smith,Smith,3,DG8 6LB,WR8Y5WW,0,0
-20.018270801566477,9.416719160683692e-07,hospital_a,hospital_b,A0449,B0169,1989-05-18,1958-03-22,0,Robert,Philip,0,Smith,Smith,3,HX31 6EL,WR8Y5WW,0,0
-20.018270801566477,9.416719160683692e-07,hospital_a,hospital_b,A0686,B0169,1953-03-19,1958-03-22,0,Irnee,Philip,0,Smith,Smith,3,RH5 5WL,WR8Y5WW,0,0
-20.018270801566477,9.416719160683692e-07,hospital_a,hospital_b,A0716,B0169,1974-12-29,1958-03-22,0,Antony,Philip,0,Smith,Smith,3,IP73 0ZT,WR8Y5WW,0,0
-20.018270801566477,9.416719160683692e-07,hospital_a,hospital_b,A0738,B0169,1974-05-03,1958-03-22,0,eJffrey,Philip,0,Smith,Smith,3,B3 4NJ,WR8Y5WW,0,0
-20.018270801566477,9.416719160683692e-07,hospital_a,hospital_b,A0769,B0169,1962-06-20,1958-03-22,0,Rosemary,Philip,0,Smith,Smith,3,S70AZ,WR8Y5WW,0,0
-20.018270801566477,9.416719160683692e-07,hospital_a,hospital_b,A0014,B0082,2001-07-31,1977-01-30,0,Wedny,Gial,0,Smith,Smith,3,E6 0AP,CH3A 5SF,0,0
-20.018270801566477,9.416719160683692e-07,hospital_a,hospital_b,A0038,B0082,1963-03-29,1977-01-30,0,Amelia,Gial,0,Smith,Smith,3,BH57 6FU,CH3A 5SF,0,0
17.53402081439428,0.9999947309599222,hospital_a,hospital_b,A0083,B0082,1977-01-30,1977-01-30,1,Gail,Gial,2,Smith,Smith,3,CH3A 5SF,CH3A 5SF,1,0
-20.018270801566477,9.416719160683692e-07,hospital_a,hospital_b,A0086,B0082,1970-04-04,1977-01-30,0,Abbie,Gial,0,Smith,Smith,3,M84 1ZY,CH3A 5SF,0,0
-20.018270801566477,9.416719160683692e-07,hospital_a,hospital_b,A0102,B0082,2003-07-10,1977-01-30,0,Anrdew,Gial,0,Smith,Smith,3,S4C 5JR,CH3A 5SF,0,0
-20.018270801566477,9.416719160683692e-07,hospital_a,hospital_b,A0211,B0082,1938-03-01,1977-01-30,0,Aaron,Gial,0,Smith,Smith,3,LA8M 3YG,CH3A 5SF,0,0
-20.018270801566477,9.416719160683692e-07,hospital_a,hospital_b,A0224,B0082,1946-06-07,1977-01-30,0,Helen,Gial,0,Smith,Smith,3,PL5 8FH,CH3A 5SF,0,0
-20.018270801566477,9.416719160683692e-07,hospital_a,hospital_b,A0252,B0082,1980-03-27,1977-01-30,0,Ricky,Gial,0,Smith,Smith,3,WF4 1ZG,CH3A 5SF,0,0
-20.018270801566477,9.416719160683692e-07,hospital_a,hospital_b,A0266,B0082,1965-05-27,1977-01-30,0,Nigel,Gial,0,Smith,Smith,3,S319UB,CH3A 5SF,0,0
-20.018270801566477,9.416719160683692e-07,hospital_a,hospital_b,A0304,B0082,1942-03-28,1977-01-30,0,Jodie,Gial,0,Smith,Smith,3,B5 7QZ,CH3A 5SF,0,0
-20.018270801566477,9.416719160683692e-07,hospital_a,hospital_b,A0323,B0082,1994-05-09,1977-01-30,0,Thomas,Gial,0,Smith,Smith,3,GL81LQ,CH3A 5SF,0,0
-20.018270801566477,9.416719160683692e-07,hospital_a,hospital_b,A0349,B0082,1988-11-28,1977-01-30,0,Allan,Gial,0,Smith,Smith,3,TS6 6GA,CH3A 5SF,0,0
-20.018270801566477,9.416719160683692e-07,hospital_a,hospital_b,A0365,B0082,1942-03-14,1977-01-30,0,Ronald,Gial,0,Smith,Smith,3,RG6 5GP,CH3A 5SF,0,0
-20.018270801566477,9.416719160683692e-07,hospital_a,hospital_b,A0401,B0082,2000-08-17,1977-01-30,0,Samantha,Gial,0,Smith,Smith,3,B00 3NU,CH3A 5SF,0,0
-20.018270801566477,9.416719160683692e-07,hospital_a,hospital_b,A0422,B0082,1999-03-14,1977-01-30,0,Barbara,Gial,0,Smith,Smith,3,BH9X 3XA,CH3A 5SF,0,0
-20.018270801566477,9.416719160683692e-07,hospital_a,hospital_b,A0431,B0082,2000-10-30,1977-01-30,0,Christian,Gial,0,Smith,Smith,3,DG8 6LB,CH3A 5SF,0,0
-20.018270801566477,9.416719160683692e-07,hospital_a,hospital_b,A0449,B0082,1989-05-18,1977-01-30,0,Robert,Gial,0,Smith,Smith,3,HX31 6EL,CH3A 5SF,0,0
-20.018270801566477,9.416719160683692e-07,hospital_a,hospital_b,A0686,B0082,1953-03-19,1977-01-30,0,Irnee,Gial,0,Smith,Smith,3,RH5 5WL,CH3A 5SF,0,0
-20.018270801566477,9.416719160683692e-07,hospital_a,hospital_b,A0716,B0082,1974-12-29,1977-01-30,0,Antony,Gial,0,Smith,Smith,3,IP73 0ZT,CH3A 5SF,0,0
-20.018270801566477,9.416719160683692e-07,hospital_a,hospital_b,A0738,B0082,1974-05-03,1977-01-30,0,eJffrey,Gial,0,Smith,Smith,3,B3 4NJ,CH3A 5SF,0,0
-20.018270801566477,9.416719160683692e-07,hospital_a,hospital_b,A0769,B0082,1962-06-20,1977-01-30,0,Rosemary,Gial,0,Smith,Smith,3,S70AZ,CH3A 5SF,0,0
-20.018270801566477,9.416719160683692e-07,hospital_a,hospital_b,A0014,B0038,2001-07-31,1963-03-29,0,Wedny,Amelia,0,Smith,Smith,3,E6 0AP,BH57 6FU,0,0
22.986540461169,0.9999998796733648,hospital_a,hospital_b,A0038,B0038,1963-03-29,1963-03-29,1,Amelia,Amelia,3,Smith,Smith,3,BH57 6FU,BH57 6FU,1,0
-20.018270801566477,9.416719160683692e-07,hospital_a,hospital_b,A0083,B0038,1977-01-30,1963-03-29,0,Gail,Amelia,0,Smith,Smith,3,CH3A 5SF,BH57 6FU,0,0
-20.018270801566477,9.416719160683692e-07,hospital_a,hospital_b,A0086,B0038,1970-04-04,1963-03-29,0,Abbie,Amelia,0,Smith,Smith,3,M84 1ZY,BH57 6FU,0,0
-20.018270801566477,9.416719160683692e-07,hospital_a,hospital_b,A0102,B0038,2003-07-10,1963-03-29,0,Anrdew,Amelia,0,Smith,Smith,3,S4C 5JR,BH57 6FU,0,0
-20.018270801566477,9.416719160683692e-07,hospital_a,hospital_b,A0211,B0038,1938-03-01,1963-03-29,0,Aaron,Amelia,0,Smith,Smith,3,LA8M 3YG,BH57 6FU,0,0
-20.018270801566477,9.416719160683692e-07,hospital_a,hospital_b,A0224,B0038,1946-06-07,1963-03-29,0,Helen,Amelia,0,Smith,Smith,3,PL5 8FH,BH57 6FU,0,0
-20.018270801566477,9.416719160683692e-07,hospital_a,hospital_b,A0252,B0038,1980-03-27,1963-03-29,0,Ricky,Amelia,0,Smith,Smith,3,WF4 1ZG,BH57 6FU,0,0
-20.018270801566477,9.416719160683692e-07,hospital_a,hospital_b,A0266,B0038,1965-05-27,1963-03-29,0,Nigel,Amelia,0,Smith,Smith,3,S319UB,BH57 6FU,0,0
-20.018270801566477,9.416719160683692e-07,hospital_a,hospital_b,A0304,B0038,1942-03-28,1963-03-29,0,Jodie,Amelia,0,Smith,Smith,3,B5 7QZ,BH57 6FU,0,0
-20.018270801566477,9.416719160683692e-07,hospital_a,hospital_b,A0323,B0038,1994-05-09,1963-03-29,0,Thomas,Amelia,0,Smith,Smith,3,GL81LQ,BH57 6FU,0,0
-14.44359436615754,4.487715947894868e-05,hospital_a,hospital_b,A0349,B0038,1988-11-28,1963-03-29,0,Allan,Amelia,1,Smith,Smith,3,TS6 6GA,BH57 6FU,0,0
-20.018270801566477,9.416719160683692e-07,hospital_a,hospital_b,A0365,B0038,1942-03-14,1963-03-29,0,Ronald,Amelia,0,Smith,Smith,3,RG6 5GP,BH57 6FU,0,0
-20.018270801566477,9.416719160683692e-07,hospital_a,hospital_b,A0401,B0038,2000-08-17,1963-03-29,0,Samantha,Amelia,0,Smith,Smith,3,B00 3NU,BH57 6FU,0,0
-20.018270801566477,9.416719160683692e-07,hospital_a,hospital_b,A0422,B0038,1999-03-14,1963-03-29,0,Barbara,Amelia,0,Smith,Smith,3,BH9X 3XA,BH57 6FU,0,0
-20.018270801566477,9.416719160683692e-07,hospital_a,hospital_b,A0431,B0038,2000-10-30,1963-03-29,0,Christian,Amelia,0,Smith,Smith,3,DG8 6LB,BH57 6FU,0,0
-20.018270801566477,9.416719160683692e-07,hospital_a,hospital_b,A0449,B0038,1989-05-18,1963-03-29,0,Robert,Amelia,0,Smith,Smith,3,HX31 6EL,BH57 6FU,0,0
-20.018270801566477,9.416719160683692e-07,hospital_a,hospital_b,A0686,B0038,1953-03-19,1963-03-29,0,Irnee,Amelia,0,Smith,Smith,3,RH5 5WL,BH57 6FU,0,0
-20.018270801566477,9.416719160683692e-07,hospital_a,hospital_b,A0716,B0038,1974-12-29,1963-03-29,0,Antony,Amelia,0,Smith,Smith,3,IP73 0ZT,BH57 6FU,0,0
-20.018270801566477,9.416719160683692e-07,hospital_a,hospital_b,A0738,B0038,1974-05-03,1963-03-29,0,eJffrey,Amelia,0,Smith,Smith,3,B3 4NJ,BH57 6FU,0,0
-20.018270801566477,9.416719160683692e-07,hospital_a,hospital_b,A0769,B0038,1962-06-20,1963-03-29,0,Rosemary,Amelia,0,Smith,Smith,3,S70AZ,BH57 6FU,0,0
-20.018270801566477,9.416719160683692e-07,hospital_a,hospital_b,A0014,B0024,2001-07-31,1962-03-19,0,Wedny,Beth,0,Smith,Smith,3,E6 0AP,E2E 9AN,0,0
-20.018270801566477,9.416719160683692e-07,hospital_a,hospital_b,A0038,B0024,1963-03-29,1962-03-19,0,Amelia,Beth,0,Smith,Smith,3,BH57 6FU,E2E 9AN,0,0
-20.018270801566477,9.416719160683692e-07,hospital_a,hospital_b,A0083,B0024,1977-01-30,1962-03-19,0,Gail,Beth,0,Smith,Smith,3,CH3A 5SF,E2E 9AN,0,0
-20.018270801566477,9.416719160683692e-07,hospital_a,hospital_b,A0086,B0024,1970-04-04,1962-03-19,0,Abbie,Beth,0,Smith,Smith,3,M84 1ZY,E2E 9AN,0,0
-20.018270801566477,9.416719160683692e-07,hospital_a,hospital_b,A0102,B0024,2003-07-10,1962-03-19,0,Anrdew,Beth,0,Smith,Smith,3,S4C 5JR,E2E 9AN,0,0
-20.018270801566477,9.416719160683692e-07,hospital_a,hospital_b,A0211,B0024,1938-03-01,1962-03-19,0,Aaron,Beth,0,Smith,Smith,3,LA8M 3YG,E2E 9AN,0,0
-20.018270801566477,9.416719160683692e-07,hospital_a,hospital_b,A0224,B0024,1946-06-07,1962-03-19,0,Helen,Beth,0,Smith,Smith,3,PL5 8FH,E2E 9AN,0,0
-20.018270801566477,9.416719160683692e-07,hospital_a,hospital_b,A0252,B0024,1980-03-27,1962-03-19,0,Ricky,Beth,0,Smith,Smith,3,WF4 1ZG,E2E 9AN,0,0
-20.018270801566477,9.416719160683692e-07,hospital_a,hospital_b,A0266,B0024,1965-05-27,1962-03-19,0,Nigel,Beth,0,Smith,Smith,3,S319UB,E2E 9AN,0,0
-20.018270801566477,9.416719160683692e-07,hospital_a,hospital_b,A0304,B0024,1942-03-28,1962-03-19,0,Jodie,Beth,0,Smith,Smith,3,B5 7QZ,E2E 9AN,0,0
-20.018270801566477,9.416719160683692e-07,hospital_a,hospital_b,A0323,B0024,1994-05-09,1962-03-19,0,Thomas,Beth,0,Smith,Smith,3,GL81LQ,E2E 9AN,0,0
-20.018270801566477,9.416719160683692e-07,hospital_a,hospital_b,A0349,B0024,1988-11-28,1962-03-19,0,Allan,Beth,0,Smith,Smith,3,TS6 6GA,E2E 9AN,0,0
-20.018270801566477,9.416719160683692e-07,hospital_a,hospital_b,A0365,B0024,1942-03-14,1962-03-19,0,Ronald,Beth,0,Smith,Smith,3,RG6 5GP,E2E 9AN,0,0
-20.018270801566477,9.416719160683692e-07,hospital_a,hospital_b,A0401,B0024,2000-08-17,1962-03-19,0,Samantha,Beth,0,Smith,Smith,3,B00 3NU,E2E 9AN,0,0
-20.018270801566477,9.416719160683692e-07,hospital_a,hospital_b,A0422,B0024,1999-03-14,1962-03-19,0,Barbara,Beth,0,Smith,Smith,3,BH9X 3XA,E2E 9AN,0,0
-20.018270801566477,9.416719160683692e-07,hospital_a,hospital_b,A0431,B0024,2000-10-30,1962-03-19,0,Christian,Beth,0,Smith,Smith,3,DG8 6LB,E2E 9AN,0,0
-20.018270801566477,9.416719160683692e-07,hospital_a,hospital_b,A0449,B0024,1989-05-18,1962-03-19,0,Robert,Beth,0,Smith,Smith,3,HX31 6EL,E2E 9AN,0,0
-20.018270801566477,9.416719160683692e-07,hospital_a,hospital_b,A0686,B0024,1953-03-19,1962-03-19,0,Irnee,Beth,0,Smith,Smith,3,RH5 5WL,E2E 9AN,0,0
-20.018270801566477,9.416719160683692e-07,hospital_a,hospital_b,A0716,B0024,1974-12-29,1962-03-19,0,Antony,Beth,0,Smith,Smith,3,IP73 0ZT,E2E 9AN,0,0
-20.018270801566477,9.416719160683692e-07,hospital_a,hospital_b,A0738,B0024,1974-05-03,1962-03-19,0,eJffrey,Beth,0,Smith,Smith,3,B3 4NJ,E2E 9AN,0,0
-20.018270801566477,9.416719160683692e-07,hospital_a,hospital_b,A0769,B0024,1962-06-20,1962-03-19,0,Rosemary,Beth,0,Smith,Smith,3,S70AZ,E2E 9AN,0,0
